{
"__comment": "Designed by Hunajameloni with BDcraft Cubik PRO 0.93 Beta - http://bdcraft.net",
"textures": {
    "particle": "blocks/log_big_oak",
    "texture": "blocks/log_big_oak",
    "wood_hoe": "jhsy/default/iron",
    "log_oak_top": "blocks/log_big_oak_top",
    "log_spruce_top": "blocks/log_big_oak_top"
},
"elements": [ 
{
    "from": [ 7.25, 2.5, 7.5 ],
    "to": [ 7.75, 7, 8.5 ],
    "faces": {
        "down":  { "uv": [ 1, 1, 15, 15 ], "texture": "#texture" },
        "up":    { "uv": [ 1, 1, 15, 15 ], "texture": "#texture" },
        "north": { "uv": [ 1, 1, 15, 15 ], "texture": "#texture" },
        "south": { "uv": [ 1, 1, 15, 15 ], "texture": "#texture" },
        "west":  { "uv": [ 1, 1, 15, 15 ], "texture": "#texture" },
        "east":  { "uv": [ 1, 1, 15, 15 ], "texture": "#texture" }
    }
},
{
    "from": [ 7, 3, 7.5 ],
    "to": [ 7.25, 7, 8.5 ],
    "faces": {
        "down":  { "uv": [ 6, 10.5, 5.5, 9.5 ], "texture": "#texture" },
        "up":    { "uv": [ 6, 10.5, 5.5, 9.5 ], "texture": "#texture" },
        "north": { "uv": [ 1, 1, 15, 15 ], "texture": "#texture" },
        "south": { "uv": [ 1, 1, 15, 15 ], "texture": "#texture" },
        "west":  { "uv": [ 1, 1, 15, 15 ], "texture": "#texture" },
        "east":  { "uv": [ 1, 1, 15, 15 ], "texture": "#texture" }
    }
},
{
    "from": [ 7.75, 2.25, 7.75 ],
    "to": [ 8, 7, 8.25 ],
    "faces": {
        "down":  { "uv": [ 1, 1, 15, 15 ], "texture": "#texture" },
        "up":    { "uv": [ 1, 1, 15, 15 ], "texture": "#texture" },
        "north": { "uv": [ 1, 1, 15, 15 ], "texture": "#texture" },
        "south": { "uv": [ 1, 1, 15, 15 ], "texture": "#texture" },
        "west":  { "uv": [ 1, 1, 15, 15 ], "texture": "#texture" },
        "east":  { "uv": [ 1, 1, 15, 15 ], "texture": "#texture" }
    }
},
{
    "from": [ 6.75, 3.75, 7.75 ],
    "to": [ 7, 7, 8.25 ],
    "faces": {
        "down":  { "uv": [ 1, 1, 15, 15 ], "texture": "#texture" },
        "up":    { "uv": [ 1, 1, 15, 15 ], "texture": "#texture" },
        "north": { "uv": [ 1, 1, 15, 15 ], "texture": "#texture" },
        "south": { "uv": [ 1, 1, 15, 15 ], "texture": "#texture" },
        "west":  { "uv": [ 1, 1, 15, 15 ], "texture": "#texture" },
        "east":  { "uv": [ 1, 1, 15, 15 ], "texture": "#texture" }
    }
},
{
    "from": [ 7, 8.5, 7.75 ],
    "to": [ 8, 15.75, 8.25 ],
    "faces": {
        "down":  { "uv": [ 0, 0, 16, 16 ], "texture": "#wood_hoe" },
        "up":    { "uv": [ 0, 0, 16, 16 ], "texture": "#wood_hoe" },
        "north": { "uv": [ 0, 0, 16, 16 ], "rotation": 180, "texture": "#wood_hoe" },
        "south": { "uv": [ 0, 0, 16, 16 ], "texture": "#wood_hoe" },
        "west":  { "uv": [ 0, 0, 16, 16 ], "texture": "#wood_hoe" },
        "east":  { "uv": [ 0, 0, 16, 16 ], "texture": "#wood_hoe" }
    }
},
{
    "from": [ 6.75, 8.5, 7.875 ],
    "to": [ 7, 15.75, 8.125 ],
    "faces": {
        "down":  { "uv": [ 7.75, 6.75, 8.75, 7.25 ], "texture": "#wood_hoe" },
        "up":    { "uv": [ 7.75, 6.75, 8.75, 7.25 ], "texture": "#wood_hoe" },
        "north": { "uv": [ 7.75, 6.75, 8.5, 7 ], "texture": "#wood_hoe" },
        "south": { "uv": [ 8.5, 6.75, 7.75, 7 ], "texture": "#wood_hoe" },
        "west":  { "uv": [ 7.75, 6.75, 8.5, 7 ], "texture": "#wood_hoe" },
        "east":  { "uv": [ 7.75, 6.75, 8.5, 7 ], "texture": "#wood_hoe" }
    }
},
{
    "from": [ 7.25, 7, 7.25 ],
    "to": [ 7.75, 7.25, 8.75 ],
    "faces": {
        "down":  { "uv": [ 6, 10.5, 5.5, 9.5 ], "texture": "#texture" },
        "up":    { "uv": [ 6, 10.5, 5.5, 9.5 ], "texture": "#texture" },
        "north": { "uv": [ 5.75, 9.5, 6.5, 10.5 ], "texture": "#texture" },
        "south": { "uv": [ 5.75, 9.5, 6.5, 10.5 ], "texture": "#texture" },
        "west":  { "uv": [ 6, 9, 7, 10.25 ], "texture": "#texture" },
        "east":  { "uv": [ 6, 9, 7, 10.25 ], "texture": "#texture" }
    }
},
{
    "from": [ 6.75, 7, 7.375 ],
    "to": [ 8, 8.5, 8.625 ],
    "faces": {
        "down":  { "uv": [ 0, 0, 16, 16 ], "texture": "#texture" },
        "up":    { "uv": [ 0, 0, 16, 16 ], "texture": "#log_spruce_top" },
        "north": { "uv": [ 1, 1, 15, 15 ], "texture": "#texture" },
        "south": { "uv": [ 1, 1, 15, 15 ], "texture": "#texture" },
        "west":  { "uv": [ 1.25, 1, 14.5, 14.75 ], "texture": "#texture" },
        "east":  { "uv": [ 1.25, 1, 14.5, 14.75 ], "texture": "#texture" }
    }
},
{
    "from": [ 6.25, 8.25, 7.75 ],
    "to": [ 6.75, 8.5, 8.25 ],
    "faces": {
        "down":  { "uv": [ 2.5, 2.5, 14.5, 14.25 ], "texture": "#texture" },
        "up":    { "uv": [ 2, 2.5, 16, 15.5 ], "texture": "#texture" },
        "north": { "uv": [ 1.5, 1, 14.25, 14.5 ], "texture": "#texture" },
        "south": { "uv": [ 1.5, 1, 14.25, 14.5 ], "texture": "#texture" },
        "west":  { "uv": [ 1.75, 1.25, 14.25, 14.75 ], "texture": "#texture" },
        "east":  { "uv": [ 1.75, 1.25, 14.25, 14.75 ], "texture": "#texture" }
    }
},
{
    "from": [ 5.25, 7.25, 7.5 ],
    "to": [ 9.5, 8.25, 8.5 ],
    "faces": {
        "down":  { "uv": [ 0, 16, 15.75, 0 ], "texture": "#particle" },
        "up":    { "uv": [ 0, 16, 15.75, 0 ], "texture": "#particle" },
        "north": { "uv": [ 0, 16, 16, 0 ], "texture": "#particle" },
        "south": { "uv": [ 0, 16, 16, 0 ], "texture": "#particle" },
        "west":  { "uv": [ 0, 16, 16, 0 ], "texture": "#log_oak_top" },
        "east":  { "uv": [ 0, 16, 16, 0 ], "texture": "#log_oak_top" }
    }
},
{
    "from": [ 6.25, 7, 7.75 ],
    "to": [ 8.5, 7.25, 8.25 ],
    "faces": {
        "down":  { "uv": [ 2.5, 2.5, 14.5, 14.25 ], "texture": "#texture" },
        "up":    { "uv": [ 2, 2.5, 16, 15.5 ], "texture": "#texture" },
        "north": { "uv": [ 1.5, 1, 14.25, 14.5 ], "texture": "#texture" },
        "south": { "uv": [ 1.5, 1, 14.25, 14.5 ], "texture": "#texture" },
        "west":  { "uv": [ 1.75, 1.25, 14.25, 14.75 ], "texture": "#texture" },
        "east":  { "uv": [ 1.75, 1.25, 14.25, 14.75 ], "texture": "#texture" }
    }
},
{
    "from": [ 8, 8.25, 7.75 ],
    "to": [ 8.5, 8.5, 8.25 ],
    "faces": {
        "down":  { "uv": [ 2.5, 2.5, 14.5, 14.25 ], "texture": "#texture" },
        "up":    { "uv": [ 2, 2.5, 16, 15.5 ], "texture": "#texture" },
        "north": { "uv": [ 1.5, 1, 14.25, 14.5 ], "texture": "#texture" },
        "south": { "uv": [ 1.5, 1, 14.25, 14.5 ], "texture": "#texture" },
        "west":  { "uv": [ 1.75, 1.25, 14.25, 14.75 ], "texture": "#texture" },
        "east":  { "uv": [ 1.75, 1.25, 14.25, 14.75 ], "texture": "#texture" }
    }
},
{
    "from": [ 7, 15.75, 7.875 ],
    "to": [ 8, 16.25, 8.125 ],
    "faces": {
        "down":  { "uv": [ 0, 0, 16, 16 ], "texture": "#wood_hoe" },
        "up":    { "uv": [ 0, 0, 16, 16 ], "texture": "#wood_hoe" },
        "north": { "uv": [ 0, 0, 16, 16 ], "rotation": 180, "texture": "#wood_hoe" },
        "south": { "uv": [ 0, 0, 16, 16 ], "texture": "#wood_hoe" },
        "west":  { "uv": [ 0, 0, 16, 16 ], "texture": "#wood_hoe" },
        "east":  { "uv": [ 0, 0, 16, 16 ], "texture": "#wood_hoe" }
    }
},
{
    "from": [ 7.5, 16.25, 7.875 ],
    "to": [ 7.75, 17, 8.125 ],
    "faces": {
        "down":  { "uv": [ 0, 0, 16, 16 ], "texture": "#wood_hoe" },
        "up":    { "uv": [ 0, 0, 16, 16 ], "texture": "#wood_hoe" },
        "north": { "uv": [ 0, 0, 16, 16 ], "rotation": 180, "texture": "#wood_hoe" },
        "south": { "uv": [ 0, 0, 16, 16 ], "texture": "#wood_hoe" },
        "west":  { "uv": [ 0, 0, 16, 16 ], "texture": "#wood_hoe" },
        "east":  { "uv": [ 0, 0, 16, 16 ], "texture": "#wood_hoe" }
    }
},
{
    "from": [ 7.25, 16.25, 7.875 ],
    "to": [ 7.5, 16.75, 8.125 ],
    "faces": {
        "down":  { "uv": [ 0, 0, 16, 16 ], "texture": "#wood_hoe" },
        "up":    { "uv": [ 0, 0, 16, 16 ], "texture": "#wood_hoe" },
        "north": { "uv": [ 0, 0, 16, 16 ], "rotation": 180, "texture": "#wood_hoe" },
        "south": { "uv": [ 0, 0, 16, 16 ], "texture": "#wood_hoe" },
        "west":  { "uv": [ 0, 0, 16, 16 ], "texture": "#wood_hoe" },
        "east":  { "uv": [ 0, 0, 16, 16 ], "texture": "#wood_hoe" }
    }
},
{
    "from": [ 7.75, 16.25, 7.875 ],
    "to": [ 8, 17.25, 8.125 ],
    "faces": {
        "down":  { "uv": [ 0, 0, 16, 16 ], "texture": "#wood_hoe" },
        "up":    { "uv": [ 0, 0, 16, 16 ], "texture": "#wood_hoe" },
        "north": { "uv": [ 0, 0, 16, 16 ], "rotation": 180, "texture": "#wood_hoe" },
        "south": { "uv": [ 0, 0, 16, 16 ], "texture": "#wood_hoe" },
        "west":  { "uv": [ 0, 0, 16, 16 ], "texture": "#wood_hoe" },
        "east":  { "uv": [ 0, 0, 16, 16 ], "texture": "#wood_hoe" }
    }
},
{
    "from": [ 7.75, 15.75, 7.75 ],
    "to": [ 8, 17, 8.25 ],
    "faces": {
        "down":  { "uv": [ 0, 0, 16, 16 ], "texture": "#wood_hoe" },
        "up":    { "uv": [ 0, 0, 16, 16 ], "texture": "#wood_hoe" },
        "north": { "uv": [ 0, 0, 16, 16 ], "rotation": 180, "texture": "#wood_hoe" },
        "south": { "uv": [ 0, 0, 16, 16 ], "texture": "#wood_hoe" },
        "west":  { "uv": [ 0, 0, 16, 16 ], "texture": "#wood_hoe" },
        "east":  { "uv": [ 0, 0, 16, 16 ], "texture": "#wood_hoe" }
    }
},
{
    "from": [ 7.5, 15.5, 7.75 ],
    "to": [ 7.75, 16.75, 8.25 ],
    "faces": {
        "down":  { "uv": [ 0, 0, 16, 16 ], "texture": "#wood_hoe" },
        "up":    { "uv": [ 0, 0, 16, 16 ], "texture": "#wood_hoe" },
        "north": { "uv": [ 0, 0, 16, 16 ], "rotation": 180, "texture": "#wood_hoe" },
        "south": { "uv": [ 0, 0, 16, 16 ], "texture": "#wood_hoe" },
        "west":  { "uv": [ 0, 0, 16, 16 ], "texture": "#wood_hoe" },
        "east":  { "uv": [ 0, 0, 16, 16 ], "texture": "#wood_hoe" }
    }
},
{
    "from": [ 7.25, 15.25, 7.75 ],
    "to": [ 7.5, 16.5, 8.25 ],
    "faces": {
        "down":  { "uv": [ 0, 0, 16, 16 ], "texture": "#wood_hoe" },
        "up":    { "uv": [ 0, 0, 16, 16 ], "texture": "#wood_hoe" },
        "north": { "uv": [ 0, 0, 16, 16 ], "rotation": 180, "texture": "#wood_hoe" },
        "south": { "uv": [ 0, 0, 16, 16 ], "texture": "#wood_hoe" },
        "west":  { "uv": [ 0, 0, 16, 16 ], "texture": "#wood_hoe" },
        "east":  { "uv": [ 0, 0, 16, 16 ], "texture": "#wood_hoe" }
    }
},
{
    "from": [ 7, 14.75, 7.75 ],
    "to": [ 7.25, 16, 8.25 ],
    "faces": {
        "down":  { "uv": [ 0, 0, 16, 16 ], "texture": "#wood_hoe" },
        "up":    { "uv": [ 0, 0, 16, 16 ], "texture": "#wood_hoe" },
        "north": { "uv": [ 0, 0, 16, 16 ], "rotation": 180, "texture": "#wood_hoe" },
        "south": { "uv": [ 0, 0, 16, 16 ], "texture": "#wood_hoe" },
        "west":  { "uv": [ 0, 0, 16, 16 ], "texture": "#wood_hoe" },
        "east":  { "uv": [ 0, 0, 16, 16 ], "texture": "#wood_hoe" }
    }
},
{
    "from": [ 8, 8.5, 7.875 ],
    "to": [ 8.125, 17.25, 8.125 ],
    "faces": {
        "down":  { "uv": [ 0, 0, 16, 16 ], "texture": "#wood_hoe" },
        "up":    { "uv": [ 0, 0, 16, 16 ], "texture": "#wood_hoe" },
        "north": { "uv": [ 0, 0, 16, 16 ], "rotation": 180, "texture": "#wood_hoe" },
        "south": { "uv": [ 0, 0, 16, 16 ], "texture": "#wood_hoe" },
        "west":  { "uv": [ 0, 0, 16, 16 ], "texture": "#wood_hoe" },
        "east":  { "uv": [ 0, 0, 16, 16 ], "texture": "#wood_hoe" }
    }
}
],
"display": {
    "thirdperson_righthand": {
        "rotation": [ 89, -91, 85 ],
        "translation": [ -0.38, 2.46, 2.46 ],
        "scale": [ 1.64, 1.89, 1.95 ]
    },
    "thirdperson_lefthand": {
        "rotation": [ 96, 88, -91 ],
        "translation": [ 0.19, 1.89, 2.65 ],
        "scale": [ 1.64, 1.89, 1.95 ]
    },
    "ground": {
        "rotation": [ 7, 78, 48 ],
        "translation": [ 0, 1.7, 0 ],
        "scale": [ 1, 1, 1 ]
    },
    "fixed": {
        "rotation": [ 0, 1, 41 ],
        "translation": [ 1.8, -1.9, -0.2 ],
        "scale": [ 1.5, 1.5, 1.5 ]
    },
    "firstperson_righthand": {
        "rotation": [ 16, -92, 16 ],
        "translation": [ 0, 0.57, 2 ],
        "scale": [ 1.4, 1.64, 1.4 ]
    },
    "firstperson_lefthand": {
        "rotation": [ -1, 84, 1 ],
        "translation": [ -0.94, 1.13, 2.83 ],
        "scale": [ 1.4, 1.64, 1.4 ]
    },
    "gui": {
        "rotation": [ -7, 145, 47 ],
        "translation": [ -0.9, -1.7, 1.4 ],
        "scale": [ 1.26, 1.32, 1.17 ]
    }
}
}