{
"__comment": "Designed by Flashtt with BDcraft Cubik PRO 0.96 Beta - http://bdcraft.net",
"textures": {
    "glass_brown": "blocks/glass_white",
    "glass_black": "blocks/wool_colored_black",
    "glass_red": "blocks/wool_colored_white",
    "guang": "blocks/wool_colored_red"
},
"elements": [ 
{
    "__comment": "dizuo",
    "from": [ 7, 2.5, 7.5 ],
    "to": [ 9, 4.5, 9.5 ],
    "faces": {
        "down":  { "uv": [ 9, 9.5, 7, 7.5 ], "texture": "#glass_red" },
        "up":    { "uv": [ 7, 7.5, 9, 9.5 ], "texture": "#glass_red" },
        "north": { "uv": [ 7, 11.5, 9, 13.5 ], "texture": "#glass_red" },
        "south": { "uv": [ 7, 11.5, 9, 13.5 ], "texture": "#glass_red" },
        "west":  { "uv": [ 7.5, 11.5, 9.5, 13.5 ], "texture": "#glass_red" },
        "east":  { "uv": [ 6.5, 11.5, 8.5, 13.5 ], "texture": "#glass_red" }
    }
},
{
    "__comment": "jian",
    "from": [ 7.5, 10.5, 8 ],
    "to": [ 8.5, 11.5, 9 ],
    "faces": {
        "down":  { "uv": [ 8.5, 9, 7.5, 8 ], "texture": "#guang" },
        "up":    { "uv": [ 7.5, 8, 8.5, 9 ], "texture": "#guang" },
        "north": { "uv": [ 7.5, 4.5, 8.5, 5.5 ], "texture": "#guang" },
        "south": { "uv": [ 7.5, 4.5, 8.5, 5.5 ], "texture": "#guang" },
        "west":  { "uv": [ 8, 4.5, 9, 5.5 ], "texture": "#guang" },
        "east":  { "uv": [ 7, 4.5, 8, 5.5 ], "texture": "#guang" }
    }
},
{
    "from": [ 7, -3, 7.5 ],
    "to": [ 9, -1, 9.5 ],
    "faces": {
        "down":  { "uv": [ 9, 9.5, 7, 7.5 ], "texture": "#glass_red" },
        "up":    { "uv": [ 7, 7.5, 9, 9.5 ], "texture": "#glass_red" },
        "north": { "uv": [ 7, 16, 9, 16 ], "texture": "#glass_red" },
        "south": { "uv": [ 7, 16, 9, 16 ], "texture": "#glass_red" },
        "west":  { "uv": [ 7.5, 16, 9.5, 16 ], "texture": "#glass_red" },
        "east":  { "uv": [ 6.5, 16, 8.5, 16 ], "texture": "#glass_red" }
    }
},
{
    "from": [ 7.5, 3.5, 7.5 ],
    "to": [ 8.5, 4.5, 8.5 ],
    "faces": {
        "down":  { "uv": [ 8.5, 8.5, 7.5, 7.5 ], "texture": "#glass_black" },
        "up":    { "uv": [ 7.5, 7.5, 8.5, 8.5 ], "texture": "#glass_black" },
        "north": { "uv": [ 7.5, 11.5, 8.5, 12.5 ], "texture": "#glass_black" },
        "south": { "uv": [ 7.5, 11.5, 8.5, 12.5 ], "texture": "#glass_black" },
        "west":  { "uv": [ 7.5, 11.5, 8.5, 12.5 ], "texture": "#glass_black" },
        "east":  { "uv": [ 7.5, 11.5, 8.5, 12.5 ], "texture": "#glass_black" }
    }
},
{
    "from": [ 6.5, 4, 7 ],
    "to": [ 7.5, 5, 8 ],
    "faces": {
        "down":  { "uv": [ 9.5, 8, 8.5, 7 ], "texture": "#glass_red" },
        "up":    { "uv": [ 6.5, 7, 7.5, 8 ], "texture": "#glass_red" },
        "north": { "uv": [ 8.5, 11, 9.5, 12 ], "texture": "#glass_red" },
        "south": { "uv": [ 6.5, 11, 7.5, 12 ], "texture": "#glass_red" },
        "west":  { "uv": [ 7, 11, 8, 12 ], "texture": "#glass_red" },
        "east":  { "uv": [ 8, 11, 9, 12 ], "texture": "#glass_red" }
    }
},
{
    "from": [ 7.5, 0, 8 ],
    "to": [ 8.5, 1, 9 ],
    "faces": {
        "down":  { "uv": [ 8.5, 9, 7.5, 8 ], "texture": "#glass_black" },
        "up":    { "uv": [ 7.5, 8, 8.5, 9 ], "texture": "#glass_black" },
        "north": { "uv": [ 7.5, 15, 8.5, 16 ], "texture": "#glass_black" },
        "south": { "uv": [ 7.5, 15, 8.5, 16 ], "texture": "#glass_black" },
        "west":  { "uv": [ 8, 15, 9, 16 ], "texture": "#glass_black" },
        "east":  { "uv": [ 7, 15, 8, 16 ], "texture": "#glass_black" }
    }
},
{
    "__comment": "dizuo",
    "from": [ 8.5, 4, 9 ],
    "to": [ 9.5, 5, 10 ],
    "faces": {
        "down":  { "uv": [ 7.5, 10, 6.5, 9 ], "texture": "#glass_red" },
        "up":    { "uv": [ 8.5, 9, 9.5, 10 ], "texture": "#glass_red" },
        "north": { "uv": [ 6.5, 11, 7.5, 12 ], "texture": "#glass_red" },
        "south": { "uv": [ 8.5, 11, 9.5, 12 ], "texture": "#glass_red" },
        "west":  { "uv": [ 9, 11, 10, 12 ], "texture": "#glass_red" },
        "east":  { "uv": [ 6, 11, 7, 12 ], "texture": "#glass_red" }
    }
},
{
    "from": [ 7.5, 2, 8 ],
    "to": [ 8.5, 3, 9 ],
    "faces": {
        "down":  { "uv": [ 8.5, 9, 7.5, 8 ], "texture": "#glass_red" },
        "up":    { "uv": [ 7.5, 8, 8.5, 9 ], "texture": "#glass_red" },
        "north": { "uv": [ 7.5, 13, 8.5, 14 ], "texture": "#glass_red" },
        "south": { "uv": [ 7.5, 13, 8.5, 14 ], "texture": "#glass_red" },
        "west":  { "uv": [ 8, 13, 9, 14 ], "texture": "#glass_red" },
        "east":  { "uv": [ 7, 13, 8, 14 ], "texture": "#glass_red" }
    }
},
{
    "from": [ 7.5, 3, 8 ],
    "to": [ 8.5, 4, 9 ],
    "faces": {
        "down":  { "uv": [ 8.5, 9, 7.5, 8 ], "texture": "#guang" },
        "up":    { "uv": [ 7.5, 8, 8.5, 9 ], "texture": "#guang" },
        "north": { "uv": [ 7.5, 12, 8.5, 13 ], "texture": "#guang" },
        "south": { "uv": [ 7.5, 12, 8.5, 13 ], "texture": "#guang" },
        "west":  { "uv": [ 8, 12, 9, 13 ], "texture": "#guang" },
        "east":  { "uv": [ 7, 12, 8, 13 ], "texture": "#guang" }
    }
},
{
    "from": [ 6.5, -1.5, 9 ],
    "to": [ 7.5, -0.5, 10 ],
    "faces": {
        "down":  { "uv": [ 9.5, 10, 8.5, 9 ], "texture": "#glass_black" },
        "up":    { "uv": [ 6.5, 9, 7.5, 10 ], "texture": "#glass_black" },
        "north": { "uv": [ 8.5, 16, 9.5, 16 ], "texture": "#glass_black" },
        "south": { "uv": [ 6.5, 16, 7.5, 16 ], "texture": "#glass_black" },
        "west":  { "uv": [ 9, 16, 10, 16 ], "texture": "#glass_black" },
        "east":  { "uv": [ 6, 16, 7, 16 ], "texture": "#glass_black" }
    }
},
{
    "from": [ 8.5, -1.5, 9 ],
    "to": [ 9.5, -0.5, 10 ],
    "faces": {
        "down":  { "uv": [ 7.5, 10, 6.5, 9 ], "texture": "#glass_black" },
        "up":    { "uv": [ 8.5, 9, 9.5, 10 ], "texture": "#glass_black" },
        "north": { "uv": [ 6.5, 16, 7.5, 16 ], "texture": "#glass_black" },
        "south": { "uv": [ 8.5, 16, 9.5, 16 ], "texture": "#glass_black" },
        "west":  { "uv": [ 9, 16, 10, 16 ], "texture": "#glass_black" },
        "east":  { "uv": [ 6, 16, 7, 16 ], "texture": "#glass_black" }
    }
},
{
    "from": [ 8.5, -1.5, 7 ],
    "to": [ 9.5, -0.5, 8 ],
    "faces": {
        "down":  { "uv": [ 7.5, 8, 6.5, 7 ], "texture": "#glass_black" },
        "up":    { "uv": [ 8.5, 7, 9.5, 8 ], "texture": "#glass_black" },
        "north": { "uv": [ 6.5, 16, 7.5, 16 ], "texture": "#glass_black" },
        "south": { "uv": [ 8.5, 16, 9.5, 16 ], "texture": "#glass_black" },
        "west":  { "uv": [ 7, 16, 8, 16 ], "texture": "#glass_black" },
        "east":  { "uv": [ 8, 16, 9, 16 ], "texture": "#glass_black" }
    }
},
{
    "from": [ 6.5, -1.5, 7 ],
    "to": [ 7.5, -0.5, 8 ],
    "faces": {
        "down":  { "uv": [ 9.5, 8, 8.5, 7 ], "texture": "#glass_black" },
        "up":    { "uv": [ 6.5, 7, 7.5, 8 ], "texture": "#glass_black" },
        "north": { "uv": [ 8.5, 16, 9.5, 16 ], "texture": "#glass_black" },
        "south": { "uv": [ 6.5, 16, 7.5, 16 ], "texture": "#glass_black" },
        "west":  { "uv": [ 7, 16, 8, 16 ], "texture": "#glass_black" },
        "east":  { "uv": [ 8, 16, 9, 16 ], "texture": "#glass_black" }
    }
},
{
    "from": [ 7.5, -1, 8 ],
    "to": [ 8.5, 0, 9 ],
    "faces": {
        "down":  { "uv": [ 8.5, 9, 7.5, 8 ], "texture": "#glass_black" },
        "up":    { "uv": [ 7.5, 8, 8.5, 9 ], "texture": "#glass_black" },
        "north": { "uv": [ 7.5, 16, 8.5, 16 ], "texture": "#glass_black" },
        "south": { "uv": [ 7.5, 16, 8.5, 16 ], "texture": "#glass_black" },
        "west":  { "uv": [ 8, 16, 9, 16 ], "texture": "#glass_black" },
        "east":  { "uv": [ 7, 16, 8, 16 ], "texture": "#glass_black" }
    }
},
{
    "from": [ 7.5, 7.5, 8 ],
    "to": [ 8.5, 8.5, 9 ],
    "faces": {
        "down":  { "uv": [ 8.5, 9, 7.5, 8 ], "texture": "#guang" },
        "up":    { "uv": [ 7.5, 8, 8.5, 9 ], "texture": "#guang" },
        "north": { "uv": [ 7.5, 7.5, 8.5, 8.5 ], "texture": "#guang" },
        "south": { "uv": [ 7.5, 7.5, 8.5, 8.5 ], "texture": "#guang" },
        "west":  { "uv": [ 8, 7.5, 9, 8.5 ], "texture": "#guang" },
        "east":  { "uv": [ 7, 7.5, 8, 8.5 ], "texture": "#guang" }
    }
},
{
    "from": [ 8.5, 4, 7 ],
    "to": [ 9.5, 5, 8 ],
    "faces": {
        "down":  { "uv": [ 7.5, 8, 6.5, 7 ], "texture": "#glass_red" },
        "up":    { "uv": [ 8.5, 7, 9.5, 8 ], "texture": "#glass_red" },
        "north": { "uv": [ 6.5, 11, 7.5, 12 ], "texture": "#glass_red" },
        "south": { "uv": [ 8.5, 11, 9.5, 12 ], "texture": "#glass_red" },
        "west":  { "uv": [ 7, 11, 8, 12 ], "texture": "#glass_red" },
        "east":  { "uv": [ 8, 11, 9, 12 ], "texture": "#glass_red" }
    }
},
{
    "from": [ 6.5, 4, 9 ],
    "to": [ 7.5, 5, 10 ],
    "faces": {
        "down":  { "uv": [ 9.5, 10, 8.5, 9 ], "texture": "#glass_red" },
        "up":    { "uv": [ 6.5, 9, 7.5, 10 ], "texture": "#glass_red" },
        "north": { "uv": [ 8.5, 11, 9.5, 12 ], "texture": "#glass_red" },
        "south": { "uv": [ 6.5, 11, 7.5, 12 ], "texture": "#glass_red" },
        "west":  { "uv": [ 9, 11, 10, 12 ], "texture": "#glass_red" },
        "east":  { "uv": [ 6, 11, 7, 12 ], "texture": "#glass_red" }
    }
},
{
    "__comment": "jian",
    "from": [ 7.5, 11.5, 8 ],
    "to": [ 8.5, 12.5, 9 ],
    "faces": {
        "down":  { "uv": [ 8.5, 9, 7.5, 8 ], "texture": "#guang" },
        "up":    { "uv": [ 7.5, 8, 8.5, 9 ], "texture": "#guang" },
        "north": { "uv": [ 7.5, 3.5, 8.5, 4.5 ], "texture": "#guang" },
        "south": { "uv": [ 7.5, 3.5, 8.5, 4.5 ], "texture": "#guang" },
        "west":  { "uv": [ 8, 3.5, 9, 4.5 ], "texture": "#guang" },
        "east":  { "uv": [ 7, 3.5, 8, 4.5 ], "texture": "#guang" }
    }
},
{
    "from": [ 7.5, 12.5, 8 ],
    "to": [ 8.5, 13.5, 9 ],
    "faces": {
        "down":  { "uv": [ 8.5, 9, 7.5, 8 ], "texture": "#guang" },
        "up":    { "uv": [ 7.5, 8, 8.5, 9 ], "texture": "#guang" },
        "north": { "uv": [ 7.5, 2.5, 8.5, 3.5 ], "texture": "#guang" },
        "south": { "uv": [ 7.5, 2.5, 8.5, 3.5 ], "texture": "#guang" },
        "west":  { "uv": [ 8, 2.5, 9, 3.5 ], "texture": "#guang" },
        "east":  { "uv": [ 7, 2.5, 8, 3.5 ], "texture": "#guang" }
    }
},
{
    "from": [ 7.5, 4.5, 8 ],
    "to": [ 8.5, 5.5, 9 ],
    "faces": {
        "down":  { "uv": [ 8.5, 9, 7.5, 8 ], "texture": "#guang" },
        "up":    { "uv": [ 7.5, 8, 8.5, 9 ], "texture": "#guang" },
        "north": { "uv": [ 7.5, 10.5, 8.5, 11.5 ], "texture": "#guang" },
        "south": { "uv": [ 7.5, 10.5, 8.5, 11.5 ], "texture": "#guang" },
        "west":  { "uv": [ 8, 10.5, 9, 11.5 ], "texture": "#guang" },
        "east":  { "uv": [ 7, 10.5, 8, 11.5 ], "texture": "#guang" }
    }
},
{
    "from": [ 7.5, 9.5, 8 ],
    "to": [ 8.5, 10.5, 9 ],
    "faces": {
        "down":  { "uv": [ 8.5, 9, 7.5, 8 ], "texture": "#guang" },
        "up":    { "uv": [ 7.5, 8, 8.5, 9 ], "texture": "#guang" },
        "north": { "uv": [ 7.5, 5.5, 8.5, 6.5 ], "texture": "#guang" },
        "south": { "uv": [ 7.5, 5.5, 8.5, 6.5 ], "texture": "#guang" },
        "west":  { "uv": [ 8, 5.5, 9, 6.5 ], "texture": "#guang" },
        "east":  { "uv": [ 7, 5.5, 8, 6.5 ], "texture": "#guang" }
    }
},
{
    "from": [ 7.5, 5.5, 8 ],
    "to": [ 8.5, 6.5, 9 ],
    "faces": {
        "down":  { "uv": [ 8.5, 9, 7.5, 8 ], "texture": "#guang" },
        "up":    { "uv": [ 7.5, 8, 8.5, 9 ], "texture": "#guang" },
        "north": { "uv": [ 7.5, 9.5, 8.5, 10.5 ], "texture": "#guang" },
        "south": { "uv": [ 7.5, 9.5, 8.5, 10.5 ], "texture": "#guang" },
        "west":  { "uv": [ 8, 9.5, 9, 10.5 ], "texture": "#guang" },
        "east":  { "uv": [ 7, 9.5, 8, 10.5 ], "texture": "#guang" }
    }
},
{
    "from": [ 7.5, -1.5, 8 ],
    "to": [ 8.5, -0.5, 9 ],
    "faces": {
        "down":  { "uv": [ 8.5, 9, 7.5, 8 ], "texture": "#glass_black" },
        "up":    { "uv": [ 7.5, 8, 8.5, 9 ], "texture": "#glass_black" },
        "north": { "uv": [ 7.5, 16, 8.5, 16 ], "texture": "#glass_black" },
        "south": { "uv": [ 7.5, 16, 8.5, 16 ], "texture": "#glass_black" },
        "west":  { "uv": [ 8, 16, 9, 16 ], "texture": "#glass_black" },
        "east":  { "uv": [ 7, 16, 8, 16 ], "texture": "#glass_black" }
    }
},
{
    "from": [ 7.5, 6.5, 8 ],
    "to": [ 8.5, 7.5, 9 ],
    "faces": {
        "down":  { "uv": [ 8.5, 9, 7.5, 8 ], "texture": "#guang" },
        "up":    { "uv": [ 7.5, 8, 8.5, 9 ], "texture": "#guang" },
        "north": { "uv": [ 7.5, 8.5, 8.5, 9.5 ], "texture": "#guang" },
        "south": { "uv": [ 7.5, 8.5, 8.5, 9.5 ], "texture": "#guang" },
        "west":  { "uv": [ 8, 8.5, 9, 9.5 ], "texture": "#guang" },
        "east":  { "uv": [ 7, 8.5, 8, 9.5 ], "texture": "#guang" }
    }
},
{
    "from": [ 7.5, 8.5, 8 ],
    "to": [ 8.5, 9.5, 9 ],
    "faces": {
        "down":  { "uv": [ 8.5, 9, 7.5, 8 ], "texture": "#guang" },
        "up":    { "uv": [ 7.5, 8, 8.5, 9 ], "texture": "#guang" },
        "north": { "uv": [ 7.5, 6.5, 8.5, 7.5 ], "texture": "#guang" },
        "south": { "uv": [ 7.5, 6.5, 8.5, 7.5 ], "texture": "#guang" },
        "west":  { "uv": [ 8, 6.5, 9, 7.5 ], "texture": "#guang" },
        "east":  { "uv": [ 7, 6.5, 8, 7.5 ], "texture": "#guang" }
    }
},
{
    "from": [ 8, 3.5, 8 ],
    "to": [ 9, 13.5, 9 ],
    "faces": {
        "west":  { "uv": [ 8, 2.5, 9, 12.5 ], "texture": "#glass_brown" },
        "east":  { "uv": [ 7, 2.5, 8, 12.5 ], "texture": "#glass_brown" }
    }
},
{
    "from": [ 7, 3.5, 8 ],
    "to": [ 8, 13.5, 9 ],
    "faces": {
        "west":  { "uv": [ 8, 2.5, 9, 12.5 ], "texture": "#glass_brown" },
        "east":  { "uv": [ 7, 2.5, 8, 12.5 ], "texture": "#glass_brown" }
    }
},
{
    "from": [ 7.5, 13.5, 8 ],
    "to": [ 8.5, 14.5, 9 ],
    "faces": {
        "down":  { "uv": [ 8.5, 9, 7.5, 8 ], "texture": "#guang" },
        "up":    { "uv": [ 7.5, 8, 8.5, 9 ], "texture": "#guang" },
        "north": { "uv": [ 7.5, 1.5, 8.5, 2.5 ], "texture": "#guang" },
        "south": { "uv": [ 7.5, 1.5, 8.5, 2.5 ], "texture": "#guang" },
        "west":  { "uv": [ 8, 1.5, 9, 2.5 ], "texture": "#guang" },
        "east":  { "uv": [ 7, 1.5, 8, 2.5 ], "texture": "#guang" }
    }
},
{
    "from": [ 7.5, 3.5, 7.5 ],
    "to": [ 8.5, 13.5, 8.5 ],
    "faces": {
        "north": { "uv": [ 7.5, 2.5, 8.5, 12.5 ], "texture": "#glass_brown" },
        "south": { "uv": [ 7.5, 2.5, 8.5, 12.5 ], "texture": "#glass_brown" }
    }
},
{
    "from": [ 7.5, 3.5, 8.5 ],
    "to": [ 8.5, 13.5, 9.5 ],
    "faces": {
        "north": { "uv": [ 7.5, 2.5, 8.5, 12.5 ], "texture": "#glass_brown" },
        "south": { "uv": [ 7.5, 2.5, 8.5, 12.5 ], "texture": "#glass_brown" }
    }
},
{
    "from": [ 7.5, 14.9375, 8 ],
    "to": [ 8.5, 15, 9 ],
    "faces": {
        "down":  { "uv": [ 8.5, 9, 7.5, 8 ], "texture": "#glass_brown" },
        "up":    { "uv": [ 7.5, 8, 8.5, 9 ], "texture": "#glass_brown" }
    }
},
{
    "from": [ 7.5, 1, 8 ],
    "to": [ 8.5, 2, 9 ],
    "faces": {
        "down":  { "uv": [ 8.5, 9, 7.5, 8 ], "texture": "#glass_black" },
        "up":    { "uv": [ 7.5, 8, 8.5, 9 ], "texture": "#glass_black" },
        "north": { "uv": [ 7.5, 14, 8.5, 15 ], "texture": "#glass_black" },
        "south": { "uv": [ 7.5, 14, 8.5, 15 ], "texture": "#glass_black" },
        "west":  { "uv": [ 8, 14, 9, 15 ], "texture": "#glass_black" },
        "east":  { "uv": [ 7, 14, 8, 15 ], "texture": "#glass_black" }
    }
}
],
"display": {
    "thirdperson_righthand": {
        "rotation": [ 0, 0, 0 ],
        "translation": [ 0.94, 14.74, 1.7 ],
        "scale": [ 1, 2.49, 0.95 ]
    },
    "thirdperson_lefthand": {
        "rotation": [ 61, 1, 150 ],
        "translation": [ -10.39, -8.69, 3.78 ],
        "scale": [ 1, 2.49, 0.95 ]
    },
    "ground": {
        "rotation": [ 0, 0, 0 ],
        "translation": [ 0, 0, 0 ],
        "scale": [ 1, 2.49, 0.95 ]
    },
    "fixed": {
        "rotation": [ 0, 0, 0 ],
        "translation": [ 0, 0, 0 ],
        "scale": [ 1, 2.49, 0.95 ]
    },
    "firstperson_righthand": {
        "rotation": [ -47, 0, -1 ],
        "translation": [ 8.13, 4.91, -11.72 ],
        "scale": [ 1, 2.39, 0.95 ]
    },
    "firstperson_lefthand": {
        "rotation": [ -13, 106, 180 ],
        "translation": [ 2.65, -8.13, 0.19 ],
        "scale": [ 1, 2.49, 0.95 ]
    },
    "gui": {
        "rotation": [ 30, 180, 33 ],
        "translation": [ 2.08, 1.7, 0 ],
        "scale": [ 0.62, 1.49, 0.95 ]
    }
}
}