{
    "__createdwith": "opl's Model Creator",
    "ambientocclusion": false,
    "textures": {
        "wand": "3d/fire3",
        "flame": "3d/candle_flame",
        "spikeys": "3d/fire2"
    },
    "elements": [
        {
            "from": [4,18,7.98],
            "to": [12,26,8.02],
			"shade": false,
			"rotation": { "origin": [ 8, 22, 8 ], "axis": "y", "angle": 45, "rescale": true },
            "faces": {
                "north": {
                    "uv": [16,0,0,16],
                    "texture": "#flame"
                },
                "south": {
                    "uv": [0,0,16,16],
                    "texture": "#flame"
                }
            }
        },
        {
            "from": [4,18,7.98],
            "to": [12,26,8.02],
			"shade": false,
			"rotation": { "origin": [ 8, 22, 8 ], "axis": "y", "angle": -45, "rescale": true },
            "faces": {
                "north": {
                    "uv": [16,0,0,16],
                    "texture": "#flame"
                },
                "south": {
                    "uv": [0,0,16,16],
                    "texture": "#flame"
                }
            }
        },
        {
            "from": [5,-11,5],
            "to": [11,-7,11],
            "faces": {
                "up": {
                    "uv": [2,14,4,16],
                    "texture": "#wand"
                },
                "down": {
                    "uv": [10,13,12,15],
                    "texture": "#wand"
                },
                "west": {
                    "uv": [10,11,16,15],
                    "texture": "#wand"
                },
                "east": {
                    "uv": [10,11,16,15],
                    "texture": "#wand"
                },
                "north": {
                    "uv": [10,11,16,15],
                    "texture": "#wand"
                },
                "south": {
                    "uv": [10,11,16,15],
                    "texture": "#wand"
                }
            }
        },
        {
            "from": [6,-7,6],
            "to": [10,-4,10],
            "faces": {
                "up": {
                    "uv": [2,14,4,16],
                    "texture": "#wand"
                },
                "west": {
                    "uv": [11,8,15,11],
                    "texture": "#wand"
                },
                "east": {
                    "uv": [11,8,15,11],
                    "texture": "#wand"
                },
                "north": {
                    "uv": [11,8,15,11],
                    "texture": "#wand"
                },
                "south": {
                    "uv": [11,8,15,11],
                    "texture": "#wand"
                }
            }
        },
        {
            "from": [7,-4,7],
            "to": [9,4,9],
            "faces": {
                "west": {
                    "uv": [13,0,12,8],
                    "texture": "#wand"
                },
                "east": {
                    "uv": [13,0,14,8],
                    "texture": "#wand"
                },
                "north": {
                    "uv": [14,0,12,8],
                    "texture": "#wand"
                },
                "south": {
                    "uv": [12,0,14,8],
                    "texture": "#wand"
                }
            }
        },
        {
            "from": [6,1,7],
            "to": [10,3,9],
            "faces": {
                "up": {
                    "uv": [11,1,15,2],
                    "texture": "#wand"
                },
                "down": {
                    "uv": [11,2,15,3],
                    "texture": "#wand"
                },
                "west": {
                    "uv": [11,1,13,3],
                    "texture": "#wand"
                },
                "east": {
                    "uv": [13,1,15,3],
                    "texture": "#wand"
                },
                "north": {
                    "uv": [15,1,11,3],
                    "texture": "#wand"
                },
                "south": {
                    "uv": [11,1,15,3],
                    "texture": "#wand"
                }
            }
        },
        {
            "from": [7,-12,4],
            "to": [9,-9,5],
            "faces": {
                "up": {
                    "uv": [12,13,14,14],
                    "texture": "#wand"
                },
                "down": {
                    "uv": [12,14,14,15],
                    "texture": "#wand"
                },
                "west": {
                    "uv": [13,13,14,16],
                    "texture": "#wand"
                },
                "east": {
                    "uv": [12,13,13,16],
                    "texture": "#wand"
                },
                "north": {
                    "uv": [12,13,14,16],
                    "texture": "#wand"
                },
                "south": {
                    "uv": [12,13,14,16],
                    "texture": "#wand"
                }
            }
        },
        {
            "from": [11,-12,7],
            "to": [12,-9,9],
            "faces": {
                "up": {
                    "uv": [12,13,14,14],
                    "texture": "#wand"
                },
                "down": {
                    "uv": [12,14,13,16],
                    "texture": "#wand"
                },
                "west": {
                    "uv": [12,13,14,16],
                    "texture": "#wand"
                },
                "east": {
                    "uv": [12,13,14,16],
                    "texture": "#wand"
                },
                "north": {
                    "uv": [13,13,14,16],
                    "texture": "#wand"
                },
                "south": {
                    "uv": [12,13,13,16],
                    "texture": "#wand"
                }
            }
        },
        {
            "from": [7,-12,11],
            "to": [9,-9,12],
            "faces": {
                "up": {
                    "uv": [12,13,14,14],
                    "texture": "#wand"
                },
                "down": {
                    "uv": [12,14,14,15],
                    "texture": "#wand"
                },
                "west": {
                    "uv": [13,13,14,16],
                    "texture": "#wand"
                },
                "east": {
                    "uv": [12,13,13,16],
                    "texture": "#wand"
                },
                "north": {
                    "uv": [12,13,14,16],
                    "texture": "#wand"
                },
                "south": {
                    "uv": [12,13,14,16],
                    "texture": "#wand"
                }
            }
        },
        {
            "from": [4,-12,7],
            "to": [5,-9,9],
            "faces": {
                "up": {
                    "uv": [12,13,14,14],
                    "texture": "#wand"
                },
                "down": {
                    "uv": [12,14,13,16],
                    "texture": "#wand"
                },
                "west": {
                    "uv": [12,13,14,16],
                    "texture": "#wand"
                },
                "east": {
                    "uv": [12,13,14,16],
                    "texture": "#wand"
                },
                "north": {
                    "uv": [13,13,14,16],
                    "texture": "#wand"
                },
                "south": {
                    "uv": [12,13,13,16],
                    "texture": "#wand"
                }
            }
        },
        {
            "from": [7,4,7],
            "to": [9,11,9],
            "faces": {
                "west": {
                    "uv": [9,9,8,16],
                    "texture": "#wand"
                },
                "east": {
                    "uv": [9,9,10,16],
                    "texture": "#wand"
                },
                "north": {
                    "uv": [10,9,8,16],
                    "texture": "#wand"
                },
                "south": {
                    "uv": [8,9,10,16],
                    "texture": "#wand"
                }
            }
        },
        {
            "from": [7,11,7],
            "to": [9,17,9],
            "faces": {
                "west": {
                    "uv": [6,10,4,16],
                    "texture": "#wand"
                },
                "east": {
                    "uv": [4,10,6,16],
                    "texture": "#wand"
                },
                "north": {
                    "uv": [6,10,4,16],
                    "texture": "#wand"
                },
                "south": {
                    "uv": [4,10,6,16],
                    "texture": "#wand"
                }
            }
        },
        {
            "from": [5,14,7],
            "to": [11,16,9],
            "faces": {
                "up": {
                    "uv": [2,11,8,12],
                    "texture": "#wand"
                },
                "down": {
                    "uv": [2,12,8,13],
                    "texture": "#wand"
                },
                "west": {
                    "uv": [2,11,4,13],
                    "texture": "#wand"
                },
                "east": {
                    "uv": [6,11,8,13],
                    "texture": "#wand"
                },
                "north": {
                    "uv": [8,11,2,13],
                    "texture": "#wand"
                },
                "south": {
                    "uv": [2,11,8,13],
                    "texture": "#wand"
                }
            }
        },
        {
            "from": [6,17,7],
            "to": [10,19,9],
            "faces": {
                "up": {
                    "uv": [3,8,7,9],
                    "texture": "#wand"
                },
                "down": {
                    "uv": [3,9,7,10],
                    "texture": "#wand"
                },
                "west": {
                    "uv": [3,8,5,10],
                    "texture": "#wand"
                },
                "east": {
                    "uv": [5,8,7,10],
                    "texture": "#wand"
                },
                "north": {
                    "uv": [7,8,3,10],
                    "texture": "#wand"
                },
                "south": {
                    "uv": [3,8,7,10],
                    "texture": "#wand"
                }
            }
        },
        {
            "from": [10,18,7],
            "to": [12,20,9],
            "faces": {
                "up": {
                    "uv": [7,7,9,8],
                    "texture": "#wand"
                },
                "down": {
                    "uv": [7,8,9,9],
                    "texture": "#wand"
                },
                "west": {
                    "uv": [7,7,8,9],
                    "texture": "#wand"
                },
                "east": {
                    "uv": [8,7,9,9],
                    "texture": "#wand"
                },
                "north": {
                    "uv": [1,7,3,9],
                    "texture": "#wand"
                },
                "south": {
                    "uv": [7,7,9,9],
                    "texture": "#wand"
                }
            }
        },
        {
            "from": [4,18,7],
            "to": [6,20,9],
            "faces": {
                "up": {
                    "uv": [1,7,3,8],
                    "texture": "#wand"
                },
                "down": {
                    "uv": [1,8,3,9],
                    "texture": "#wand"
                },
                "west": {
                    "uv": [1,7,2,9],
                    "texture": "#wand"
                },
                "east": {
                    "uv": [2,7,3,9],
                    "texture": "#wand"
                },
                "north": {
                    "uv": [7,7,9,9],
                    "texture": "#wand"
                },
                "south": {
                    "uv": [1,7,3,9],
                    "texture": "#wand"
                }
            }
        },
        {
            "from": [11,20,7],
            "to": [13,24,9],
            "faces": {
                "up": {
                    "uv": [7,1,9,2],
                    "texture": "#wand"
                },
                "down": {
                    "uv": [8,6,10,7],
                    "texture": "#wand"
                },
                "west": {
                    "uv": [8,3,9,7],
                    "texture": "#wand"
                },
                "east": {
                    "uv": [9,3,10,7],
                    "texture": "#wand"
                },
                "north": {
                    "uv": [0,3,2,7],
                    "texture": "#wand"
                },
                "south": {
                    "uv": [8,3,10,7],
                    "texture": "#wand"
                }
            }
        },
        {
            "from": [3,20,7],
            "to": [5,24,9],
            "faces": {
                "up": {
                    "uv": [0,3,2,4],
                    "texture": "#wand"
                },
                "down": {
                    "uv": [0,6,2,7],
                    "texture": "#wand"
                },
                "west": {
                    "uv": [0,3,1,7],
                    "texture": "#wand"
                },
                "east": {
                    "uv": [1,3,2,7],
                    "texture": "#wand"
                },
                "north": {
                    "uv": [8,3,10,7],
                    "texture": "#wand"
                },
                "south": {
                    "uv": [0,3,2,7],
                    "texture": "#wand"
                }
            }
        },
        {
            "from": [4,24,7],
            "to": [6,26,9],
            "faces": {
                "up": {
                    "uv": [1,1,3,2],
                    "texture": "#wand"
                },
                "down": {
                    "uv": [1,2,3,3],
                    "texture": "#wand"
                },
                "west": {
                    "uv": [1,1,2,3],
                    "texture": "#wand"
                },
                "east": {
                    "uv": [2,1,3,3],
                    "texture": "#wand"
                },
                "north": {
                    "uv": [7,1,9,3],
                    "texture": "#wand"
                },
                "south": {
                    "uv": [1,1,3,3],
                    "texture": "#wand"
                }
            }
        },
        {
            "from": [10,24,7],
            "to": [12,26,9],
            "faces": {
                "up": {
                    "uv": [7,1,9,2],
                    "texture": "#wand"
                },
                "down": {
                    "uv": [7,2,9,3],
                    "texture": "#wand"
                },
                "west": {
                    "uv": [7,1,8,3],
                    "texture": "#wand"
                },
                "east": {
                    "uv": [8,1,9,3],
                    "texture": "#wand"
                },
                "north": {
                    "uv": [1,1,3,3],
                    "texture": "#wand"
                },
                "south": {
                    "uv": [7,1,9,3],
                    "texture": "#wand"
                }
            }
        },
        {
            "from": [6,25,7],
            "to": [10,27,9],
            "faces": {
                "up": {
                    "uv": [3,8,7,9],
                    "texture": "#wand"
                },
                "down": {
                    "uv": [3,1,7,2],
                    "texture": "#wand"
                },
                "west": {
                    "uv": [3,8,5,10],
                    "texture": "#wand"
                },
                "east": {
                    "uv": [5,8,7,10],
                    "texture": "#wand"
                },
                "north": {
                    "uv": [7,0,3,2],
                    "texture": "#wand"
                },
                "south": {
                    "uv": [3,0,7,2],
                    "texture": "#wand"
                }
            }
        },
        {
            "from": [7,17,5],
            "to": [9,19,11],
            "faces": {
                "up": {
                    "uv": [4,8,6,9],
                    "texture": "#wand"
                },
                "down": {
                    "uv": [1,11,7,12],
                    "texture": "#spikeys",
                    "rotation": 90
                },
                "west": {
                    "uv": [1,10,7,12],
                    "texture": "#spikeys"
                },
                "east": {
                    "uv": [1,10,7,12],
                    "texture": "#spikeys"
                },
                "north": {
                    "uv": [1,10,2,12],
                    "texture": "#spikeys"
                },
                "south": {
                    "uv": [6,10,7,12],
                    "texture": "#spikeys"
                }
            }
        },
        {
            "from": [7,19,4],
            "to": [9,20,7],
            "faces": {
                "up": {
                    "uv": [2,9,3,10],
                    "texture": "#spikeys"
                },
                "down": {
                    "uv": [0,9,1,10],
                    "texture": "#spikeys"
                },
                "west": {
                    "uv": [0,9,3,10],
                    "texture": "#spikeys"
                },
                "east": {
                    "uv": [5,9,8,10],
                    "texture": "#spikeys"
                },
                "north": {
                    "uv": [0,15,2,16],
                    "texture": "#wand"
                },
                "south": {
                    "uv": [3,10,5,11],
                    "texture": "#spikeys"
                }
            }
        },
        {
            "from": [7,19,9],
            "to": [9,20,12],
            "faces": {
                "up": {
                    "uv": [5,9,6,10],
                    "texture": "#spikeys"
                },
                "down": {
                    "uv": [7,9,8,10],
                    "texture": "#spikeys"
                },
                "west": {
                    "uv": [5,9,8,10],
                    "texture": "#spikeys"
                },
                "east": {
                    "uv": [0,9,3,10],
                    "texture": "#spikeys"
                },
                "north": {
                    "uv": [3,10,5,11],
                    "texture": "#spikeys"
                },
                "south": {
                    "uv": [7,9,8,10],
                    "texture": "#spikeys"
                }
            }
        },
        {
            "from": [7,20,10],
            "to": [9,22,12],
            "faces": {
                "up": {
                    "uv": [6,6,7,7],
                    "texture": "#spikeys"
                },
                "west": {
                    "uv": [6,7,8,9],
                    "texture": "#spikeys"
                },
                "east": {
                    "uv": [0,7,2,9],
                    "texture": "#spikeys"
                },
                "north": {
                    "uv": [6,7,7,9],
                    "texture": "#spikeys"
                },
                "south": {
                    "uv": [7,7,8,9],
                    "texture": "#spikeys"
                }
            }
        },
        {
            "from": [7,20,4],
            "to": [9,22,6],
            "faces": {
                "up": {
                    "uv": [2,14,4,16],
                    "texture": "#wand"
                },
                "west": {
                    "uv": [0,7,2,9],
                    "texture": "#spikeys"
                },
                "east": {
                    "uv": [6,7,8,9],
                    "texture": "#spikeys"
                },
                "north": {
                    "uv": [2,14,4,16],
                    "texture": "#wand"
                },
                "south": {
                    "uv": [1,7,2,9],
                    "texture": "#spikeys"
                }
            }
        },
        {
            "from": [7,22,10],
            "to": [9,23,11],
            "faces": {
                "up": {
                    "uv": [2,15,4,16],
                    "texture": "#wand"
                },
                "west": {
                    "uv": [6,6,7,7],
                    "texture": "#spikeys"
                },
                "east": {
                    "uv": [1,6,2,7],
                    "texture": "#spikeys"
                },
                "north": {
                    "uv": [2,15,4,16],
                    "texture": "#wand"
                },
                "south": {
                    "uv": [2,15,4,16],
                    "texture": "#wand"
                }
            }
        },
        {
            "from": [7,22,5],
            "to": [9,23,6],
            "faces": {
                "up": {
                    "uv": [2,15,4,16],
                    "texture": "#wand"
                },
                "west": {
                    "uv": [1,6,2,7],
                    "texture": "#spikeys"
                },
                "east": {
                    "uv": [6,6,7,7],
                    "texture": "#spikeys"
                },
                "north": {
                    "uv": [2,15,4,16],
                    "texture": "#wand"
                },
                "south": {
                    "uv": [2,15,4,16],
                    "texture": "#wand"
                }
            }
        }
    ]
}