{
"__comment": "Designed by FirecatHD",
"textures": {
    "texture": "jhsy/sanchaji/water_spear_all",
    "water_atom": "jhsy/water_atom"
},
"elements": [ 
{
    "from": [ 0.5, 7.5, 8.5 ],
    "to": [ 3, 8.5, 9.5 ],
    "faces": {
        "down":  { "uv": [ 4.25, 7.25, 8.875, 8.625 ], "texture": "#texture" },
        "up":    { "uv": [ 4.25, 7.25, 8.875, 8.625 ], "texture": "#texture" },
        "north": { "uv": [ 3.625, 6.625, 6.125, 7.625 ], "texture": "#texture" },
        "south": { "uv": [ 3.625, 6.625, 6.125, 7.625 ], "texture": "#texture" },
        "west":  { "uv": [ 9.25, 6.625, 10.25, 7.625 ], "texture": "#texture" },
        "east":  { "uv": [ 9.25, 6.625, 10.25, 7.625 ], "texture": "#texture" }
    }
},
{
    "from": [ -0.4375, 6.5625, 8.5 ],
    "to": [ 0.5625, 9.4375, 9.5 ],
    "faces": {
        "down":  { "uv": [ 4.25, 7.25, 8.875, 8.625 ], "texture": "#texture" },
        "up":    { "uv": [ 4.25, 7.25, 8.875, 8.625 ], "texture": "#texture" },
        "north": { "uv": [ 3.625, 6.625, 6.125, 7.625 ], "texture": "#texture" },
        "south": { "uv": [ 3.625, 6.625, 6.125, 7.625 ], "texture": "#texture" },
        "west":  { "uv": [ 9.25, 6.625, 10.25, 7.625 ], "texture": "#texture" },
        "east":  { "uv": [ 9.25, 6.625, 10.25, 7.625 ], "texture": "#texture" }
    }
},
{
    "from": [ -0.0625, 4.6875, 8.5 ],
    "to": [ 0.8125, 7.1875, 9.5 ],
    "rotation": { "origin": [ -0.0625, 7.1875, 8.5 ], "axis": "z", "angle": -45 },
    "faces": {
        "down":  { "uv": [ 4.25, 7.25, 8.875, 8.625 ], "texture": "#texture" },
        "up":    { "uv": [ 4.25, 7.25, 8.875, 8.625 ], "texture": "#texture" },
        "north": { "uv": [ 3.625, 6.625, 6.125, 7.625 ], "texture": "#texture" },
        "south": { "uv": [ 3.625, 6.625, 6.125, 7.625 ], "texture": "#texture" },
        "west":  { "uv": [ 9.25, 6.625, 10.25, 7.625 ], "texture": "#texture" },
        "east":  { "uv": [ 9.25, 6.625, 10.25, 7.625 ], "texture": "#texture" }
    }
},
{
    "from": [ -5.5, 10.5625, 8.75 ],
    "to": [ -3, 11.0625, 9.25 ],
    "faces": {
        "down":  { "uv": [ 4.25, 7.25, 8.875, 8.625 ], "texture": "#texture" },
        "up":    { "uv": [ 4.25, 7.25, 8.875, 8.625 ], "texture": "#texture" },
        "north": { "uv": [ 3.625, 6.625, 6.125, 7.625 ], "texture": "#texture" },
        "south": { "uv": [ 3.625, 6.625, 6.125, 7.625 ], "texture": "#texture" },
        "west":  { "uv": [ 9.25, 6.625, 10.25, 7.625 ], "texture": "#texture" },
        "east":  { "uv": [ 9.25, 6.625, 10.25, 7.625 ], "texture": "#texture" }
    }
},
{
    "from": [ -3, 7.625, 8.625 ],
    "to": [ -0.125, 8.375, 9.375 ],
    "faces": {
        "down":  { "uv": [ 4.25, 7.25, 8.875, 8.625 ], "texture": "#texture" },
        "up":    { "uv": [ 4.25, 7.25, 8.875, 8.625 ], "texture": "#texture" },
        "north": { "uv": [ 3.625, 6.625, 6.125, 7.625 ], "texture": "#texture" },
        "south": { "uv": [ 3.625, 6.625, 6.125, 7.625 ], "texture": "#texture" },
        "west":  { "uv": [ 9.25, 6.625, 10.25, 7.625 ], "texture": "#texture" },
        "east":  { "uv": [ 9.25, 6.625, 10.25, 7.625 ], "texture": "#texture" }
    }
},
{
    "from": [ -6.75, 7.75, 8.75 ],
    "to": [ -2.375, 8.25, 9.25 ],
    "faces": {
        "down":  { "uv": [ 4.25, 7.25, 8.875, 8.625 ], "texture": "#texture" },
        "up":    { "uv": [ 4.25, 7.25, 8.875, 8.625 ], "texture": "#texture" },
        "north": { "uv": [ 3.625, 6.625, 6.125, 7.625 ], "texture": "#texture" },
        "south": { "uv": [ 3.625, 6.625, 6.125, 7.625 ], "texture": "#texture" },
        "west":  { "uv": [ 9.25, 6.625, 10.25, 7.625 ], "texture": "#texture" },
        "east":  { "uv": [ 9.25, 6.625, 10.25, 7.625 ], "texture": "#texture" }
    }
},
{
    "from": [ -7.875, 7.875, 8.875 ],
    "to": [ -5, 8.125, 9.125 ],
    "faces": {
        "down":  { "uv": [ 4.25, 7.25, 8.875, 8.625 ], "texture": "#texture" },
        "up":    { "uv": [ 4.25, 7.25, 8.875, 8.625 ], "texture": "#texture" },
        "north": { "uv": [ 3.625, 6.625, 6.125, 7.625 ], "texture": "#texture" },
        "south": { "uv": [ 3.625, 6.625, 6.125, 7.625 ], "texture": "#texture" },
        "west":  { "uv": [ 9.25, 6.625, 10.25, 7.625 ], "texture": "#texture" },
        "east":  { "uv": [ 9.25, 6.625, 10.25, 7.625 ], "texture": "#texture" }
    }
},
{
    "from": [ 3, 7.625, 8.625 ],
    "to": [ 21.125, 8.375, 9.375 ],
    "faces": {
        "down":  { "uv": [ 4.5, 9.75, 15.75, 10.5 ], "texture": "#texture" },
        "up":    { "uv": [ 4.5, 9.75, 15.75, 10.5 ], "texture": "#texture" },
        "north": { "uv": [ 5.125, 9.625, 14.625, 10.375 ], "texture": "#texture" },
        "south": { "uv": [ 5.125, 9.625, 14.625, 10.375 ], "texture": "#texture" },
        "west":  { "uv": [ 6.625, 9.5, 7.375, 10.25 ], "texture": "#texture" },
        "east":  { "uv": [ 6.625, 9.5, 7.375, 10.25 ], "texture": "#texture" }
    }
},
{
    "from": [ 22.5, 7.5, 8.5 ],
    "to": [ 23.75, 8.5, 9.5 ],
    "faces": {
        "down":  { "uv": [ 1.75, 9.75, 3.5, 11.5 ], "texture": "#texture" },
        "up":    { "uv": [ 1.75, 9.75, 3.5, 11.5 ], "texture": "#texture" },
        "north": { "uv": [ 2, 9.125, 3.875, 10.875 ], "texture": "#texture" },
        "south": { "uv": [ 2, 9.125, 3.875, 10.875 ], "texture": "#texture" },
        "west":  { "uv": [ 2, 9.625, 3.75, 10.375 ], "texture": "#texture" },
        "east":  { "uv": [ 2, 9.625, 3.75, 10.375 ], "texture": "#texture" }
    }
},
{
    "from": [ 21.75, 7.375, 8.375 ],
    "to": [ 23.625, 8.625, 9.625 ],
    "faces": {
        "down":  { "uv": [ 1.75, 9.75, 3.5, 11.5 ], "texture": "#texture" },
        "up":    { "uv": [ 1.75, 9.75, 3.5, 11.5 ], "texture": "#texture" },
        "north": { "uv": [ 2, 9.125, 3.875, 10.875 ], "texture": "#texture" },
        "south": { "uv": [ 2, 9.125, 3.875, 10.875 ], "texture": "#texture" },
        "west":  { "uv": [ 2, 9.625, 3.75, 10.375 ], "texture": "#texture" },
        "east":  { "uv": [ 2, 9.625, 3.75, 10.375 ], "texture": "#texture" }
    }
},
{
    "from": [ 22, 7.5, 8.5 ],
    "to": [ 22.75, 8.5, 9.5 ],
    "faces": {
        "down":  { "uv": [ 1.5, 0, 4.375, 0.875 ], "texture": "#texture" },
        "up":    { "uv": [ 1.5, 0, 4.375, 0.875 ], "texture": "#texture" },
        "north": { "uv": [ 1.625, 0, 4.875, 0.875 ], "texture": "#texture" },
        "south": { "uv": [ 1.625, 0, 4.875, 0.875 ], "texture": "#texture" },
        "west":  { "uv": [ 0, 0, 5, 0.875 ], "texture": "#texture" },
        "east":  { "uv": [ 0, 0, 5, 0.875 ], "texture": "#texture" }
    }
},
{
    "from": [ 3.5, 7.5, 8.5 ],
    "to": [ 4.25, 8.5, 9.5 ],
    "faces": {
        "down":  { "uv": [ 5.625, 1.375, 6.375, 1.625 ], "texture": "#texture" },
        "up":    { "uv": [ 5.625, 1.375, 6.375, 1.625 ], "texture": "#texture" },
        "north": { "uv": [ 5.5, 2.5, 6.25, 4.25 ], "texture": "#texture" },
        "south": { "uv": [ 5.5, 2.5, 6.25, 4.25 ], "texture": "#texture" },
        "west":  { "uv": [ 12.75, 2.75, 13, 4.5 ], "texture": "#texture" },
        "east":  { "uv": [ 12.75, 2.75, 13, 4.5 ], "texture": "#texture" }
    }
},
{
    "from": [ 4.75, 7.5, 8.5 ],
    "to": [ 5.5, 8.5, 9.5 ],
    "faces": {
        "down":  { "uv": [ 5.625, 1.375, 6.375, 1.625 ], "texture": "#texture" },
        "up":    { "uv": [ 5.625, 1.375, 6.375, 1.625 ], "texture": "#texture" },
        "north": { "uv": [ 5.5, 2.5, 6.25, 4.25 ], "texture": "#texture" },
        "south": { "uv": [ 5.5, 2.5, 6.25, 4.25 ], "texture": "#texture" },
        "west":  { "uv": [ 12.75, 2.75, 13, 4.5 ], "texture": "#texture" },
        "east":  { "uv": [ 12.75, 2.75, 13, 4.5 ], "texture": "#texture" }
    }
},
{
    "from": [ 9.875, 7.375, 8.375 ],
    "to": [ 10.625, 8.625, 9.625 ],
    "faces": {
        "down":  { "uv": [ 0.25, 9.625, 3.75, 11.125 ], "texture": "#texture" },
        "up":    { "uv": [ 0.25, 9.625, 3.75, 11.125 ], "texture": "#texture" },
        "north": { "uv": [ 0.75, 9.375, 3.25, 10.375 ], "texture": "#texture" },
        "south": { "uv": [ 0.75, 9.375, 3.25, 10.375 ], "texture": "#texture" },
        "west":  { "uv": [ 2.5, 9.375, 3.5, 10.375 ], "texture": "#texture" },
        "east":  { "uv": [ 2.5, 9.375, 3.5, 10.375 ], "texture": "#texture" }
    }
},
{
    "from": [ 10.625, 7.5, 8.5 ],
    "to": [ 15.5, 8.5, 9.5 ],
    "faces": {
        "down":  { "uv": [ 9.875, 12.625, 15.5, 15 ], "texture": "#texture" },
        "up":    { "uv": [ 9.875, 12.625, 15.5, 15 ], "texture": "#texture" },
        "north": { "uv": [ 9.125, 12.875, 15.625, 14.5 ], "texture": "#texture" },
        "south": { "uv": [ 9.125, 12.875, 15.625, 14.5 ], "texture": "#texture" },
        "west":  { "uv": [ 10.5, 14, 11.5, 15 ], "texture": "#texture" },
        "east":  { "uv": [ 10.5, 14, 11.5, 15 ], "texture": "#texture" }
    }
},
{
    "from": [ 15.5, 7.375, 8.375 ],
    "to": [ 16.25, 8.625, 9.625 ],
    "faces": {
        "down":  { "uv": [ 0.25, 9.625, 3.75, 11.125 ], "texture": "#texture" },
        "up":    { "uv": [ 0.25, 9.625, 3.75, 11.125 ], "texture": "#texture" },
        "north": { "uv": [ 0.75, 9.375, 3.25, 10.375 ], "texture": "#texture" },
        "south": { "uv": [ 0.75, 9.375, 3.25, 10.375 ], "texture": "#texture" },
        "west":  { "uv": [ 2.5, 9.375, 3.5, 10.375 ], "texture": "#texture" },
        "east":  { "uv": [ 2.5, 9.375, 3.5, 10.375 ], "texture": "#texture" }
    }
},
{
    "from": [ 21, 7.5, 8.5 ],
    "to": [ 22, 8.5, 9.5 ],
    "faces": {
        "down":  { "uv": [ 1.75, 9.75, 3.5, 11.5 ], "texture": "#texture" },
        "up":    { "uv": [ 1.75, 9.75, 3.5, 11.5 ], "texture": "#texture" },
        "north": { "uv": [ 2, 9.125, 3.875, 10.875 ], "texture": "#texture" },
        "south": { "uv": [ 2, 9.125, 3.875, 10.875 ], "texture": "#texture" },
        "west":  { "uv": [ 2, 9.625, 3.75, 10.375 ], "texture": "#texture" },
        "east":  { "uv": [ 2, 9.625, 3.75, 10.375 ], "texture": "#texture" }
    }
},
{
    "from": [ 22.125, 7.25, 8.25 ],
    "to": [ 23.375, 8.75, 9.75 ],
    "faces": {
        "down":  { "uv": [ 1.75, 9.75, 3.5, 11.5 ], "texture": "#texture" },
        "up":    { "uv": [ 1.75, 9.75, 3.5, 11.5 ], "texture": "#texture" },
        "north": { "uv": [ 2, 9.125, 3.875, 10.875 ], "texture": "#texture" },
        "south": { "uv": [ 2, 9.125, 3.875, 10.875 ], "texture": "#texture" },
        "west":  { "uv": [ 2, 9.625, 3.75, 10.375 ], "texture": "#texture" },
        "east":  { "uv": [ 2, 9.625, 3.75, 10.375 ], "texture": "#texture" }
    }
},
{
    "from": [ -6.375, 10.6875, 8.875 ],
    "to": [ -4.25, 10.9375, 9.125 ],
    "faces": {
        "down":  { "uv": [ 4.25, 7.25, 8.875, 8.625 ], "texture": "#texture" },
        "up":    { "uv": [ 4.25, 7.25, 8.875, 8.625 ], "texture": "#texture" },
        "north": { "uv": [ 3.625, 6.625, 6.125, 7.625 ], "texture": "#texture" },
        "south": { "uv": [ 3.625, 6.625, 6.125, 7.625 ], "texture": "#texture" },
        "west":  { "uv": [ 9.25, 6.625, 10.25, 7.625 ], "texture": "#texture" },
        "east":  { "uv": [ 9.25, 6.625, 10.25, 7.625 ], "texture": "#texture" }
    }
},
{
    "from": [ -4.5625, 4.8125, 8.625 ],
    "to": [ -1.1875, 5.5625, 9.375 ],
    "faces": {
        "down":  { "uv": [ 4.25, 7.25, 8.875, 8.625 ], "texture": "#texture" },
        "up":    { "uv": [ 4.25, 7.25, 8.875, 8.625 ], "texture": "#texture" },
        "north": { "uv": [ 3.625, 6.625, 6.125, 7.625 ], "texture": "#texture" },
        "south": { "uv": [ 3.625, 6.625, 6.125, 7.625 ], "texture": "#texture" },
        "west":  { "uv": [ 9.25, 6.625, 10.25, 7.625 ], "texture": "#texture" },
        "east":  { "uv": [ 9.25, 6.625, 10.25, 7.625 ], "texture": "#texture" }
    }
},
{
    "from": [ -5.5, 4.9375, 8.75 ],
    "to": [ -3, 5.4375, 9.25 ],
    "faces": {
        "down":  { "uv": [ 4.25, 7.25, 8.875, 8.625 ], "texture": "#texture" },
        "up":    { "uv": [ 4.25, 7.25, 8.875, 8.625 ], "texture": "#texture" },
        "north": { "uv": [ 3.625, 6.625, 6.125, 7.625 ], "texture": "#texture" },
        "south": { "uv": [ 3.625, 6.625, 6.125, 7.625 ], "texture": "#texture" },
        "west":  { "uv": [ 9.25, 6.625, 10.25, 7.625 ], "texture": "#texture" },
        "east":  { "uv": [ 9.25, 6.625, 10.25, 7.625 ], "texture": "#texture" }
    }
},
{
    "from": [ -6.375, 5.0625, 8.875 ],
    "to": [ -4.25, 5.3125, 9.125 ],
    "faces": {
        "down":  { "uv": [ 4.25, 7.25, 8.875, 8.625 ], "texture": "#texture" },
        "up":    { "uv": [ 4.25, 7.25, 8.875, 8.625 ], "texture": "#texture" },
        "north": { "uv": [ 3.625, 6.625, 6.125, 7.625 ], "texture": "#texture" },
        "south": { "uv": [ 3.625, 6.625, 6.125, 7.625 ], "texture": "#texture" },
        "west":  { "uv": [ 9.25, 6.625, 10.25, 7.625 ], "texture": "#texture" },
        "east":  { "uv": [ 9.25, 6.625, 10.25, 7.625 ], "texture": "#texture" }
    }
},
{
    "from": [ 16.9375, 5.1875, 6.375 ],
    "to": [ 17.0625, 10.3125, 11.75 ],
    "rotation": { "origin": [ 16.9375, 10.3125, 6.375 ], "axis": "z", "angle": 22.5 },
    "faces": {
        "down":  { "uv": [ 0, 0, 0, 0 ], "texture": "#water_atom" },
        "up":    { "uv": [ 0, 0, 0, 0 ], "texture": "#water_atom" },
        "north": { "uv": [ 0, 0, 0, 0 ], "texture": "#water_atom" },
        "south": { "uv": [ 0, 0, 0, 0 ], "texture": "#water_atom" },
        "west":  { "uv": [ 0, 0, 16, 16 ], "rotation": 180, "texture": "#water_atom" },
        "east":  { "uv": [ 16, 0, 0.125, 16 ], "rotation": 180, "texture": "#water_atom" }
    }
},
{
    "from": [ 8.9375, 5.1875, 6.375 ],
    "to": [ 9.0625, 10.3125, 11.75 ],
    "rotation": { "origin": [ 8.9375, 10.3125, 6.375 ], "axis": "z", "angle": -22.5 },
    "faces": {
        "down":  { "uv": [ 0, 0, 0, 0 ], "texture": "#water_atom" },
        "up":    { "uv": [ 0, 0, 0, 0 ], "texture": "#water_atom" },
        "north": { "uv": [ 0, 0, 0, 0 ], "texture": "#water_atom" },
        "south": { "uv": [ 0, 0, 0, 0 ], "texture": "#water_atom" },
        "west":  { "uv": [ 0, 0, 16, 16 ], "rotation": 180, "texture": "#water_atom" },
        "east":  { "uv": [ 16, 0, 0.125, 16 ], "rotation": 180, "texture": "#water_atom" }
    }
},
{
    "from": [ -4.5625, 10.4375, 8.625 ],
    "to": [ -1.1875, 11.1875, 9.375 ],
    "faces": {
        "down":  { "uv": [ 4.25, 7.25, 8.875, 8.625 ], "texture": "#texture" },
        "up":    { "uv": [ 4.25, 7.25, 8.875, 8.625 ], "texture": "#texture" },
        "north": { "uv": [ 3.625, 6.625, 6.125, 7.625 ], "texture": "#texture" },
        "south": { "uv": [ 3.625, 6.625, 6.125, 7.625 ], "texture": "#texture" },
        "west":  { "uv": [ 9.25, 6.625, 10.25, 7.625 ], "texture": "#texture" },
        "east":  { "uv": [ 9.25, 6.625, 10.25, 7.625 ], "texture": "#texture" }
    }
},
{
    "from": [ -1.8125, 8.0625, 8.5 ],
    "to": [ -0.9375, 10.5625, 9.5 ],
    "rotation": { "origin": [ -1.8125, 10.5625, 8.5 ], "axis": "z", "angle": 45 },
    "faces": {
        "down":  { "uv": [ 4.25, 7.25, 8.875, 8.625 ], "texture": "#texture" },
        "up":    { "uv": [ 4.25, 7.25, 8.875, 8.625 ], "texture": "#texture" },
        "north": { "uv": [ 3.625, 6.625, 6.125, 7.625 ], "texture": "#texture" },
        "south": { "uv": [ 3.625, 6.625, 6.125, 7.625 ], "texture": "#texture" },
        "west":  { "uv": [ 9.25, 6.625, 10.25, 7.625 ], "texture": "#texture" },
        "east":  { "uv": [ 9.25, 6.625, 10.25, 7.625 ], "texture": "#texture" }
    }
}
],
"display": {
    "thirdperson_righthand": {
        "rotation": [ 180, -90, 90 ],
        "translation": [ 1.51, 6.61, 2.08 ],
        "scale": [ 1.7, 1.7, 1.7 ]
    },
    "thirdperson_lefthand": {
        "rotation": [ 180, -90, -90 ],
        "translation": [ 1.89, 6.43, 1.89 ],
        "scale": [ 1.7, 1.7, 1.7 ]
    },
    "head": {
        "rotation": [ 0, 0, -37 ],
        "translation": [ -12.28, 12.47, -2.46 ],
        "scale": [ 1.39, 1.39, 1.39 ]
    },
    "ground": {
        "rotation": [ -9, 0, -10 ],
        "translation": [ 0, 2.83, 0 ],
        "scale": [ 0.66, 0.66, 0.66 ]
    },
    "fixed": {
        "rotation": [ 0, 0, -44 ],
        "translation": [ 0.57, -0.76, -1.51 ],
        "scale": [ 0.66, 0.66, 0.66 ]
    },
    "firstperson_righthand": {
        "rotation": [ -11, -71, -77 ],
        "translation": [ 0.57, 3.21, 0 ],
        "scale": [ 0.91, 0.91, 0.91 ]
    },
    "firstperson_lefthand": {
        "rotation": [ -11, -71, 99 ],
        "translation": [ 1.89, 3.02, 0 ],
        "scale": [ 0.91, 0.91, 0.91 ]
    },
    "gui": {
        "rotation": [ 24, -4, -45 ],
        "translation": [ 0.19, 0.19, -4.35 ],
        "scale": [ 0.63, 0.63, 0.63 ]
    }
}
}