{
"__comment": "Designed by FirecatHD",
"textures": {
	"texture": "jhsy/bow/water_bow_all"
},
"elements": [ 
{
	"from": [ 6.1875, 8.875, 7 ],
	"to": [ 7.1875, 12.25, 8 ],
	"rotation": { "origin": [ 6.1875, 12.25, 7 ], "axis": "z", "angle": -22.5 },
	"faces": {
		"down":  { "uv": [ 10.5, 9.375, 12, 10.875 ], "texture": "#texture" },
		"up":	{ "uv": [ 10.5, 9.375, 12, 10.875 ], "texture": "#texture" },
		"north": { "uv": [ 5.125, 9.125, 6.5, 11.75 ], "texture": "#texture" },
		"south": { "uv": [ 5.125, 9.125, 6.5, 11.75 ], "texture": "#texture" },
		"west":  { "uv": [ 9.125, 9.125, 10.375, 11.875 ], "texture": "#texture" },
		"east":  { "uv": [ 9.125, 9.125, 10.375, 11.875 ], "texture": "#texture" }
	}
},
{
	"from": [ 5.75, 10.625, 6.875 ],
	"to": [ 8.125, 12.125, 8.125 ],
	"rotation": { "origin": [ 5.75, 12.125, 6.875 ], "axis": "z", "angle": 45 },
	"faces": {
		"down":  { "uv": [ 8.75, 2.375, 10.375, 3.625 ], "texture": "#texture" },
		"up":	{ "uv": [ 8.75, 2.375, 10.375, 3.625 ], "texture": "#texture" },
		"north": { "uv": [ 11.25, 3, 12.875, 4.5 ], "texture": "#texture" },
		"south": { "uv": [ 11.25, 3, 12.875, 4.5 ], "texture": "#texture" },
		"west":  { "uv": [ 6.25, 1.375, 7.5, 2.875 ], "texture": "#texture" },
		"east":  { "uv": [ 6.25, 1.375, 7.5, 2.875 ], "texture": "#texture" }
	}
},
{
	"from": [ 9, 13.25, 7.125 ],
	"to": [ 10.5, 14.25, 7.875 ],
	"faces": {
		"down":  { "uv": [ 8.75, 2.375, 10.375, 3.625 ], "texture": "#texture" },
		"up":	{ "uv": [ 8.75, 2.375, 10.375, 3.625 ], "texture": "#texture" },
		"north": { "uv": [ 11.25, 3, 12.875, 4.5 ], "texture": "#texture" },
		"south": { "uv": [ 11.25, 3, 12.875, 4.5 ], "texture": "#texture" },
		"west":  { "uv": [ 6.25, 1.375, 7.5, 2.875 ], "texture": "#texture" },
		"east":  { "uv": [ 6.25, 1.375, 7.5, 2.875 ], "texture": "#texture" }
	}
},
{
	"from": [ 7.375, 12.375, 7 ],
	"to": [ 9.375, 13.625, 8 ],
	"rotation": { "origin": [ 7.375, 13.625, 7 ], "axis": "z", "angle": 22.5 },
	"faces": {
		"down":  { "uv": [ 8.75, 2.375, 10.375, 3.625 ], "texture": "#texture" },
		"up":	{ "uv": [ 8.75, 2.375, 10.375, 3.625 ], "texture": "#texture" },
		"north": { "uv": [ 11.25, 3, 12.875, 4.5 ], "texture": "#texture" },
		"south": { "uv": [ 11.25, 3, 12.875, 4.5 ], "texture": "#texture" },
		"west":  { "uv": [ 6.25, 1.375, 7.5, 2.875 ], "texture": "#texture" },
		"east":  { "uv": [ 6.25, 1.375, 7.5, 2.875 ], "texture": "#texture" }
	}
},
{
	"from": [ 4.875, 5.375, 7 ],
	"to": [ 6, 9.125, 8 ],
	"faces": {
		"down":  { "uv": [ 10.5, 9.375, 12, 10.875 ], "texture": "#texture" },
		"up":	{ "uv": [ 10.5, 9.375, 12, 10.875 ], "texture": "#texture" },
		"north": { "uv": [ 5.125, 9.125, 6.5, 11.75 ], "texture": "#texture" },
		"south": { "uv": [ 5.125, 9.125, 6.5, 11.75 ], "texture": "#texture" },
		"west":  { "uv": [ 9.125, 9.125, 10.375, 11.875 ], "texture": "#texture" },
		"east":  { "uv": [ 9.125, 9.125, 10.375, 11.875 ], "texture": "#texture" }
	}
},
{
	"from": [ 10.125, 1.25, 7.25 ],
	"to": [ 10.25, 13.75, 7.75 ],
	"faces": {
		"down":  { "uv": [ 5.5, 13.75, 15.625, 14.25 ], "texture": "#texture" },
		"up":	{ "uv": [ 5.5, 13.75, 15.625, 14.25 ], "texture": "#texture" },
		"north": { "uv": [ 6.125, 12.625, 15.875, 13.375 ], "texture": "#texture" },
		"south": { "uv": [ 6.125, 12.625, 15.875, 13.375 ], "texture": "#texture" },
		"west":  { "uv": [ 10.5, 13.25, 12, 14.75 ], "texture": "#texture" },
		"east":  { "uv": [ 10.5, 13.25, 12, 14.75 ], "texture": "#texture" }
	}
},
{
	"from": [ 4.9375, 2, 7 ],
	"to": [ 5.9375, 5.375, 8 ],
	"rotation": { "origin": [ 4.9375, 5.375, 7 ], "axis": "z", "angle": 22.5 },
	"faces": {
		"down":  { "uv": [ 10.5, 9.375, 12, 10.875 ], "texture": "#texture" },
		"up":	{ "uv": [ 10.5, 9.375, 12, 10.875 ], "texture": "#texture" },
		"north": { "uv": [ 5.125, 9.125, 6.5, 11.75 ], "texture": "#texture" },
		"south": { "uv": [ 5.125, 9.125, 6.5, 11.75 ], "texture": "#texture" },
		"west":  { "uv": [ 9.125, 9.125, 10.375, 11.875 ], "texture": "#texture" },
		"east":  { "uv": [ 9.125, 9.125, 10.375, 11.875 ], "texture": "#texture" }
	}
},
{
	"from": [ 6.75, 2.25, 6.875 ],
	"to": [ 9.125, 3.75, 8.125 ],
	"rotation": { "origin": [ 6.75, 3.75, 6.875 ], "axis": "z", "angle": -45 },
	"faces": {
		"down":  { "uv": [ 8.75, 2.375, 10.375, 3.625 ], "texture": "#texture" },
		"up":	{ "uv": [ 8.75, 2.375, 10.375, 3.625 ], "texture": "#texture" },
		"north": { "uv": [ 11.25, 3, 12.875, 4.5 ], "texture": "#texture" },
		"south": { "uv": [ 11.25, 3, 12.875, 4.5 ], "texture": "#texture" },
		"west":  { "uv": [ 6.25, 1.375, 7.5, 2.875 ], "texture": "#texture" },
		"east":  { "uv": [ 6.25, 1.375, 7.5, 2.875 ], "texture": "#texture" }
	}
},
{
	"from": [ 7.8125, 1.1875, 7 ],
	"to": [ 9.8125, 2.4375, 8 ],
	"rotation": { "origin": [ 7.8125, 2.4375, 7 ], "axis": "z", "angle": -22.5 },
	"faces": {
		"down":  { "uv": [ 8.75, 2.375, 10.375, 3.625 ], "texture": "#texture" },
		"up":	{ "uv": [ 8.75, 2.375, 10.375, 3.625 ], "texture": "#texture" },
		"north": { "uv": [ 11.25, 3, 12.875, 4.5 ], "texture": "#texture" },
		"south": { "uv": [ 11.25, 3, 12.875, 4.5 ], "texture": "#texture" },
		"west":  { "uv": [ 6.25, 1.375, 7.5, 2.875 ], "texture": "#texture" },
		"east":  { "uv": [ 6.25, 1.375, 7.5, 2.875 ], "texture": "#texture" }
	}
},
{
	"from": [ 9, 0.6875, 7.125 ],
	"to": [ 10.5, 1.6875, 7.875 ],
	"faces": {
		"down":  { "uv": [ 8.75, 2.375, 10.375, 3.625 ], "texture": "#texture" },
		"up":	{ "uv": [ 8.75, 2.375, 10.375, 3.625 ], "texture": "#texture" },
		"north": { "uv": [ 11.25, 3, 12.875, 4.5 ], "texture": "#texture" },
		"south": { "uv": [ 11.25, 3, 12.875, 4.5 ], "texture": "#texture" },
		"west":  { "uv": [ 6.25, 1.375, 7.5, 2.875 ], "texture": "#texture" },
		"east":  { "uv": [ 6.25, 1.375, 7.5, 2.875 ], "texture": "#texture" }
	}
},
{
	"from": [ 4.75, 9, 6.875 ],
	"to": [ 6.125, 9.375, 8.125 ],
	"faces": {
		"down":  { "uv": [ 10.625, 13.375, 12, 14.625 ], "texture": "#texture" },
		"up":	{ "uv": [ 10.625, 13.375, 12, 14.625 ], "texture": "#texture" },
		"north": { "uv": [ 10, 12.375, 11.375, 12.75 ], "texture": "#texture" },
		"south": { "uv": [ 10, 12.375, 11.375, 12.75 ], "texture": "#texture" },
		"west":  { "uv": [ 13.5, 13.375, 14.75, 13.75 ], "texture": "#texture" },
		"east":  { "uv": [ 13.5, 13.375, 14.75, 13.75 ], "texture": "#texture" }
	}
},
{
	"from": [ 4.75, 8.375, 6.875 ],
	"to": [ 6.125, 8.75, 8.125 ],
	"faces": {
		"down":  { "uv": [ 10.625, 13.375, 12, 14.625 ], "texture": "#texture" },
		"up":	{ "uv": [ 10.625, 13.375, 12, 14.625 ], "texture": "#texture" },
		"north": { "uv": [ 10, 12.375, 11.375, 12.75 ], "texture": "#texture" },
		"south": { "uv": [ 10, 12.375, 11.375, 12.75 ], "texture": "#texture" },
		"west":  { "uv": [ 13.5, 13.375, 14.75, 13.75 ], "texture": "#texture" },
		"east":  { "uv": [ 13.5, 13.375, 14.75, 13.75 ], "texture": "#texture" }
	}
},
{
	"from": [ 4.75, 7.75, 6.875 ],
	"to": [ 6.125, 8.125, 8.125 ],
	"faces": {
		"down":  { "uv": [ 10.625, 13.375, 12, 14.625 ], "texture": "#texture" },
		"up":	{ "uv": [ 10.625, 13.375, 12, 14.625 ], "texture": "#texture" },
		"north": { "uv": [ 10, 12.375, 11.375, 12.75 ], "texture": "#texture" },
		"south": { "uv": [ 10, 12.375, 11.375, 12.75 ], "texture": "#texture" },
		"west":  { "uv": [ 13.5, 13.375, 14.75, 13.75 ], "texture": "#texture" },
		"east":  { "uv": [ 13.5, 13.375, 14.75, 13.75 ], "texture": "#texture" }
	}
},
{
	"from": [ 4.75, 7.125, 6.875 ],
	"to": [ 6.125, 7.5, 8.125 ],
	"faces": {
		"down":  { "uv": [ 10.625, 13.375, 12, 14.625 ], "texture": "#texture" },
		"up":	{ "uv": [ 10.625, 13.375, 12, 14.625 ], "texture": "#texture" },
		"north": { "uv": [ 10, 12.375, 11.375, 12.75 ], "texture": "#texture" },
		"south": { "uv": [ 10, 12.375, 11.375, 12.75 ], "texture": "#texture" },
		"west":  { "uv": [ 13.5, 13.375, 14.75, 13.75 ], "texture": "#texture" },
		"east":  { "uv": [ 13.5, 13.375, 14.75, 13.75 ], "texture": "#texture" }
	}
},
{
	"from": [ 4.75, 6.5, 6.875 ],
	"to": [ 6.125, 6.875, 8.125 ],
	"faces": {
		"down":  { "uv": [ 10.625, 13.375, 12, 14.625 ], "texture": "#texture" },
		"up":	{ "uv": [ 10.625, 13.375, 12, 14.625 ], "texture": "#texture" },
		"north": { "uv": [ 10, 12.375, 11.375, 12.75 ], "texture": "#texture" },
		"south": { "uv": [ 10, 12.375, 11.375, 12.75 ], "texture": "#texture" },
		"west":  { "uv": [ 13.5, 13.375, 14.75, 13.75 ], "texture": "#texture" },
		"east":  { "uv": [ 13.5, 13.375, 14.75, 13.75 ], "texture": "#texture" }
	}
},
{
	"from": [ 4.75, 5.875, 6.875 ],
	"to": [ 6.125, 6.25, 8.125 ],
	"faces": {
		"down":  { "uv": [ 10.625, 13.375, 12, 14.625 ], "texture": "#texture" },
		"up":	{ "uv": [ 10.625, 13.375, 12, 14.625 ], "texture": "#texture" },
		"north": { "uv": [ 10, 12.375, 11.375, 12.75 ], "texture": "#texture" },
		"south": { "uv": [ 10, 12.375, 11.375, 12.75 ], "texture": "#texture" },
		"west":  { "uv": [ 13.5, 13.375, 14.75, 13.75 ], "texture": "#texture" },
		"east":  { "uv": [ 13.5, 13.375, 14.75, 13.75 ], "texture": "#texture" }
	}
},
{
	"from": [ 4.75, 5.25, 6.875 ],
	"to": [ 6.125, 5.625, 8.125 ],
	"faces": {
		"down":  { "uv": [ 10.625, 13.375, 12, 14.625 ], "texture": "#texture" },
		"up":	{ "uv": [ 10.625, 13.375, 12, 14.625 ], "texture": "#texture" },
		"north": { "uv": [ 10, 12.375, 11.375, 12.75 ], "texture": "#texture" },
		"south": { "uv": [ 10, 12.375, 11.375, 12.75 ], "texture": "#texture" },
		"west":  { "uv": [ 13.5, 13.375, 14.75, 13.75 ], "texture": "#texture" },
		"east":  { "uv": [ 13.5, 13.375, 14.75, 13.75 ], "texture": "#texture" }
	}
}
],
"display": {
	"firstperson_righthand": {
		"rotation": [ 52, -85, 51 ],
		"translation": [ 0, 6, 0 ],
		"scale": [ 1, 1.2, 1 ]
	},
	"firstperson_lefthand": {
		"rotation": [ -52, 85, 51 ],
        "translation": [ 0, 6, 0 ],
        "scale": [ 1, 1.2, 1 ]
	},
	"thirdperson_righthand": {
		"rotation": [ 0, -90, 0 ],
		"translation": [ -1, -1.51, 5 ],
		"scale": [ 1.5, 1.5, 1.5 ]
	},
	"thirdperson_lefthand": {
		"rotation": [ 0, 90, 0 ],
        "translation": [ 1, -1.51, 5 ],
        "scale": [ 1.5, 1.5, 1.5 ]
	},
	"fixed": {
		"rotation": [ 0, 0, 0 ],
		"translation": [ 0, 0, 0 ],
		"scale": [ 1, 1, 1 ]
	},
	"gui": {
		"rotation": [ 0, 0, -45 ],
		"translation": [ 0, 0.8, 0 ],
		"scale": [ 1, 1, 1 ]
	},
	"ground": {
		"rotation": [ 0, 0, 0 ],
		"translation": [ 0, 4, 0 ],
		"scale": [ 0.5, 0.5, 0.5 ]
	}
}
}