{
"__comment": "Designed by FirecatHD",
"textures": {
    "texture": "3d/multielement_spear_all",
    "multielement_orb": "3d/multielement_orb",
    "blade_glow": "3d/blade_glow"
},
"elements": [ 
{
    "from": [ 17.375, 8.375, 7 ],
    "to": [ 17.875, 9.875, 8.5 ],
    "faces": {
        "down":  { "uv": [ 0.75, 4.5, 3.75, 7.5 ], "texture": "#texture" },
        "up":    { "uv": [ 0.75, 4.5, 3.75, 7.5 ], "texture": "#texture" },
        "north": { "uv": [ 1.25, 4.75, 4.25, 7.75 ], "texture": "#texture" },
        "south": { "uv": [ 1.25, 4.75, 4.25, 7.75 ], "texture": "#texture" },
        "west":  { "uv": [ 1, 4.5, 4, 7.5 ], "texture": "#texture" },
        "east":  { "uv": [ 1, 4.5, 4, 7.5 ], "texture": "#texture" }
    }
},
{
    "from": [ 18, 7.125, 7.25 ],
    "to": [ 24.5, 7.875, 8.25 ],
    "faces": {
        "down":  { "uv": [ 5.75, 12.75, 12.125, 13.25 ], "texture": "#texture" },
        "up":    { "uv": [ 5.75, 12.75, 12.125, 13.25 ], "texture": "#texture" },
        "north": { "uv": [ 3.25, 13.25, 9.625, 14.5 ], "texture": "#texture" },
        "south": { "uv": [ 3.25, 13.25, 9.625, 14.5 ], "texture": "#texture" },
        "west":  { "uv": [ 3.75, 14.75, 4.25, 16 ], "texture": "#texture" },
        "east":  { "uv": [ 3.75, 14.75, 4.25, 16 ], "texture": "#texture" }
    }
},
{
    "from": [ 17.25, 6.25, 6.5 ],
    "to": [ 18, 8.75, 9 ],
    "faces": {
        "down":  { "uv": [ 0.75, 4.5, 3.75, 7.5 ], "texture": "#texture" },
        "up":    { "uv": [ 0.75, 4.5, 3.75, 7.5 ], "texture": "#texture" },
        "north": { "uv": [ 1.25, 4.75, 4.25, 7.75 ], "texture": "#texture" },
        "south": { "uv": [ 1.25, 4.75, 4.25, 7.75 ], "texture": "#texture" },
        "west":  { "uv": [ 1, 4.5, 4, 7.5 ], "texture": "#texture" },
        "east":  { "uv": [ 1, 4.5, 4, 7.5 ], "texture": "#texture" }
    }
},
{
    "from": [ 24, 6.25, 6.5 ],
    "to": [ 24.75, 8.75, 9 ],
    "faces": {
        "down":  { "uv": [ 0.75, 4.5, 3.75, 7.5 ], "texture": "#texture" },
        "up":    { "uv": [ 0.75, 4.5, 3.75, 7.5 ], "texture": "#texture" },
        "north": { "uv": [ 1.25, 4.75, 4.25, 7.75 ], "texture": "#texture" },
        "south": { "uv": [ 1.25, 4.75, 4.25, 7.75 ], "texture": "#texture" },
        "west":  { "uv": [ 1, 4.5, 4, 7.5 ], "texture": "#texture" },
        "east":  { "uv": [ 1, 4.5, 4, 7.5 ], "texture": "#texture" }
    }
},
{
    "from": [ 24, 8.75, 6.75 ],
    "to": [ 24.75, 9, 8.75 ],
    "faces": {
        "down":  { "uv": [ 0.75, 4.5, 3.75, 7.5 ], "texture": "#texture" },
        "up":    { "uv": [ 0.75, 4.5, 3.75, 7.5 ], "texture": "#texture" },
        "north": { "uv": [ 1.25, 4.75, 4.25, 7.75 ], "texture": "#texture" },
        "south": { "uv": [ 1.25, 4.75, 4.25, 7.75 ], "texture": "#texture" },
        "west":  { "uv": [ 1, 4.5, 4, 7.5 ], "texture": "#texture" },
        "east":  { "uv": [ 1, 4.5, 4, 7.5 ], "texture": "#texture" }
    }
},
{
    "from": [ 24, 6, 6.75 ],
    "to": [ 24.75, 6.25, 8.75 ],
    "faces": {
        "down":  { "uv": [ 0.75, 4.5, 3.75, 7.5 ], "texture": "#texture" },
        "up":    { "uv": [ 0.75, 4.5, 3.75, 7.5 ], "texture": "#texture" },
        "north": { "uv": [ 1.25, 4.75, 4.25, 7.75 ], "texture": "#texture" },
        "south": { "uv": [ 1.25, 4.75, 4.25, 7.75 ], "texture": "#texture" },
        "west":  { "uv": [ 1, 4.5, 4, 7.5 ], "texture": "#texture" },
        "east":  { "uv": [ 1, 4.5, 4, 7.5 ], "texture": "#texture" }
    }
},
{
    "from": [ 17.25, 5.25, 6.75 ],
    "to": [ 18, 6.25, 8.75 ],
    "faces": {
        "down":  { "uv": [ 0.75, 4.5, 3.75, 7.5 ], "texture": "#texture" },
        "up":    { "uv": [ 0.75, 4.5, 3.75, 7.5 ], "texture": "#texture" },
        "north": { "uv": [ 1.25, 4.75, 4.25, 7.75 ], "texture": "#texture" },
        "south": { "uv": [ 1.25, 4.75, 4.25, 7.75 ], "texture": "#texture" },
        "west":  { "uv": [ 1, 4.5, 4, 7.5 ], "texture": "#texture" },
        "east":  { "uv": [ 1, 4.5, 4, 7.5 ], "texture": "#texture" }
    }
},
{
    "from": [ 17.25, 8.75, 6.75 ],
    "to": [ 18, 9.75, 8.75 ],
    "faces": {
        "down":  { "uv": [ 0.75, 4.5, 3.75, 7.5 ], "texture": "#texture" },
        "up":    { "uv": [ 0.75, 4.5, 3.75, 7.5 ], "texture": "#texture" },
        "north": { "uv": [ 1.25, 4.75, 4.25, 7.75 ], "texture": "#texture" },
        "south": { "uv": [ 1.25, 4.75, 4.25, 7.75 ], "texture": "#texture" },
        "west":  { "uv": [ 1, 4.5, 4, 7.5 ], "texture": "#texture" },
        "east":  { "uv": [ 1, 4.5, 4, 7.5 ], "texture": "#texture" }
    }
},
{
    "from": [ 17.375, 5.125, 7 ],
    "to": [ 17.875, 6.625, 8.5 ],
    "faces": {
        "down":  { "uv": [ 0.75, 4.5, 3.75, 7.5 ], "texture": "#texture" },
        "up":    { "uv": [ 0.75, 4.5, 3.75, 7.5 ], "texture": "#texture" },
        "north": { "uv": [ 1.25, 4.75, 4.25, 7.75 ], "texture": "#texture" },
        "south": { "uv": [ 1.25, 4.75, 4.25, 7.75 ], "texture": "#texture" },
        "west":  { "uv": [ 1, 4.5, 4, 7.5 ], "texture": "#texture" },
        "east":  { "uv": [ 1, 4.5, 4, 7.5 ], "texture": "#texture" }
    }
},
{
    "from": [ 17.75, 6.5, 6.75 ],
    "to": [ 18.25, 8.5, 8.75 ],
    "faces": {
        "down":  { "uv": [ 7.25, 8, 10.25, 9 ], "texture": "#texture" },
        "up":    { "uv": [ 7.25, 8, 10.25, 9 ], "texture": "#texture" },
        "north": { "uv": [ 6.5, 8.75, 9.5, 11.25 ], "texture": "#texture" },
        "south": { "uv": [ 6.5, 8.75, 9.5, 11.25 ], "texture": "#texture" },
        "west":  { "uv": [ 7, 9.25, 8, 11.75 ], "texture": "#texture" },
        "east":  { "uv": [ 7, 9.25, 8, 11.75 ], "texture": "#texture" }
    }
},
{
    "from": [ 24.5, 6.5, 6.75 ],
    "to": [ 25, 8.5, 8.75 ],
    "faces": {
        "down":  { "uv": [ 7.25, 8, 10.25, 9 ], "texture": "#texture" },
        "up":    { "uv": [ 7.25, 8, 10.25, 9 ], "texture": "#texture" },
        "north": { "uv": [ 6.5, 8.75, 9.5, 11.25 ], "texture": "#texture" },
        "south": { "uv": [ 6.5, 8.75, 9.5, 11.25 ], "texture": "#texture" },
        "west":  { "uv": [ 7, 9.25, 8, 11.75 ], "texture": "#texture" },
        "east":  { "uv": [ 7, 9.25, 8, 11.75 ], "texture": "#texture" }
    }
},
{
    "from": [ 24.75, 6.75, 7 ],
    "to": [ 25.25, 8.25, 8.5 ],
    "faces": {
        "down":  { "uv": [ 12, 8.5, 15, 9.5 ], "texture": "#texture" },
        "up":    { "uv": [ 12, 8.5, 15, 9.5 ], "texture": "#texture" },
        "north": { "uv": [ 12, 8.75, 15, 11.25 ], "texture": "#texture" },
        "south": { "uv": [ 12, 8.75, 15, 11.25 ], "texture": "#texture" },
        "west":  { "uv": [ 12.5, 8.75, 13.5, 11.25 ], "texture": "#texture" },
        "east":  { "uv": [ 12.5, 8.75, 13.5, 11.25 ], "texture": "#texture" }
    }
},
{
    "from": [ 18, 6.875, 7.5 ],
    "to": [ 24.375, 8.125, 8 ],
    "faces": {
        "down":  { "uv": [ 5.75, 12.75, 12.125, 13.25 ], "texture": "#texture" },
        "up":    { "uv": [ 5.75, 12.75, 12.125, 13.25 ], "texture": "#texture" },
        "north": { "uv": [ 3.25, 13.25, 9.625, 14.5 ], "texture": "#texture" },
        "south": { "uv": [ 3.25, 13.25, 9.625, 14.5 ], "texture": "#texture" },
        "west":  { "uv": [ 3.75, 14.75, 4.25, 16 ], "texture": "#texture" },
        "east":  { "uv": [ 3.75, 14.75, 4.25, 16 ], "texture": "#texture" }
    }
},
{
    "from": [ 18, 7, 7.375 ],
    "to": [ 24.5, 8, 8.125 ],
    "faces": {
        "down":  { "uv": [ 5.75, 12.75, 12.125, 13.25 ], "texture": "#texture" },
        "up":    { "uv": [ 5.75, 12.75, 12.125, 13.25 ], "texture": "#texture" },
        "north": { "uv": [ 3.25, 13.25, 9.625, 14.5 ], "texture": "#texture" },
        "south": { "uv": [ 3.25, 13.25, 9.625, 14.5 ], "texture": "#texture" },
        "west":  { "uv": [ 3.75, 14.75, 4.25, 16 ], "texture": "#texture" },
        "east":  { "uv": [ 3.75, 14.75, 4.25, 16 ], "texture": "#texture" }
    }
},
{
    "from": [ 18, 7.25, 7.125 ],
    "to": [ 24.25, 7.75, 8.375 ],
    "faces": {
        "down":  { "uv": [ 5.75, 12.75, 12.125, 13.25 ], "texture": "#texture" },
        "up":    { "uv": [ 5.75, 12.75, 12.125, 13.25 ], "texture": "#texture" },
        "north": { "uv": [ 3.25, 13.25, 9.625, 14.5 ], "texture": "#texture" },
        "south": { "uv": [ 3.25, 13.25, 9.625, 14.5 ], "texture": "#texture" },
        "west":  { "uv": [ 3.75, 14.75, 4.25, 16 ], "texture": "#texture" },
        "east":  { "uv": [ 3.75, 14.75, 4.25, 16 ], "texture": "#texture" }
    }
},
{
    "from": [ 18, 6.75, 7 ],
    "to": [ 18.5, 8.25, 8.5 ],
    "faces": {
        "down":  { "uv": [ 12, 8.5, 15, 9.5 ], "texture": "#texture" },
        "up":    { "uv": [ 12, 8.5, 15, 9.5 ], "texture": "#texture" },
        "north": { "uv": [ 12, 8.75, 15, 11.25 ], "texture": "#texture" },
        "south": { "uv": [ 12, 8.75, 15, 11.25 ], "texture": "#texture" },
        "west":  { "uv": [ 12.5, 8.75, 13.5, 11.25 ], "texture": "#texture" },
        "east":  { "uv": [ 12.5, 8.75, 13.5, 11.25 ], "texture": "#texture" }
    }
},
{
    "from": [ 15.875, 6.25, 7.5625 ],
    "to": [ 16.125, 8.5, 7.8125 ],
    "faces": {
        "down":  { "uv": [ 7.25, 1, 10.25, 2 ], "texture": "#blade_glow" },
        "up":    { "uv": [ 7.25, 1, 10.25, 2 ], "texture": "#blade_glow" },
        "north": { "uv": [ 8.75, 1.125, 11.75, 3.625 ], "texture": "#blade_glow" },
        "south": { "uv": [ 8.75, 1.125, 11.75, 3.625 ], "texture": "#blade_glow" },
        "west":  { "uv": [ 7.625, 1, 8.625, 3.5 ], "texture": "#blade_glow" },
        "east":  { "uv": [ 7.625, 1, 8.625, 3.5 ], "texture": "#blade_glow" }
    }
},
{
    "from": [ 23.75, 6.5, 6.75 ],
    "to": [ 24.25, 8.5, 8.75 ],
    "faces": {
        "down":  { "uv": [ 1.75, 8.75, 4.75, 9.75 ], "texture": "#texture" },
        "up":    { "uv": [ 1.75, 8.75, 4.75, 9.75 ], "texture": "#texture" },
        "north": { "uv": [ 2.25, 8.5, 5.25, 11 ], "texture": "#texture" },
        "south": { "uv": [ 2.25, 8.5, 5.25, 11 ], "texture": "#texture" },
        "west":  { "uv": [ 2.5, 8.5, 3.5, 11 ], "texture": "#texture" },
        "east":  { "uv": [ 2.5, 8.5, 3.5, 11 ], "texture": "#texture" }
    }
},
{
    "from": [ 23.5, 6.75, 7 ],
    "to": [ 24, 8.25, 8.5 ],
    "faces": {
        "down":  { "uv": [ 6.75, 4.5, 9.75, 5.5 ], "texture": "#texture" },
        "up":    { "uv": [ 6.75, 4.5, 9.75, 5.5 ], "texture": "#texture" },
        "north": { "uv": [ 6.25, 4.75, 9.25, 7.25 ], "texture": "#texture" },
        "south": { "uv": [ 6.25, 4.75, 9.25, 7.25 ], "texture": "#texture" },
        "west":  { "uv": [ 8.5, 5, 9.5, 7.5 ], "texture": "#texture" },
        "east":  { "uv": [ 8.5, 5, 9.5, 7.5 ], "texture": "#texture" }
    }
},
{
    "from": [ 17, 6.5, 6.75 ],
    "to": [ 17.5, 8.5, 8.75 ],
    "faces": {
        "down":  { "uv": [ 1.75, 8.75, 4.75, 9.75 ], "texture": "#texture" },
        "up":    { "uv": [ 1.75, 8.75, 4.75, 9.75 ], "texture": "#texture" },
        "north": { "uv": [ 2.25, 8.5, 5.25, 11 ], "texture": "#texture" },
        "south": { "uv": [ 2.25, 8.5, 5.25, 11 ], "texture": "#texture" },
        "west":  { "uv": [ 2.5, 8.5, 3.5, 11 ], "texture": "#texture" },
        "east":  { "uv": [ 2.5, 8.5, 3.5, 11 ], "texture": "#texture" }
    }
},
{
    "from": [ 16.75, 6.75, 7 ],
    "to": [ 17.25, 8.25, 8.5 ],
    "faces": {
        "down":  { "uv": [ 6.75, 4.5, 9.75, 5.5 ], "texture": "#texture" },
        "up":    { "uv": [ 6.75, 4.5, 9.75, 5.5 ], "texture": "#texture" },
        "north": { "uv": [ 6.25, 4.75, 9.25, 7.25 ], "texture": "#texture" },
        "south": { "uv": [ 6.25, 4.75, 9.25, 7.25 ], "texture": "#texture" },
        "west":  { "uv": [ 8.5, 5, 9.5, 7.5 ], "texture": "#texture" },
        "east":  { "uv": [ 8.5, 5, 9.5, 7.5 ], "texture": "#texture" }
    }
},
{
    "from": [ 15.75, 6.125, 7.625 ],
    "to": [ 16, 8.625, 7.875 ],
    "faces": {
        "down":  { "uv": [ 7.25, 1, 10.25, 2 ], "texture": "#blade_glow" },
        "up":    { "uv": [ 7.25, 1, 10.25, 2 ], "texture": "#blade_glow" },
        "north": { "uv": [ 8.75, 1.125, 11.75, 3.625 ], "texture": "#blade_glow" },
        "south": { "uv": [ 8.75, 1.125, 11.75, 3.625 ], "texture": "#blade_glow" },
        "west":  { "uv": [ 7.625, 1, 8.625, 3.5 ], "texture": "#blade_glow" },
        "east":  { "uv": [ 7.625, 1, 8.625, 3.5 ], "texture": "#blade_glow" }
    }
},
{
    "from": [ 5.5, 6.25, 7.375 ],
    "to": [ 15.75, 8.5, 8.125 ],
    "faces": {
        "down":  { "uv": [ 2.25, 2.5, 14.25, 3.25 ], "texture": "#blade_glow" },
        "up":    { "uv": [ 2.25, 2.5, 14.25, 3.25 ], "texture": "#blade_glow" },
        "north": { "uv": [ 3.5, 7.25, 15.5, 10 ], "texture": "#blade_glow" },
        "south": { "uv": [ 3.5, 7.25, 15.5, 10 ], "texture": "#blade_glow" },
        "west":  { "uv": [ 7, 5.25, 7.75, 8 ], "texture": "#blade_glow" },
        "east":  { "uv": [ 7, 5.25, 7.75, 8 ], "texture": "#blade_glow" }
    }
},
{
    "from": [ 5.5, 6, 7.625 ],
    "to": [ 15.75, 8.75, 7.875 ],
    "faces": {
        "down":  { "uv": [ 2.25, 2.5, 14.25, 3.25 ], "texture": "#blade_glow" },
        "up":    { "uv": [ 2.25, 2.5, 14.25, 3.25 ], "texture": "#blade_glow" },
        "north": { "uv": [ 3.5, 7.25, 15.5, 10 ], "texture": "#blade_glow" },
        "south": { "uv": [ 3.5, 7.25, 15.5, 10 ], "texture": "#blade_glow" },
        "west":  { "uv": [ 7, 5.25, 7.75, 8 ], "texture": "#blade_glow" },
        "east":  { "uv": [ 7, 5.25, 7.75, 8 ], "texture": "#blade_glow" }
    }
},
{
    "from": [ 4.125, 6.1875, 7.625 ],
    "to": [ 6, 7.4375, 7.875 ],
    "rotation": { "origin": [ 4.125, 7.4375, 7.625 ], "axis": "z", "angle": 45 },
    "faces": {
        "down":  { "uv": [ 3.75, 6.5, 5.25, 7.25 ], "texture": "#blade_glow" },
        "up":    { "uv": [ 3.75, 6.5, 5.25, 7.25 ], "texture": "#blade_glow" },
        "north": { "uv": [ 4, 7.5, 5.5, 8.25 ], "texture": "#blade_glow" },
        "south": { "uv": [ 4, 7.5, 5.5, 8.25 ], "texture": "#blade_glow" },
        "west":  { "uv": [ 8.75, 8.25, 9.5, 9 ], "texture": "#blade_glow" },
        "east":  { "uv": [ 8.75, 8.25, 9.5, 9 ], "texture": "#blade_glow" }
    }
},
{
    "from": [ 5.375, 6.6875, 7.625 ],
    "to": [ 6.875, 7.9375, 7.875 ],
    "rotation": { "origin": [ 5.375, 7.9375, 7.625 ], "axis": "z", "angle": -45 },
    "faces": {
        "down":  { "uv": [ 3.75, 6.5, 5.25, 7.25 ], "texture": "#blade_glow" },
        "up":    { "uv": [ 3.75, 6.5, 5.25, 7.25 ], "texture": "#blade_glow" },
        "north": { "uv": [ 4, 7.5, 5.5, 8.25 ], "texture": "#blade_glow" },
        "south": { "uv": [ 4, 7.5, 5.5, 8.25 ], "texture": "#blade_glow" },
        "west":  { "uv": [ 8.75, 8.25, 9.5, 9 ], "texture": "#blade_glow" },
        "east":  { "uv": [ 8.75, 8.25, 9.5, 9 ], "texture": "#blade_glow" }
    }
},
{
    "from": [ 4.4375, 6.625, 7.375 ],
    "to": [ 5.9375, 7.375, 8.125 ],
    "rotation": { "origin": [ 4.4375, 7.375, 7.375 ], "axis": "z", "angle": 45 },
    "faces": {
        "down":  { "uv": [ 3.75, 6.5, 5.25, 7.25 ], "texture": "#blade_glow" },
        "up":    { "uv": [ 3.75, 6.5, 5.25, 7.25 ], "texture": "#blade_glow" },
        "north": { "uv": [ 4, 7.5, 5.5, 8.25 ], "texture": "#blade_glow" },
        "south": { "uv": [ 4, 7.5, 5.5, 8.25 ], "texture": "#blade_glow" },
        "west":  { "uv": [ 8.75, 8.25, 9.5, 9 ], "texture": "#blade_glow" },
        "east":  { "uv": [ 8.75, 8.25, 9.5, 9 ], "texture": "#blade_glow" }
    }
},
{
    "from": [ 5.125, 7, 7.375 ],
    "to": [ 6.375, 7.75, 8.125 ],
    "rotation": { "origin": [ 5.125, 7.75, 7.375 ], "axis": "z", "angle": -45 },
    "faces": {
        "down":  { "uv": [ 3.75, 6.5, 5.25, 7.25 ], "texture": "#blade_glow" },
        "up":    { "uv": [ 3.75, 6.5, 5.25, 7.25 ], "texture": "#blade_glow" },
        "north": { "uv": [ 4, 7.5, 5.5, 8.25 ], "texture": "#blade_glow" },
        "south": { "uv": [ 4, 7.5, 5.5, 8.25 ], "texture": "#blade_glow" },
        "west":  { "uv": [ 8.75, 8.25, 9.5, 9 ], "texture": "#blade_glow" },
        "east":  { "uv": [ 8.75, 8.25, 9.5, 9 ], "texture": "#blade_glow" }
    }
}
]
}