{
"__comment": "Designed by Corporalblober with BDcraft Cubik PRO 0.95 Beta - http://bdcraft.net",
"textures": {
    "particle": "blocks/anvil 1",
    "texture": "blocks/anvil 1",
    "wood door texture": "blocks/hardened clay stained brown",
    "blade": "blocks/anvil 1"
},
"elements": [ 
{
    "from": [ -8.75, 9.25, 7.5 ],
    "to": [ 8, 9.75, 7.75 ],
    "faces": {
        "down":  { "uv": [ 16, 7.75, 8, 7.5 ], "texture": "#texture", "cullface": "west" },
        "up":    { "uv": [ 0, 7.5, 8, 7.75 ], "texture": "#texture", "cullface": "west" },
        "north": { "uv": [ 8, 6.25, 16, 6.75 ], "texture": "#texture", "cullface": "west" },
        "south": { "uv": [ 0, 6.25, 8, 6.75 ], "texture": "#texture", "cullface": "west" },
        "west":  { "uv": [ 7.5, 6.25, 7.75, 6.75 ], "texture": "#texture", "cullface": "west" },
        "east":  { "uv": [ 8.25, 6.25, 8.5, 6.75 ], "texture": "#texture", "cullface": "west" }
    }
},
{
    "from": [ -8.75, 9.25, 8.25 ],
    "to": [ 8, 9.75, 8.5 ],
    "faces": {
        "down":  { "uv": [ 16, 8.5, 8, 8.25 ], "texture": "#texture", "cullface": "west" },
        "up":    { "uv": [ 0, 8.25, 8, 8.5 ], "texture": "#texture", "cullface": "west" },
        "north": { "uv": [ 8, 6.25, 16, 6.75 ], "texture": "#texture", "cullface": "west" },
        "south": { "uv": [ 0, 6.25, 8, 6.75 ], "texture": "#texture", "cullface": "west" },
        "west":  { "uv": [ 8.25, 6.25, 8.5, 6.75 ], "texture": "#texture", "cullface": "west" },
        "east":  { "uv": [ 7.5, 6.25, 7.75, 6.75 ], "texture": "#texture", "cullface": "west" }
    }
},
{
    "from": [ -8.75, 9.75, 7.75 ],
    "to": [ 8, 10, 8.25 ],
    "faces": {
        "down":  { "uv": [ 16, 8.25, 8, 7.75 ], "texture": "#texture", "cullface": "west" },
        "up":    { "uv": [ 0, 7.75, 8, 8.25 ], "texture": "#texture", "cullface": "west" },
        "north": { "uv": [ 8, 6, 16, 6.25 ], "texture": "#texture", "cullface": "west" },
        "south": { "uv": [ 0, 6, 8, 6.25 ], "texture": "#texture", "cullface": "west" },
        "west":  { "uv": [ 7.75, 6, 8.25, 6.25 ], "texture": "#texture", "cullface": "west" }
    }
},
{
    "from": [ -8.75, 9, 7.75 ],
    "to": [ 8, 9.25, 8.25 ],
    "faces": {
        "down":  { "uv": [ 16, 8.25, 8, 7.75 ], "texture": "#texture", "cullface": "west" },
        "up":    { "uv": [ 0, 7.75, 8, 8.25 ], "texture": "#texture", "cullface": "west" },
        "north": { "uv": [ 8, 6.75, 16, 7 ], "texture": "#texture", "cullface": "west" },
        "south": { "uv": [ 0, 6.75, 8, 7 ], "texture": "#texture", "cullface": "west" },
        "west":  { "uv": [ 7.75, 6.75, 8.25, 7 ], "texture": "#texture", "cullface": "west" }
    }
},
{
    "from": [ -3.75, 8, 7.5 ],
    "to": [ 8, 8.5, 7.75 ],
    "faces": {
        "down":  { "uv": [ 16, 7.75, 8, 7.5 ], "texture": "#texture", "cullface": "west" },
        "up":    { "uv": [ 0, 7.5, 8, 7.75 ], "texture": "#texture", "cullface": "west" },
        "north": { "uv": [ 8, 7.5, 16, 8 ], "texture": "#texture", "cullface": "west" },
        "south": { "uv": [ 0, 7.5, 8, 8 ], "texture": "#texture", "cullface": "west" }
    }
},
{
    "from": [ -3.75, 8.5, 7.75 ],
    "to": [ 8, 8.75, 8.25 ],
    "faces": {
        "down":  { "uv": [ 16, 8.25, 8, 7.75 ], "texture": "#texture", "cullface": "west" },
        "up":    { "uv": [ 0, 7.75, 8, 8.25 ], "texture": "#texture", "cullface": "west" },
        "north": { "uv": [ 8, 7.25, 16, 7.5 ], "texture": "#texture", "cullface": "west" },
        "south": { "uv": [ 0, 7.25, 8, 7.5 ], "texture": "#texture", "cullface": "west" }
    }
},
{
    "from": [ -3.75, 8, 8.25 ],
    "to": [ 8, 8.5, 8.5 ],
    "faces": {
        "down":  { "uv": [ 16, 8.5, 8, 8.25 ], "texture": "#texture", "cullface": "west" },
        "up":    { "uv": [ 0, 8.25, 8, 8.5 ], "texture": "#texture", "cullface": "west" },
        "north": { "uv": [ 8, 7.5, 16, 8 ], "texture": "#texture", "cullface": "west" },
        "south": { "uv": [ 0, 7.5, 8, 8 ], "texture": "#texture", "cullface": "west" }
    }
},
{
    "from": [ -3.75, 7.75, 7.75 ],
    "to": [ 8, 8, 8.25 ],
    "faces": {
        "down":  { "uv": [ 16, 8.25, 8, 7.75 ], "texture": "#texture", "cullface": "west" },
        "up":    { "uv": [ 0, 7.75, 8, 8.25 ], "texture": "#texture", "cullface": "west" },
        "north": { "uv": [ 8, 8, 16, 8.25 ], "texture": "#texture", "cullface": "west" },
        "south": { "uv": [ 0, 8, 8, 8.25 ], "texture": "#texture", "cullface": "west" }
    }
},
{
    "from": [ -8.75, 10.25, 7.875 ],
    "to": [ -8.25, 10.5, 8.125 ],
    "faces": {
        "up":    { "uv": [ 0, 7.875, 0, 8.125 ], "texture": "#texture", "cullface": "west" },
        "north": { "uv": [ 16, 5.5, 16, 5.75 ], "texture": "#texture", "cullface": "west" },
        "south": { "uv": [ 0, 5.5, 0, 5.75 ], "texture": "#texture", "cullface": "west" },
        "west":  { "uv": [ 7.875, 5.5, 8.125, 5.75 ], "texture": "#texture", "cullface": "west" },
        "east":  { "uv": [ 7.875, 5.5, 8.125, 5.75 ], "texture": "#texture", "cullface": "west" }
    }
},
{
    "from": [ -4.5, 8, 7.75 ],
    "to": [ -4.25, 8.5, 8.25 ],
    "faces": {
        "north": { "uv": [ 16, 7.5, 16, 8 ], "texture": "#texture", "cullface": "west" },
        "south": { "uv": [ 0, 7.5, 0, 8 ], "texture": "#texture", "cullface": "west" },
        "west":  { "uv": [ 7.75, 7.5, 8.25, 8 ], "texture": "#texture", "cullface": "west" }
    }
},
{
    "from": [ 0.5, 8.25, 7 ],
    "to": [ 7.25, 9.5, 9 ],
    "faces": {
        "down":  { "uv": [ 15.5, 9, 8.75, 7 ], "texture": "#wood door texture" },
        "up":    { "uv": [ 0.5, 7, 7.25, 9 ], "texture": "#wood door texture" },
        "north": { "uv": [ 8.75, 6.5, 15.5, 7.75 ], "texture": "#wood door texture" },
        "south": { "uv": [ 0.5, 6.5, 7.25, 7.75 ], "texture": "#wood door texture" },
        "west":  { "uv": [ 7, 6.5, 9, 7.75 ], "texture": "#wood door texture" },
        "east":  { "uv": [ 7, 6.5, 9, 7.75 ], "texture": "#wood door texture" }
    }
},
{
    "from": [ 0.75, 7.75, 7.25 ],
    "to": [ 7, 8.25, 8.75 ],
    "faces": {
        "down":  { "uv": [ 15.25, 8.75, 9, 7.25 ], "texture": "#wood door texture" },
        "north": { "uv": [ 9, 7.75, 15.25, 8.25 ], "texture": "#wood door texture" },
        "south": { "uv": [ 0.75, 7.75, 7, 8.25 ], "texture": "#wood door texture" },
        "west":  { "uv": [ 7.25, 7.75, 8.75, 8.25 ], "texture": "#wood door texture" },
        "east":  { "uv": [ 7.25, 7.75, 8.75, 8.25 ], "texture": "#wood door texture" }
    }
},
{
    "from": [ 1, 7.5, 7.5 ],
    "to": [ 6.75, 7.75, 8.5 ],
    "faces": {
        "down":  { "uv": [ 15, 8.5, 9.25, 7.5 ], "texture": "#wood door texture" },
        "north": { "uv": [ 9.25, 8.25, 15, 8.5 ], "texture": "#wood door texture" },
        "south": { "uv": [ 1, 8.25, 6.75, 8.5 ], "texture": "#wood door texture" },
        "west":  { "uv": [ 7.5, 8.25, 8.5, 8.5 ], "texture": "#wood door texture" },
        "east":  { "uv": [ 7.5, 8.25, 8.5, 8.5 ], "texture": "#wood door texture" }
    }
},
{
    "from": [ 8, 7.5, 7 ],
    "to": [ 15.25, 9, 9 ],
    "faces": {
        "down":  { "uv": [ 8, 9, 0.75, 7 ], "texture": "#blade" },
        "up":    { "uv": [ 8, 7, 15.25, 9 ], "texture": "#blade" },
        "north": { "uv": [ 0.75, 7, 8, 8.5 ], "texture": "#blade" },
        "south": { "uv": [ 8, 7, 15.25, 8.5 ], "texture": "#blade" },
        "west":  { "uv": [ 7, 7, 9, 8.5 ], "texture": "#blade" }
    }
},
{
    "from": [ 8, 9, 7.25 ],
    "to": [ 15.25, 9.5, 8.75 ],
    "faces": {
        "north": { "uv": [ 0.75, 6.5, 8, 7 ], "texture": "#blade" },
        "south": { "uv": [ 8, 6.5, 15.25, 7 ], "texture": "#blade" },
        "west":  { "uv": [ 7.25, 6.5, 8.75, 7 ], "texture": "#blade" }
    }
},
{
    "from": [ 8.5, 7.25, 7.25 ],
    "to": [ 15.25, 7.5, 8.75 ],
    "faces": {
        "down":  { "uv": [ 7.5, 8.75, 0.75, 7.25 ], "texture": "#blade" },
        "north": { "uv": [ 0.75, 8.5, 7.5, 8.75 ], "texture": "#blade" },
        "south": { "uv": [ 8.5, 8.5, 15.25, 8.75 ], "texture": "#blade" },
        "west":  { "uv": [ 7.25, 8.5, 8.75, 8.75 ], "texture": "#blade" }
    }
},
{
    "from": [ 8, 10, 7.5 ],
    "to": [ 14.5, 10.25, 8.5 ],
    "faces": {
        "up":    { "uv": [ 14.5, 7.75, 15, 8.25 ], "texture": "#blade" },
        "north": { "uv": [ 1, 6, 1.5, 6.25 ], "texture": "#blade" },
        "south": { "uv": [ 14.5, 6, 15, 6.25 ], "texture": "#blade" },
        "west":  { "uv": [ 7.75, 6, 8.25, 6.25 ], "texture": "#blade" },
        "east":  { "uv": [ 7.75, 6, 8.25, 6.25 ], "texture": "#blade" }
    }
},
{
    "from": [ 8, 9.5, 7.25 ],
    "to": [ 15.75, 9.75, 8.75 ],
    "faces": {
        "up":    { "uv": [ 14.5, 7.5, 15, 8.5 ], "texture": "#blade" },
        "north": { "uv": [ 1, 6.25, 1.5, 6.5 ], "texture": "#blade" },
        "south": { "uv": [ 14.5, 6.25, 15, 6.5 ], "texture": "#blade" },
        "west":  { "uv": [ 7.5, 6.25, 8.5, 6.5 ], "texture": "#blade" },
        "east":  { "uv": [ 7.5, 6.25, 8.5, 6.5 ], "texture": "#blade" }
    }
},
{
    "from": [ 15.25, 7, 7 ],
    "to": [ 16, 9.5, 9 ],
    "faces": {
        "down":  { "uv": [ 1.75, 8.75, 1, 7.25 ], "texture": "#blade" },
        "up":    { "uv": [ 15.25, 7.25, 16, 8.75 ], "texture": "#blade" },
        "north": { "uv": [ 1, 6.5, 1.75, 9 ], "texture": "#blade" },
        "south": { "uv": [ 14.25, 6.5, 15, 9 ], "texture": "#blade" },
        "west":  { "uv": [ 7.25, 6.5, 8.75, 9 ], "texture": "#blade" },
        "east":  { "uv": [ 7.25, 6.5, 8.75, 9 ], "texture": "#blade", "cullface": "east" }
    }
},
{
    "from": [ 15.5, 7.5, 7.25 ],
    "to": [ 18.75, 9.25, 8.75 ],
    "faces": {
        "down":  { "uv": [ 11.75, 0, 15, 1.5 ], "texture": "#wood door texture", "cullface": "east" },
        "up":    { "uv": [ 11.75, 0, 15, 1.5 ], "texture": "#wood door texture", "cullface": "east" },
        "north": { "uv": [ 11.75, 5, 15, 6.75 ], "texture": "#wood door texture", "cullface": "east" },
        "south": { "uv": [ 11.75, 5, 15, 6.75 ], "texture": "#wood door texture", "cullface": "east" },
        "west":  { "uv": [ 7.25, 6.75, 8.75, 8.5 ], "texture": "#wood door texture", "cullface": "east" },
        "east":  { "uv": [ 7.25, 6.75, 8.75, 8.5 ], "texture": "#wood door texture", "cullface": "east" }
    }
},
{
    "from": [ 17.75, 6.25, 7.25 ],
    "to": [ 25, 8, 8.75 ],
    "faces": {
        "down":  { "uv": [ 1, 0, 7, 1.5 ], "texture": "#wood door texture", "cullface": "east" },
        "up":    { "uv": [ 1, 0, 7, 1.5 ], "texture": "#wood door texture", "cullface": "east" },
        "north": { "uv": [ 9, 5, 15, 6.75 ], "texture": "#wood door texture", "cullface": "east" },
        "south": { "uv": [ 1, 0, 7, 1.75 ], "texture": "#wood door texture", "cullface": "east" },
        "west":  { "uv": [ 1, 0, 2.5, 1.75 ], "texture": "#wood door texture", "cullface": "east" }
    }
},
{
    "from": [ 17.5, 4, 7.5 ],
    "to": [ 19.25, 7.25, 8.5 ],
    "faces": {
        "down":  { "uv": [ 11, 7.5, 12.5, 8.5 ], "texture": "#wood door texture", "cullface": "east" },
        "up":    { "uv": [ 11, 7.5, 12.5, 8.5 ], "texture": "#wood door texture", "cullface": "east" },
        "north": { "uv": [ 11, 9.75, 12.5, 12.25 ], "texture": "#wood door texture", "cullface": "east" },
        "south": { "uv": [ 11, 9.75, 12.5, 12.25 ], "texture": "#wood door texture", "cullface": "east" },
        "west":  { "uv": [ 7.5, 9.75, 8.5, 12.25 ], "texture": "#wood door texture", "cullface": "east" },
        "east":  { "uv": [ 7.5, 9.75, 8.5, 12.25 ], "texture": "#wood door texture", "cullface": "east" }
    }
},
{
    "from": [ 19.25, 8.25, 7.5 ],
    "to": [ 25, 8.5, 8.5 ],
    "faces": {
        "up":    { "uv": [ 16, 7.5, 16, 8.5 ], "texture": "#wood door texture", "cullface": "east" },
        "north": { "uv": [ 0, 7.5, 0, 7.75 ], "texture": "#wood door texture", "cullface": "east" },
        "south": { "uv": [ 16, 7.5, 16, 7.75 ], "texture": "#wood door texture", "cullface": "east" },
        "west":  { "uv": [ 7.5, 7.5, 8.5, 7.75 ], "texture": "#wood door texture", "cullface": "east" }
    }
},
{
    "from": [ 19, 8, 7.5 ],
    "to": [ 25, 8.25, 8.5 ],
    "faces": {
        "up":    { "uv": [ 16, 7.5, 16, 8.5 ], "texture": "#wood door texture", "cullface": "east" },
        "north": { "uv": [ 0, 7.75, 0, 8 ], "texture": "#wood door texture", "cullface": "east" },
        "south": { "uv": [ 16, 7.75, 16, 8 ], "texture": "#wood door texture", "cullface": "east" },
        "west":  { "uv": [ 7.5, 7.75, 8.5, 8 ], "texture": "#wood door texture", "cullface": "east" }
    }
},
{
    "from": [ 25, 3.75, 7.25 ],
    "to": [ 25.5, 8, 8.75 ],
    "faces": {
        "down":  { "uv": [ 0, 8.75, 0, 7.25 ], "texture": "#texture", "cullface": "east" },
        "up":    { "uv": [ 16, 7.25, 16, 8.75 ], "texture": "#texture", "cullface": "east" },
        "north": { "uv": [ 0, 8, 0, 12.25 ], "texture": "#texture", "cullface": "east" },
        "south": { "uv": [ 16, 8, 16, 12.25 ], "texture": "#texture", "cullface": "east" },
        "west":  { "uv": [ 7.25, 8, 8.75, 12.25 ], "texture": "#texture", "cullface": "east" },
        "east":  { "uv": [ 7.25, 8, 8.75, 12.25 ], "texture": "#texture", "cullface": "east" }
    }
},
{
    "from": [ 19.25, 6, 7.25 ],
    "to": [ 25, 6.25, 8.75 ],
    "faces": {
        "down":  { "uv": [ 9.25, 7.25, 15, 8.75 ], "texture": "#wood door texture", "cullface": "east" },
        "north": { "uv": [ 9.25, 10, 15, 10.25 ], "texture": "#wood door texture", "cullface": "east" },
        "south": { "uv": [ 9.25, 10, 15, 10.25 ], "texture": "#wood door texture", "cullface": "east" },
        "west":  { "uv": [ 7.25, 10, 8.75, 10.25 ], "texture": "#wood door texture", "cullface": "east" }
    }
},
{
    "from": [ 19.5, 5.75, 7.25 ],
    "to": [ 25, 6, 8.75 ],
    "faces": {
        "down":  { "uv": [ 9.5, 7.25, 15, 8.75 ], "texture": "#wood door texture", "cullface": "east" },
        "north": { "uv": [ 9.25, 10.25, 14.75, 10.5 ], "texture": "#wood door texture", "cullface": "east" },
        "south": { "uv": [ 9.5, 10.25, 15, 10.5 ], "texture": "#wood door texture", "cullface": "east" },
        "west":  { "uv": [ 7.25, 10.25, 8.75, 10.5 ], "texture": "#wood door texture", "cullface": "east" }
    }
},
{
    "from": [ 19.75, 5.5, 7.25 ],
    "to": [ 25, 5.75, 8.75 ],
    "faces": {
        "down":  { "uv": [ 9.75, 7.25, 15, 8.75 ], "texture": "#wood door texture", "cullface": "east" },
        "north": { "uv": [ 9.25, 10.5, 14.5, 10.75 ], "texture": "#wood door texture", "cullface": "east" },
        "south": { "uv": [ 9.75, 10.5, 15, 10.75 ], "texture": "#wood door texture", "cullface": "east" },
        "west":  { "uv": [ 7.25, 10.5, 8.75, 10.75 ], "texture": "#wood door texture", "cullface": "east" }
    }
},
{
    "from": [ 20, 5.25, 7.25 ],
    "to": [ 25, 5.5, 8.75 ],
    "faces": {
        "down":  { "uv": [ 10, 7.25, 15, 8.75 ], "texture": "#wood door texture", "cullface": "east" },
        "north": { "uv": [ 9.25, 10.75, 14.25, 11 ], "texture": "#wood door texture", "cullface": "east" },
        "south": { "uv": [ 10, 10.75, 15, 11 ], "texture": "#wood door texture", "cullface": "east" },
        "west":  { "uv": [ 7.25, 10.75, 8.75, 11 ], "texture": "#wood door texture", "cullface": "east" }
    }
},
{
    "from": [ 25, 8, 7.5 ],
    "to": [ 25.5, 8.5, 8.5 ],
    "faces": {
        "up":    { "uv": [ 16, 7.5, 16, 8.5 ], "texture": "#texture", "cullface": "east" },
        "north": { "uv": [ 0, 7.5, 0, 8 ], "texture": "#texture", "cullface": "east" },
        "south": { "uv": [ 16, 7.5, 16, 8 ], "texture": "#texture", "cullface": "east" },
        "west":  { "uv": [ 7.5, 7.5, 8.5, 8 ], "texture": "#texture", "cullface": "east" },
        "east":  { "uv": [ 7.5, 7.5, 8.5, 8 ], "texture": "#texture", "cullface": "east" }
    }
},
{
    "from": [ 20.25, 5, 7.25 ],
    "to": [ 25, 5.25, 8.75 ],
    "faces": {
        "down":  { "uv": [ 5.75, 8.75, 1, 7.25 ], "texture": "#wood door texture", "cullface": "east" },
        "north": { "uv": [ 1, 11, 5.75, 11.25 ], "texture": "#wood door texture", "cullface": "east" },
        "south": { "uv": [ 10.25, 11, 15, 11.25 ], "texture": "#wood door texture", "cullface": "east" },
        "west":  { "uv": [ 7.25, 11, 8.75, 11.25 ], "texture": "#wood door texture", "cullface": "east" }
    }
},
{
    "from": [ 20.75, 4.75, 7.25 ],
    "to": [ 25, 5, 8.75 ],
    "faces": {
        "down":  { "uv": [ 5.25, 8.75, 1, 7.25 ], "texture": "#wood door texture", "cullface": "east" },
        "north": { "uv": [ 1, 11.25, 5.25, 11.5 ], "texture": "#wood door texture", "cullface": "east" },
        "south": { "uv": [ 10.75, 11.25, 15, 11.5 ], "texture": "#wood door texture", "cullface": "east" },
        "west":  { "uv": [ 7.25, 11.25, 8.75, 11.5 ], "texture": "#wood door texture", "cullface": "east" }
    }
},
{
    "from": [ 21.5, 4.5, 7.25 ],
    "to": [ 25, 4.75, 8.75 ],
    "faces": {
        "down":  { "uv": [ 4.5, 8.75, 1, 7.25 ], "texture": "#wood door texture", "cullface": "east" },
        "north": { "uv": [ 1, 11.5, 4.5, 11.75 ], "texture": "#wood door texture", "cullface": "east" },
        "south": { "uv": [ 11.5, 11.5, 15, 11.75 ], "texture": "#wood door texture", "cullface": "east" },
        "west":  { "uv": [ 7.25, 11.5, 8.75, 11.75 ], "texture": "#wood door texture", "cullface": "east" }
    }
},
{
    "from": [ 22.25, 4.25, 7.25 ],
    "to": [ 25, 4.5, 8.75 ],
    "faces": {
        "down":  { "uv": [ 3.75, 8.75, 1, 7.25 ], "texture": "#wood door texture", "cullface": "east" },
        "north": { "uv": [ 1, 11.75, 3.75, 12 ], "texture": "#wood door texture", "cullface": "east" },
        "south": { "uv": [ 12.25, 11.75, 15, 12 ], "texture": "#wood door texture", "cullface": "east" },
        "west":  { "uv": [ 7.25, 11.75, 8.75, 12 ], "texture": "#wood door texture", "cullface": "east" }
    }
},
{
    "from": [ 23, 4, 7.25 ],
    "to": [ 25, 4.25, 8.75 ],
    "faces": {
        "down":  { "uv": [ 3, 8.75, 1, 7.25 ], "texture": "#wood door texture", "cullface": "east" },
        "north": { "uv": [ 1, 12, 3, 12.25 ], "texture": "#wood door texture", "cullface": "east" },
        "south": { "uv": [ 13, 12, 15, 12.25 ], "texture": "#wood door texture", "cullface": "east" },
        "west":  { "uv": [ 7.25, 12, 8.75, 12.25 ], "texture": "#wood door texture", "cullface": "east" }
    }
},
{
    "from": [ 23.75, 3.75, 7.25 ],
    "to": [ 25, 4, 8.75 ],
    "faces": {
        "down":  { "uv": [ 2.25, 8.75, 1, 7.25 ], "texture": "#wood door texture", "cullface": "east" },
        "north": { "uv": [ 1, 12.25, 2.25, 12.5 ], "texture": "#wood door texture", "cullface": "east" },
        "south": { "uv": [ 13.75, 12.25, 15, 12.5 ], "texture": "#wood door texture", "cullface": "east" },
        "west":  { "uv": [ 7.25, 12.25, 8.75, 12.5 ], "texture": "#wood door texture", "cullface": "east" }
    }
},
{
    "from": [ 12.5, 7, 7.5 ],
    "to": [ 13.25, 7.25, 8.5 ],
    "faces": {
        "down":  { "uv": [ 3.5, 8.5, 2.75, 7.5 ], "texture": "#texture" },
        "north": { "uv": [ 2.75, 8.75, 3.5, 9 ], "texture": "#texture" },
        "south": { "uv": [ 12.5, 8.75, 13.25, 9 ], "texture": "#texture" },
        "west":  { "uv": [ 7.5, 8.75, 8.5, 9 ], "texture": "#texture" }
    }
},
{
    "from": [ 13.5, 6, 7.5 ],
    "to": [ 13.75, 6.25, 8.5 ],
    "faces": {
        "up":    { "uv": [ 13.5, 7.5, 13.75, 8.5 ], "texture": "#texture" },
        "north": { "uv": [ 2.25, 9.75, 2.5, 10 ], "texture": "#texture" },
        "south": { "uv": [ 13.5, 9.75, 13.75, 10 ], "texture": "#texture" },
        "east":  { "uv": [ 7.5, 9.75, 8.5, 10 ], "texture": "#texture" }
    }
},
{
    "from": [ 13.25, 6, 7.5 ],
    "to": [ 13.5, 7.25, 8.5 ],
    "faces": {
        "down":  { "uv": [ 2.75, 8.5, 2.5, 7.5 ], "texture": "#texture" },
        "north": { "uv": [ 2.5, 8.75, 2.75, 10 ], "texture": "#texture" },
        "south": { "uv": [ 13.25, 8.75, 13.5, 10 ], "texture": "#texture" },
        "west":  { "uv": [ 7.5, 8.75, 8.5, 10 ], "texture": "#texture" },
        "east":  { "uv": [ 7.5, 8.75, 8.5, 10 ], "texture": "#texture" }
    }
},
{
    "from": [ 13.5, 5.75, 7.5 ],
    "to": [ 15.25, 6, 8.5 ],
    "faces": {
        "down":  { "uv": [ 2.5, 8.5, 0.75, 7.5 ], "texture": "#texture" },
        "up":    { "uv": [ 13.5, 7.5, 15.25, 8.5 ], "texture": "#texture" },
        "north": { "uv": [ 0.75, 10, 2.5, 10.25 ], "texture": "#texture" },
        "south": { "uv": [ 13.5, 10, 15.25, 10.25 ], "texture": "#texture" },
        "west":  { "uv": [ 7.5, 10, 8.5, 10.25 ], "texture": "#texture" },
        "east":  { "uv": [ 7.5, 10, 8.5, 10.25 ], "texture": "#texture" }
    }
},
{
    "from": [ 15.25, 6, 7.5 ],
    "to": [ 15.5, 7, 8.5 ],
    "faces": {
        "down":  { "uv": [ 0.75, 8.5, 0.5, 7.5 ], "texture": "#texture" },
        "north": { "uv": [ 0.5, 9, 0.75, 10 ], "texture": "#texture" },
        "south": { "uv": [ 15.25, 9, 15.5, 10 ], "texture": "#texture" },
        "west":  { "uv": [ 7.5, 9, 8.5, 10 ], "texture": "#texture" },
        "east":  { "uv": [ 7.5, 9, 8.5, 10 ], "texture": "#texture" }
    }
},
{
    "from": [ 14.5, 6.25, 7.75 ],
    "to": [ 14.75, 7.5, 8.25 ],
    "faces": {
        "down":  { "uv": [ 1.25, 8.25, 0.75, 7.75 ], "texture": "#texture" },
        "north": { "uv": [ 0.75, 2, 1.25, 3.25 ], "texture": "#texture" },
        "south": { "uv": [ 14.75, 2, 15.25, 3.25 ], "texture": "#texture" },
        "west":  { "uv": [ 7.75, 2, 8.25, 3.25 ], "texture": "#texture" },
        "east":  { "uv": [ 7.75, 2, 8.25, 3.25 ], "texture": "#texture" }
    }
},
{
    "from": [ -8.75, 10, 7.75 ],
    "to": [ -7.5, 10.25, 8.25 ],
    "faces": {
        "up":    { "uv": [ 0, 7.75, 0, 8.25 ], "texture": "#texture", "cullface": "west" },
        "north": { "uv": [ 16, 5.75, 16, 6 ], "texture": "#texture", "cullface": "west" },
        "south": { "uv": [ 0, 5.75, 0, 6 ], "texture": "#texture", "cullface": "west" },
        "west":  { "uv": [ 7.75, 5.75, 8.25, 6 ], "texture": "#texture", "cullface": "west" },
        "east":  { "uv": [ 7.75, 5.75, 8.25, 6 ], "texture": "#texture", "cullface": "west" }
    }
},
{
    "from": [ -4.25, 7.75, 7.5 ],
    "to": [ -3.75, 9.25, 8.5 ],
    "faces": {
        "down":  { "uv": [ 16, 8.5, 16, 7.5 ], "texture": "#texture", "cullface": "west" },
        "up":    { "uv": [ 0, 7.5, 0, 8.5 ], "texture": "#texture", "cullface": "west" },
        "north": { "uv": [ 16, 6.75, 16, 8.25 ], "texture": "#texture", "cullface": "west" },
        "south": { "uv": [ 0, 6.75, 0, 8.25 ], "texture": "#texture", "cullface": "west" },
        "west":  { "uv": [ 7.5, 6.75, 8.5, 8.25 ], "texture": "#texture", "cullface": "west" },
        "east":  { "uv": [ 7.5, 6.75, 8.5, 8.25 ], "texture": "#texture", "cullface": "west" }
    }
},
{
    "from": [ 15, 6, 7.5 ],
    "to": [ 15.25, 6.25, 8.5 ],
    "faces": {
        "up":    { "uv": [ 15, 7.5, 15.25, 8.5 ], "texture": "#texture" },
        "north": { "uv": [ 0.75, 9.75, 1, 10 ], "texture": "#texture" },
        "south": { "uv": [ 15, 9.75, 15.25, 10 ], "texture": "#texture" },
        "west":  { "uv": [ 7.5, 9.75, 8.5, 10 ], "texture": "#texture" }
    }
},
{
    "from": [ 8, 9.75, 7.25 ],
    "to": [ 15, 10, 8.75 ],
    "faces": {
        "up":    { "uv": [ 8, 7.25, 15, 8.75 ], "texture": "#texture" },
        "north": { "uv": [ 1, 6, 8, 6.25 ], "texture": "#texture" },
        "south": { "uv": [ 8, 6, 15, 6.25 ], "texture": "#texture" },
        "west":  { "uv": [ 7.25, 6, 8.75, 6.25 ], "texture": "#texture" },
        "east":  { "uv": [ 7.25, 6, 8.75, 6.25 ], "texture": "#texture" }
    }
}
],
"display": {
    "thirdperson_righthand": {
        "rotation": [ 0, -90, -65 ],
        "translation": [ -1.32, 8.13, -1.7 ],
        "scale": [ 1.2, 1, 1 ]
    },
    "thirdperson_lefthand": {
        "rotation": [ 0, 90, 65 ],
        "translation": [ -1.32, 8.31, -1.51 ],
        "scale": [ 1.2, 1, 1 ]
    },
    "ground": {
        "rotation": [ 0, 0, 0 ],
        "translation": [ 0, 0, 0 ],
        "scale": [ 2, 1.5, 1.5 ]
    },
    "firstperson_righthand": {
        "rotation": [ 0, -98, -1 ],
        "translation": [ 2.08, 0.57, -7.56 ],
        "scale": [ 1, 1.5, 1.2 ]
    },
    "firstperson_lefthand": {
        "rotation": [ 0, 98, 1 ],
        "translation": [ 2.08, 0.57, -7.56 ],
        "scale": [ 1, 1.5, 1.2 ]
    },
    "gui": {
        "rotation": [ 0, 0, -45 ],
        "translation": [ -0.94, -1.51, 0 ],
        "scale": [ 1, 1, 1 ]
    }
}
}