{
"__comment": "Designed by Hunajameloni with BDcraft Cubik PRO 0.93 Beta - http://bdcraft.net",
"textures": {
    "particle": "jhsy/default/diamond",
    "texture": "jhsy/default/diamond"
},
"elements": [ 
{
    "from": [ 5, 5, 7 ],
    "to": [ 9, 9, 11 ],
    "faces": {
        "down":  { "uv": [ 11, 11, 7, 7 ], "texture": "#texture", "tintindex": 0 },
        "up":    { "uv": [ 5, 7, 9, 11 ], "texture": "#texture", "tintindex": 0 },
        "north": { "uv": [ 7, 7, 11, 11 ], "texture": "#texture", "tintindex": 0 },
        "south": { "uv": [ 5, 7, 9, 11 ], "texture": "#texture", "tintindex": 0 },
        "west":  { "uv": [ 7, 7, 11, 11 ], "texture": "#texture", "tintindex": 0 },
        "east":  { "uv": [ 5, 7, 9, 11 ], "texture": "#texture", "tintindex": 0 }
    }
},
{
    "from": [ 4.75, 5.5, 7 ],
    "to": [ 9.25, 8.5, 11 ],
    "faces": {
        "down":  { "uv": [ 11.25, 11, 6.75, 7 ], "texture": "#texture", "tintindex": 0 },
        "up":    { "uv": [ 4.75, 7, 9.25, 11 ], "texture": "#texture", "tintindex": 0 },
        "north": { "uv": [ 6.75, 7.5, 11.25, 10.5 ], "texture": "#texture", "tintindex": 0 },
        "south": { "uv": [ 4.75, 7.5, 9.25, 10.5 ], "texture": "#texture", "tintindex": 0 },
        "west":  { "uv": [ 7, 7.5, 11, 10.5 ], "texture": "#texture", "tintindex": 0 },
        "east":  { "uv": [ 5, 7.5, 9, 10.5 ], "texture": "#texture", "tintindex": 0 }
    }
},
{
    "from": [ 5, 5.5, 6.75 ],
    "to": [ 9, 8.5, 11.25 ],
    "faces": {
        "down":  { "uv": [ 11, 11.25, 7, 6.75 ], "texture": "#texture", "tintindex": 0 },
        "up":    { "uv": [ 5, 6.75, 9, 11.25 ], "texture": "#texture", "tintindex": 0 },
        "north": { "uv": [ 7, 7.5, 11, 10.5 ], "texture": "#texture", "tintindex": 0 },
        "south": { "uv": [ 5, 7.5, 9, 10.5 ], "texture": "#texture", "tintindex": 0 },
        "west":  { "uv": [ 6.75, 7.5, 11.25, 10.5 ], "texture": "#texture", "tintindex": 0 },
        "east":  { "uv": [ 4.75, 7.5, 9.25, 10.5 ], "texture": "#texture", "tintindex": 0 }
    }
},
{
    "from": [ 5.5, 4.5, 7.5 ],
    "to": [ 8.5, 5, 10.5 ],
    "faces": {
        "down":  { "uv": [ 10.5, 10.5, 7.5, 7.5 ], "texture": "#texture", "tintindex": 0 },
        "up":    { "uv": [ 5.5, 7.5, 8.5, 10.5 ], "texture": "#texture", "tintindex": 0 },
        "north": { "uv": [ 7.5, 11, 10.5, 11.5 ], "texture": "#texture", "tintindex": 0 },
        "south": { "uv": [ 5.5, 11, 8.5, 11.5 ], "texture": "#texture", "tintindex": 0 },
        "west":  { "uv": [ 7.5, 11, 10.5, 11.5 ], "texture": "#texture", "tintindex": 0 },
        "east":  { "uv": [ 5.5, 11, 8.5, 11.5 ], "texture": "#texture", "tintindex": 0 }
    }
},
{
    "from": [ 5, 9, 7 ],
    "to": [ 9, 9.75, 11 ],
    "faces": {
        "down":  { "uv": [ 11, 11, 7, 7 ], "texture": "#texture", "tintindex": 0 },
        "up":    { "uv": [ 5, 7, 9, 11 ], "texture": "#texture", "tintindex": 0 },
        "north": { "uv": [ 7, 6.25, 11, 7 ], "texture": "#texture", "tintindex": 0 },
        "south": { "uv": [ 5, 6.25, 9, 7 ], "texture": "#texture", "tintindex": 0 },
        "west":  { "uv": [ 7, 6.25, 11, 7 ], "texture": "#texture", "tintindex": 0 },
        "east":  { "uv": [ 5, 6.25, 9, 7 ], "texture": "#texture", "tintindex": 0 }
    }
},
{
    "from": [ 5.25, 9.75, 7.25 ],
    "to": [ 8.75, 10.5, 10.75 ],
    "faces": {
        "down":  { "uv": [ 10.75, 10.75, 7.25, 7.25 ], "texture": "#texture", "tintindex": 0 },
        "up":    { "uv": [ 5.25, 7.25, 8.75, 10.75 ], "texture": "#texture", "tintindex": 0 },
        "north": { "uv": [ 7.25, 5.5, 10.75, 6.25 ], "texture": "#texture", "tintindex": 0 },
        "south": { "uv": [ 5.25, 5.5, 8.75, 6.25 ], "texture": "#texture", "tintindex": 0 },
        "west":  { "uv": [ 7.25, 5.5, 10.75, 6.25 ], "texture": "#texture", "tintindex": 0 },
        "east":  { "uv": [ 5.25, 5.5, 8.75, 6.25 ], "texture": "#texture", "tintindex": 0 }
    }
},
{
    "from": [ 5.5, 10.5, 7.5 ],
    "to": [ 8.5, 11.25, 10.5 ],
    "faces": {
        "down":  { "uv": [ 10.5, 10.5, 7.5, 7.5 ], "texture": "#texture", "tintindex": 0 },
        "up":    { "uv": [ 5.5, 7.5, 8.5, 10.5 ], "texture": "#texture", "tintindex": 0 },
        "north": { "uv": [ 7.5, 4.75, 10.5, 5.5 ], "texture": "#texture", "tintindex": 0 },
        "south": { "uv": [ 5.5, 4.75, 8.5, 5.5 ], "texture": "#texture", "tintindex": 0 },
        "west":  { "uv": [ 7.5, 4.75, 10.5, 5.5 ], "texture": "#texture", "tintindex": 0 },
        "east":  { "uv": [ 5.5, 4.75, 8.5, 5.5 ], "texture": "#texture", "tintindex": 0 }
    }
},
{
    "from": [ 5.75, 11.25, 7.75 ],
    "to": [ 8.25, 11.75, 10.25 ],
    "faces": {
        "down":  { "uv": [ 10.25, 10.25, 7.75, 7.75 ], "texture": "#texture", "tintindex": 0 },
        "up":    { "uv": [ 5.75, 7.75, 8.25, 10.25 ], "texture": "#texture", "tintindex": 0 },
        "north": { "uv": [ 7.75, 4.25, 10.25, 4.75 ], "texture": "#texture", "tintindex": 0 },
        "south": { "uv": [ 5.75, 4.25, 8.25, 4.75 ], "texture": "#texture", "tintindex": 0 },
        "west":  { "uv": [ 7.75, 4.25, 10.25, 4.75 ], "texture": "#texture", "tintindex": 0 },
        "east":  { "uv": [ 5.75, 4.25, 8.25, 4.75 ], "texture": "#texture", "tintindex": 0 }
    }
},
{
    "from": [ 6, 11.75, 8 ],
    "to": [ 8, 12.25, 10 ],
    "faces": {
        "down":  { "uv": [ 10, 10, 8, 8 ], "texture": "#texture", "tintindex": 0 },
        "up":    { "uv": [ 6, 8, 8, 10 ], "texture": "#texture", "tintindex": 0 },
        "north": { "uv": [ 8, 3.75, 10, 4.25 ], "texture": "#texture", "tintindex": 0 },
        "south": { "uv": [ 6, 3.75, 8, 4.25 ], "texture": "#texture", "tintindex": 0 },
        "west":  { "uv": [ 8, 3.75, 10, 4.25 ], "texture": "#texture", "tintindex": 0 },
        "east":  { "uv": [ 6, 3.75, 8, 4.25 ], "texture": "#texture", "tintindex": 0 }
    }
},
{
    "from": [ 6.5, 12.25, 8.5 ],
    "to": [ 7.5, 12.75, 9.5 ],
    "faces": {
        "down":  { "uv": [ 9.5, 9.5, 8.5, 8.5 ], "texture": "#texture", "tintindex": 0 },
        "up":    { "uv": [ 6.5, 8.5, 7.5, 9.5 ], "texture": "#texture", "tintindex": 0 },
        "north": { "uv": [ 8.5, 3.25, 9.5, 3.75 ], "texture": "#texture", "tintindex": 0 },
        "south": { "uv": [ 6.5, 3.25, 7.5, 3.75 ], "texture": "#texture", "tintindex": 0 },
        "west":  { "uv": [ 8.5, 3.25, 9.5, 3.75 ], "texture": "#texture", "tintindex": 0 },
        "east":  { "uv": [ 6.5, 3.25, 7.5, 3.75 ], "texture": "#texture", "tintindex": 0 }
    }
},
{
    "from": [ 6.25, 12.25, 8.25 ],
    "to": [ 7.75, 12.5, 9.75 ],
    "faces": {
        "down":  { "uv": [ 9.75, 9.75, 8.25, 8.25 ], "texture": "#texture", "tintindex": 0 },
        "up":    { "uv": [ 6.25, 8.25, 7.75, 9.75 ], "texture": "#texture", "tintindex": 0 },
        "north": { "uv": [ 8.25, 3.5, 9.75, 3.75 ], "texture": "#texture", "tintindex": 0 },
        "south": { "uv": [ 6.25, 3.5, 7.75, 3.75 ], "texture": "#texture", "tintindex": 0 },
        "west":  { "uv": [ 8.25, 3.5, 9.75, 3.75 ], "texture": "#texture", "tintindex": 0 },
        "east":  { "uv": [ 6.25, 3.5, 7.75, 3.75 ], "texture": "#texture", "tintindex": 0 }
    }
}
],
"display": {
    "thirdperson_righthand": {
        "rotation": [ 0, 0, 0 ],
        "translation": [ 0, 0, 0 ],
        "scale": [ 1, 0.9, 1 ]
    },
    "thirdperson_lefthand": {
        "rotation": [ 0, 0, 0 ],
        "translation": [ -2.46, 0, 0 ],
        "scale": [ 1, 0.9, 1 ]
    },
    "ground": {
        "rotation": [ 0, 0, 0 ],
        "translation": [ 0, 2, 0 ],
        "scale": [ 0.7, 0.6, 0.7 ]
    },
    "fixed": {
        "rotation": [ 0, 0, 0 ],
        "translation": [ 1.51, -0.76, -0.76 ],
        "scale": [ 1.4, 1, 1.4 ]
    },
    "firstperson_righthand": {
        "rotation": [ 0, 11, 0 ],
        "translation": [ 0, 1.89, 0 ],
        "scale": [ 1, 1, 1 ]
    },
    "firstperson_lefthand": {
        "rotation": [ 0, 11, 0 ],
        "translation": [ -2.08, 1.89, 0 ],
        "scale": [ 1, 1, 1 ]
    },
    "gui": {
        "rotation": [ 11, -38, 0 ],
        "translation": [ 2.08, -0.94, 0 ],
        "scale": [ 1.6, 1.4, 1.6 ]
    }
}
}