{
    "parent": "item/jhsy/spear_fire_glaive3",
    "display": {
		"firstperson_righthand": {
            "rotation": [ -30, 90, 0 ],
            "translation": [ 0, 3, 0 ],
            "scale": [ 0.6, 0.6, 0.6 ]
		},
        "thirdperson_righthand": {
            "rotation": [ 0, 90, 0 ],
            "translation": [ -0.5, 6, 2 ],
            "scale": [ 1, 1, 1 ]
		},
		"gui": {
			"rotation": [ 0, 180, 45 ],
			"translation": [ 0, 0, 0 ],
			"scale": [ 0.6, 0.6, 0.6 ]
		},
        "ground": {
            "rotation": [ 0, 0, 0 ],
            "translation": [ 0, 4, 0 ],
            "scale": [ 0.5, 0.5, 0.5 ]
        }
    }
}