{
"__comment": "Designed by FirecatHD",
"textures": {
    "texture": "jhsy/jian/multielement_spear_all",
    "multielement_orb": "jhsy/jian/multielement_orb",
    "blade_glow": "jhsy/jian/blade_glow"
},
"elements": [ 
{
    "from": [ 17.375, 9.625, 7 ],
    "to": [ 17.875, 11.125, 8.5 ],
    "faces": {
        "down":  { "uv": [ 0.75, 4.5, 3.75, 7.5 ], "texture": "#texture" },
        "up":    { "uv": [ 0.75, 4.5, 3.75, 7.5 ], "texture": "#texture" },
        "north": { "uv": [ 1.25, 4.75, 4.25, 7.75 ], "texture": "#texture" },
        "south": { "uv": [ 1.25, 4.75, 4.25, 7.75 ], "texture": "#texture" },
        "west":  { "uv": [ 1, 4.5, 4, 7.5 ], "texture": "#texture" },
        "east":  { "uv": [ 1, 4.5, 4, 7.5 ], "texture": "#texture" }
    }
},
{
    "from": [ 18, 7.125, 7.25 ],
    "to": [ 24.5, 7.875, 8.25 ],
    "faces": {
        "down":  { "uv": [ 5.75, 12.75, 12.125, 13.25 ], "texture": "#texture" },
        "up":    { "uv": [ 5.75, 12.75, 12.125, 13.25 ], "texture": "#texture" },
        "north": { "uv": [ 3.25, 13.25, 9.625, 14.5 ], "texture": "#texture" },
        "south": { "uv": [ 3.25, 13.25, 9.625, 14.5 ], "texture": "#texture" },
        "west":  { "uv": [ 3.75, 14.75, 4.25, 16 ], "texture": "#texture" },
        "east":  { "uv": [ 3.75, 14.75, 4.25, 16 ], "texture": "#texture" }
    }
},
{
    "from": [ 17.25, 6.25, 6.5 ],
    "to": [ 18, 8.75, 9 ],
    "faces": {
        "down":  { "uv": [ 0.75, 4.5, 3.75, 7.5 ], "texture": "#texture" },
        "up":    { "uv": [ 0.75, 4.5, 3.75, 7.5 ], "texture": "#texture" },
        "north": { "uv": [ 1.25, 4.75, 4.25, 7.75 ], "texture": "#texture" },
        "south": { "uv": [ 1.25, 4.75, 4.25, 7.75 ], "texture": "#texture" },
        "west":  { "uv": [ 1, 4.5, 4, 7.5 ], "texture": "#texture" },
        "east":  { "uv": [ 1, 4.5, 4, 7.5 ], "texture": "#texture" }
    }
},
{
    "from": [ 26.25, 6, 6.25 ],
    "to": [ 29.25, 9, 9.25 ],
    "faces": {
        "down":  { "uv": [ 6.125, 10.125, 9.875, 13.875 ], "texture": "#multielement_orb" },
        "up":    { "uv": [ 6.125, 10.125, 9.875, 13.875 ], "texture": "#multielement_orb" },
        "north": { "uv": [ 6, 10, 10, 14 ], "texture": "#multielement_orb" },
        "south": { "uv": [ 6, 10, 10, 14 ], "texture": "#multielement_orb" },
        "west":  { "uv": [ 6.25, 10.125, 9.75, 13.75 ], "texture": "#multielement_orb" },
        "east":  { "uv": [ 6.25, 10.125, 9.75, 13.75 ], "texture": "#multielement_orb" }
    }
},
{
    "from": [ 26.5, 6.25, 6 ],
    "to": [ 29, 8.75, 9.5 ],
    "faces": {
        "down":  { "uv": [ 6.125, 10.125, 9.875, 13.875 ], "texture": "#multielement_orb" },
        "up":    { "uv": [ 6.125, 10.125, 9.875, 13.875 ], "texture": "#multielement_orb" },
        "north": { "uv": [ 6, 10, 10, 14 ], "texture": "#multielement_orb" },
        "south": { "uv": [ 6, 10, 10, 14 ], "texture": "#multielement_orb" },
        "west":  { "uv": [ 6.25, 10.125, 9.75, 13.75 ], "texture": "#multielement_orb" },
        "east":  { "uv": [ 6.25, 10.125, 9.75, 13.75 ], "texture": "#multielement_orb" }
    }
},
{
    "from": [ 26.5, 5.75, 6.5 ],
    "to": [ 29, 9.25, 9 ],
    "faces": {
        "down":  { "uv": [ 6.125, 10.125, 9.875, 13.875 ], "texture": "#multielement_orb" },
        "up":    { "uv": [ 6.125, 10.125, 9.875, 13.875 ], "texture": "#multielement_orb" },
        "north": { "uv": [ 6, 10, 10, 14 ], "texture": "#multielement_orb" },
        "south": { "uv": [ 6, 10, 10, 14 ], "texture": "#multielement_orb" },
        "west":  { "uv": [ 6.25, 10.125, 9.75, 13.75 ], "texture": "#multielement_orb" },
        "east":  { "uv": [ 6.25, 10.125, 9.75, 13.75 ], "texture": "#multielement_orb" }
    }
},
{
    "from": [ 26, 6.25, 6.5 ],
    "to": [ 29.5, 8.75, 9 ],
    "faces": {
        "down":  { "uv": [ 6.125, 10.125, 9.875, 13.875 ], "texture": "#multielement_orb" },
        "up":    { "uv": [ 6.125, 10.125, 9.875, 13.875 ], "texture": "#multielement_orb" },
        "north": { "uv": [ 6, 10, 10, 14 ], "texture": "#multielement_orb" },
        "south": { "uv": [ 6, 10, 10, 14 ], "texture": "#multielement_orb" },
        "west":  { "uv": [ 6.25, 10.125, 9.75, 13.75 ], "texture": "#multielement_orb" },
        "east":  { "uv": [ 6.25, 10.125, 9.75, 13.75 ], "texture": "#multielement_orb" }
    }
},
{
    "from": [ 24, 6.25, 6.5 ],
    "to": [ 24.75, 8.75, 9 ],
    "faces": {
        "down":  { "uv": [ 0.75, 4.5, 3.75, 7.5 ], "texture": "#texture" },
        "up":    { "uv": [ 0.75, 4.5, 3.75, 7.5 ], "texture": "#texture" },
        "north": { "uv": [ 1.25, 4.75, 4.25, 7.75 ], "texture": "#texture" },
        "south": { "uv": [ 1.25, 4.75, 4.25, 7.75 ], "texture": "#texture" },
        "west":  { "uv": [ 1, 4.5, 4, 7.5 ], "texture": "#texture" },
        "east":  { "uv": [ 1, 4.5, 4, 7.5 ], "texture": "#texture" }
    }
},
{
    "from": [ 24, 8.75, 6.75 ],
    "to": [ 24.75, 9, 8.75 ],
    "faces": {
        "down":  { "uv": [ 0.75, 4.5, 3.75, 7.5 ], "texture": "#texture" },
        "up":    { "uv": [ 0.75, 4.5, 3.75, 7.5 ], "texture": "#texture" },
        "north": { "uv": [ 1.25, 4.75, 4.25, 7.75 ], "texture": "#texture" },
        "south": { "uv": [ 1.25, 4.75, 4.25, 7.75 ], "texture": "#texture" },
        "west":  { "uv": [ 1, 4.5, 4, 7.5 ], "texture": "#texture" },
        "east":  { "uv": [ 1, 4.5, 4, 7.5 ], "texture": "#texture" }
    }
},
{
    "from": [ 24, 6, 6.75 ],
    "to": [ 24.75, 6.25, 8.75 ],
    "faces": {
        "down":  { "uv": [ 0.75, 4.5, 3.75, 7.5 ], "texture": "#texture" },
        "up":    { "uv": [ 0.75, 4.5, 3.75, 7.5 ], "texture": "#texture" },
        "north": { "uv": [ 1.25, 4.75, 4.25, 7.75 ], "texture": "#texture" },
        "south": { "uv": [ 1.25, 4.75, 4.25, 7.75 ], "texture": "#texture" },
        "west":  { "uv": [ 1, 4.5, 4, 7.5 ], "texture": "#texture" },
        "east":  { "uv": [ 1, 4.5, 4, 7.5 ], "texture": "#texture" }
    }
},
{
    "from": [ 24.75, 7, 7.25 ],
    "to": [ 26, 8, 8.25 ],
    "faces": {
        "down":  { "uv": [ 5.75, 12.75, 12.125, 13.25 ], "texture": "#texture" },
        "up":    { "uv": [ 5.75, 12.75, 12.125, 13.25 ], "texture": "#texture" },
        "north": { "uv": [ 3.25, 13.25, 9.625, 14.5 ], "texture": "#texture" },
        "south": { "uv": [ 3.25, 13.25, 9.625, 14.5 ], "texture": "#texture" },
        "west":  { "uv": [ 3.75, 14.75, 4.25, 16 ], "texture": "#texture" },
        "east":  { "uv": [ 3.75, 14.75, 4.25, 16 ], "texture": "#texture" }
    }
},
{
    "from": [ 17.25, 5.25, 6.75 ],
    "to": [ 18, 6.25, 8.75 ],
    "faces": {
        "down":  { "uv": [ 0.75, 4.5, 3.75, 7.5 ], "texture": "#texture" },
        "up":    { "uv": [ 0.75, 4.5, 3.75, 7.5 ], "texture": "#texture" },
        "north": { "uv": [ 1.25, 4.75, 4.25, 7.75 ], "texture": "#texture" },
        "south": { "uv": [ 1.25, 4.75, 4.25, 7.75 ], "texture": "#texture" },
        "west":  { "uv": [ 1, 4.5, 4, 7.5 ], "texture": "#texture" },
        "east":  { "uv": [ 1, 4.5, 4, 7.5 ], "texture": "#texture" }
    }
},
{
    "from": [ 17.25, 8.75, 6.75 ],
    "to": [ 18, 9.75, 8.75 ],
    "faces": {
        "down":  { "uv": [ 0.75, 4.5, 3.75, 7.5 ], "texture": "#texture" },
        "up":    { "uv": [ 0.75, 4.5, 3.75, 7.5 ], "texture": "#texture" },
        "north": { "uv": [ 1.25, 4.75, 4.25, 7.75 ], "texture": "#texture" },
        "south": { "uv": [ 1.25, 4.75, 4.25, 7.75 ], "texture": "#texture" },
        "west":  { "uv": [ 1, 4.5, 4, 7.5 ], "texture": "#texture" },
        "east":  { "uv": [ 1, 4.5, 4, 7.5 ], "texture": "#texture" }
    }
},
{
    "from": [ 17.5, 10.25, 7.25 ],
    "to": [ 17.75, 11.75, 8.25 ],
    "faces": {
        "down":  { "uv": [ 0.75, 4.5, 3.75, 7.5 ], "texture": "#texture" },
        "up":    { "uv": [ 0.75, 4.5, 3.75, 7.5 ], "texture": "#texture" },
        "north": { "uv": [ 1.25, 4.75, 4.25, 7.75 ], "texture": "#texture" },
        "south": { "uv": [ 1.25, 4.75, 4.25, 7.75 ], "texture": "#texture" },
        "west":  { "uv": [ 1, 4.5, 4, 7.5 ], "texture": "#texture" },
        "east":  { "uv": [ 1, 4.5, 4, 7.5 ], "texture": "#texture" }
    }
},
{
    "from": [ 17.375, 3.875, 7 ],
    "to": [ 17.875, 5.375, 8.5 ],
    "faces": {
        "down":  { "uv": [ 0.75, 4.5, 3.75, 7.5 ], "texture": "#texture" },
        "up":    { "uv": [ 0.75, 4.5, 3.75, 7.5 ], "texture": "#texture" },
        "north": { "uv": [ 1.25, 4.75, 4.25, 7.75 ], "texture": "#texture" },
        "south": { "uv": [ 1.25, 4.75, 4.25, 7.75 ], "texture": "#texture" },
        "west":  { "uv": [ 1, 4.5, 4, 7.5 ], "texture": "#texture" },
        "east":  { "uv": [ 1, 4.5, 4, 7.5 ], "texture": "#texture" }
    }
},
{
    "from": [ 17.5, 3.25, 7.25 ],
    "to": [ 17.75, 4.75, 8.25 ],
    "faces": {
        "down":  { "uv": [ 0.75, 4.5, 3.75, 7.5 ], "texture": "#texture" },
        "up":    { "uv": [ 0.75, 4.5, 3.75, 7.5 ], "texture": "#texture" },
        "north": { "uv": [ 1.25, 4.75, 4.25, 7.75 ], "texture": "#texture" },
        "south": { "uv": [ 1.25, 4.75, 4.25, 7.75 ], "texture": "#texture" },
        "west":  { "uv": [ 1, 4.5, 4, 7.5 ], "texture": "#texture" },
        "east":  { "uv": [ 1, 4.5, 4, 7.5 ], "texture": "#texture" }
    }
},
{
    "from": [ 17.75, 6.5, 6.75 ],
    "to": [ 18.25, 8.5, 8.75 ],
    "faces": {
        "down":  { "uv": [ 7.25, 8, 10.25, 9 ], "texture": "#texture" },
        "up":    { "uv": [ 7.25, 8, 10.25, 9 ], "texture": "#texture" },
        "north": { "uv": [ 6.5, 8.75, 9.5, 11.25 ], "texture": "#texture" },
        "south": { "uv": [ 6.5, 8.75, 9.5, 11.25 ], "texture": "#texture" },
        "west":  { "uv": [ 7, 9.25, 8, 11.75 ], "texture": "#texture" },
        "east":  { "uv": [ 7, 9.25, 8, 11.75 ], "texture": "#texture" }
    }
},
{
    "from": [ 24.5, 6.5, 6.75 ],
    "to": [ 25, 8.5, 8.75 ],
    "faces": {
        "down":  { "uv": [ 7.25, 8, 10.25, 9 ], "texture": "#texture" },
        "up":    { "uv": [ 7.25, 8, 10.25, 9 ], "texture": "#texture" },
        "north": { "uv": [ 6.5, 8.75, 9.5, 11.25 ], "texture": "#texture" },
        "south": { "uv": [ 6.5, 8.75, 9.5, 11.25 ], "texture": "#texture" },
        "west":  { "uv": [ 7, 9.25, 8, 11.75 ], "texture": "#texture" },
        "east":  { "uv": [ 7, 9.25, 8, 11.75 ], "texture": "#texture" }
    }
},
{
    "from": [ 24.75, 6.75, 7 ],
    "to": [ 25.25, 8.25, 8.5 ],
    "faces": {
        "down":  { "uv": [ 12, 8.5, 15, 9.5 ], "texture": "#texture" },
        "up":    { "uv": [ 12, 8.5, 15, 9.5 ], "texture": "#texture" },
        "north": { "uv": [ 12, 8.75, 15, 11.25 ], "texture": "#texture" },
        "south": { "uv": [ 12, 8.75, 15, 11.25 ], "texture": "#texture" },
        "west":  { "uv": [ 12.5, 8.75, 13.5, 11.25 ], "texture": "#texture" },
        "east":  { "uv": [ 12.5, 8.75, 13.5, 11.25 ], "texture": "#texture" }
    }
},
{
    "from": [ 18, 6.875, 7.5 ],
    "to": [ 24.375, 8.125, 8 ],
    "faces": {
        "down":  { "uv": [ 5.75, 12.75, 12.125, 13.25 ], "texture": "#texture" },
        "up":    { "uv": [ 5.75, 12.75, 12.125, 13.25 ], "texture": "#texture" },
        "north": { "uv": [ 3.25, 13.25, 9.625, 14.5 ], "texture": "#texture" },
        "south": { "uv": [ 3.25, 13.25, 9.625, 14.5 ], "texture": "#texture" },
        "west":  { "uv": [ 3.75, 14.75, 4.25, 16 ], "texture": "#texture" },
        "east":  { "uv": [ 3.75, 14.75, 4.25, 16 ], "texture": "#texture" }
    }
},
{
    "from": [ 18, 7, 7.375 ],
    "to": [ 24.5, 8, 8.125 ],
    "faces": {
        "down":  { "uv": [ 5.75, 12.75, 12.125, 13.25 ], "texture": "#texture" },
        "up":    { "uv": [ 5.75, 12.75, 12.125, 13.25 ], "texture": "#texture" },
        "north": { "uv": [ 3.25, 13.25, 9.625, 14.5 ], "texture": "#texture" },
        "south": { "uv": [ 3.25, 13.25, 9.625, 14.5 ], "texture": "#texture" },
        "west":  { "uv": [ 3.75, 14.75, 4.25, 16 ], "texture": "#texture" },
        "east":  { "uv": [ 3.75, 14.75, 4.25, 16 ], "texture": "#texture" }
    }
},
{
    "from": [ 18, 7.25, 7.125 ],
    "to": [ 24.25, 7.75, 8.375 ],
    "faces": {
        "down":  { "uv": [ 5.75, 12.75, 12.125, 13.25 ], "texture": "#texture" },
        "up":    { "uv": [ 5.75, 12.75, 12.125, 13.25 ], "texture": "#texture" },
        "north": { "uv": [ 3.25, 13.25, 9.625, 14.5 ], "texture": "#texture" },
        "south": { "uv": [ 3.25, 13.25, 9.625, 14.5 ], "texture": "#texture" },
        "west":  { "uv": [ 3.75, 14.75, 4.25, 16 ], "texture": "#texture" },
        "east":  { "uv": [ 3.75, 14.75, 4.25, 16 ], "texture": "#texture" }
    }
},
{
    "from": [ 18, 6.75, 7 ],
    "to": [ 18.5, 8.25, 8.5 ],
    "faces": {
        "down":  { "uv": [ 12, 8.5, 15, 9.5 ], "texture": "#texture" },
        "up":    { "uv": [ 12, 8.5, 15, 9.5 ], "texture": "#texture" },
        "north": { "uv": [ 12, 8.75, 15, 11.25 ], "texture": "#texture" },
        "south": { "uv": [ 12, 8.75, 15, 11.25 ], "texture": "#texture" },
        "west":  { "uv": [ 12.5, 8.75, 13.5, 11.25 ], "texture": "#texture" },
        "east":  { "uv": [ 12.5, 8.75, 13.5, 11.25 ], "texture": "#texture" }
    }
},
{
    "from": [ 16, 6.375, 7.5 ],
    "to": [ 16.25, 8.625, 8 ],
    "faces": {
        "down":  { "uv": [ 7.25, 1, 10.25, 2 ], "texture": "#blade_glow" },
        "up":    { "uv": [ 7.25, 1, 10.25, 2 ], "texture": "#blade_glow" },
        "north": { "uv": [ 8.75, 1.125, 11.75, 3.625 ], "texture": "#blade_glow" },
        "south": { "uv": [ 8.75, 1.125, 11.75, 3.625 ], "texture": "#blade_glow" },
        "west":  { "uv": [ 7.625, 1, 8.625, 3.5 ], "texture": "#blade_glow" },
        "east":  { "uv": [ 7.625, 1, 8.625, 3.5 ], "texture": "#blade_glow" }
    }
},
{
    "from": [ 23.75, 6.5, 6.75 ],
    "to": [ 24.25, 8.5, 8.75 ],
    "faces": {
        "down":  { "uv": [ 1.75, 8.75, 4.75, 9.75 ], "texture": "#texture" },
        "up":    { "uv": [ 1.75, 8.75, 4.75, 9.75 ], "texture": "#texture" },
        "north": { "uv": [ 2.25, 8.5, 5.25, 11 ], "texture": "#texture" },
        "south": { "uv": [ 2.25, 8.5, 5.25, 11 ], "texture": "#texture" },
        "west":  { "uv": [ 2.5, 8.5, 3.5, 11 ], "texture": "#texture" },
        "east":  { "uv": [ 2.5, 8.5, 3.5, 11 ], "texture": "#texture" }
    }
},
{
    "from": [ 23.5, 6.75, 7 ],
    "to": [ 24, 8.25, 8.5 ],
    "faces": {
        "down":  { "uv": [ 6.75, 4.5, 9.75, 5.5 ], "texture": "#texture" },
        "up":    { "uv": [ 6.75, 4.5, 9.75, 5.5 ], "texture": "#texture" },
        "north": { "uv": [ 6.25, 4.75, 9.25, 7.25 ], "texture": "#texture" },
        "south": { "uv": [ 6.25, 4.75, 9.25, 7.25 ], "texture": "#texture" },
        "west":  { "uv": [ 8.5, 5, 9.5, 7.5 ], "texture": "#texture" },
        "east":  { "uv": [ 8.5, 5, 9.5, 7.5 ], "texture": "#texture" }
    }
},
{
    "from": [ 17, 6.5, 6.75 ],
    "to": [ 17.5, 8.5, 8.75 ],
    "faces": {
        "down":  { "uv": [ 1.75, 8.75, 4.75, 9.75 ], "texture": "#texture" },
        "up":    { "uv": [ 1.75, 8.75, 4.75, 9.75 ], "texture": "#texture" },
        "north": { "uv": [ 2.25, 8.5, 5.25, 11 ], "texture": "#texture" },
        "south": { "uv": [ 2.25, 8.5, 5.25, 11 ], "texture": "#texture" },
        "west":  { "uv": [ 2.5, 8.5, 3.5, 11 ], "texture": "#texture" },
        "east":  { "uv": [ 2.5, 8.5, 3.5, 11 ], "texture": "#texture" }
    }
},
{
    "from": [ 16.75, 6.75, 7 ],
    "to": [ 17.25, 8.25, 8.5 ],
    "faces": {
        "down":  { "uv": [ 6.75, 4.5, 9.75, 5.5 ], "texture": "#texture" },
        "up":    { "uv": [ 6.75, 4.5, 9.75, 5.5 ], "texture": "#texture" },
        "north": { "uv": [ 6.25, 4.75, 9.25, 7.25 ], "texture": "#texture" },
        "south": { "uv": [ 6.25, 4.75, 9.25, 7.25 ], "texture": "#texture" },
        "west":  { "uv": [ 8.5, 5, 9.5, 7.5 ], "texture": "#texture" },
        "east":  { "uv": [ 8.5, 5, 9.5, 7.5 ], "texture": "#texture" }
    }
},
{
    "from": [ 15.75, 5.875, 7.625 ],
    "to": [ 16, 8.875, 7.875 ],
    "faces": {
        "down":  { "uv": [ 7.25, 1, 10.25, 2 ], "texture": "#blade_glow" },
        "up":    { "uv": [ 7.25, 1, 10.25, 2 ], "texture": "#blade_glow" },
        "north": { "uv": [ 8.75, 1.125, 11.75, 3.625 ], "texture": "#blade_glow" },
        "south": { "uv": [ 8.75, 1.125, 11.75, 3.625 ], "texture": "#blade_glow" },
        "west":  { "uv": [ 7.625, 1, 8.625, 3.5 ], "texture": "#blade_glow" },
        "east":  { "uv": [ 7.625, 1, 8.625, 3.5 ], "texture": "#blade_glow" }
    }
},
{
    "from": [ 3.75, 6, 7.375 ],
    "to": [ 15.75, 8.75, 8.125 ],
    "faces": {
        "down":  { "uv": [ 2.25, 2.5, 14.25, 3.25 ], "texture": "#blade_glow" },
        "up":    { "uv": [ 2.25, 2.5, 14.25, 3.25 ], "texture": "#blade_glow" },
        "north": { "uv": [ 3.5, 7.25, 15.5, 10 ], "texture": "#blade_glow" },
        "south": { "uv": [ 3.5, 7.25, 15.5, 10 ], "texture": "#blade_glow" },
        "west":  { "uv": [ 7, 5.25, 7.75, 8 ], "texture": "#blade_glow" },
        "east":  { "uv": [ 7, 5.25, 7.75, 8 ], "texture": "#blade_glow" }
    }
},
{
    "from": [ 1, 6.875, 7.625 ],
    "to": [ 4, 7.875, 7.875 ],
    "rotation": { "origin": [ 1, 7.875, 7.625 ], "axis": "z", "angle": 22.5 },
    "faces": {
        "down":  { "uv": [ 5.25, 1.75, 5.75, 2.5 ], "texture": "#blade_glow" },
        "up":    { "uv": [ 5.25, 1.75, 5.75, 2.5 ], "texture": "#blade_glow" },
        "north": { "uv": [ 4.75, 1.25, 5.25, 1.75 ], "texture": "#blade_glow" },
        "south": { "uv": [ 4.75, 1.25, 5.25, 1.75 ], "texture": "#blade_glow" },
        "west":  { "uv": [ 8.5, 2.25, 9.25, 2.75 ], "texture": "#blade_glow" },
        "east":  { "uv": [ 8.5, 2.25, 9.25, 2.75 ], "texture": "#blade_glow" }
    }
},
{
    "from": [ 1.3125, 6.8125, 7.625 ],
    "to": [ 4.3125, 7.8125, 7.875 ],
    "rotation": { "origin": [ 1.3125, 7.8125, 7.625 ], "axis": "z", "angle": -22.5 },
    "faces": {
        "down":  { "uv": [ 5.25, 1.75, 5.75, 2.5 ], "texture": "#blade_glow" },
        "up":    { "uv": [ 5.25, 1.75, 5.75, 2.5 ], "texture": "#blade_glow" },
        "north": { "uv": [ 4.75, 1.25, 5.25, 1.75 ], "texture": "#blade_glow" },
        "south": { "uv": [ 4.75, 1.25, 5.25, 1.75 ], "texture": "#blade_glow" },
        "west":  { "uv": [ 8.5, 2.25, 9.25, 2.75 ], "texture": "#blade_glow" },
        "east":  { "uv": [ 8.5, 2.25, 9.25, 2.75 ], "texture": "#blade_glow" }
    }
},
{
    "from": [ 0.5, 6.875, 7.625 ],
    "to": [ 1.1875, 7.375, 7.875 ],
    "rotation": { "origin": [ 0.5, 7.375, 7.625 ], "axis": "z", "angle": 45 },
    "faces": {
        "down":  { "uv": [ 5.25, 1.75, 5.75, 2.5 ], "texture": "#blade_glow" },
        "up":    { "uv": [ 5.25, 1.75, 5.75, 2.5 ], "texture": "#blade_glow" },
        "north": { "uv": [ 4.75, 1.25, 5.25, 1.75 ], "texture": "#blade_glow" },
        "south": { "uv": [ 4.75, 1.25, 5.25, 1.75 ], "texture": "#blade_glow" },
        "west":  { "uv": [ 8.5, 2.25, 9.25, 2.75 ], "texture": "#blade_glow" },
        "east":  { "uv": [ 8.5, 2.25, 9.25, 2.75 ], "texture": "#blade_glow" }
    }
},
{
    "from": [ 0.9375, 7.125, 7.625 ],
    "to": [ 1.4375, 7.625, 7.875 ],
    "rotation": { "origin": [ 0.9375, 7.625, 7.625 ], "axis": "z", "angle": -45 },
    "faces": {
        "down":  { "uv": [ 5.25, 1.75, 5.75, 2.5 ], "texture": "#blade_glow" },
        "up":    { "uv": [ 5.25, 1.75, 5.75, 2.5 ], "texture": "#blade_glow" },
        "north": { "uv": [ 4.75, 1.25, 5.25, 1.75 ], "texture": "#blade_glow" },
        "south": { "uv": [ 4.75, 1.25, 5.25, 1.75 ], "texture": "#blade_glow" },
        "west":  { "uv": [ 8.5, 2.25, 9.25, 2.75 ], "texture": "#blade_glow" },
        "east":  { "uv": [ 8.5, 2.25, 9.25, 2.75 ], "texture": "#blade_glow" }
    }
},
{
    "from": [ 2.25, 6.625, 7.625 ],
    "to": [ 3.75, 8.125, 7.875 ],
    "faces": {
        "down":  { "uv": [ 5.25, 1.75, 5.75, 2.5 ], "texture": "#blade_glow" },
        "up":    { "uv": [ 5.25, 1.75, 5.75, 2.5 ], "texture": "#blade_glow" },
        "north": { "uv": [ 4.75, 1.25, 5.25, 1.75 ], "texture": "#blade_glow" },
        "south": { "uv": [ 4.75, 1.25, 5.25, 1.75 ], "texture": "#blade_glow" },
        "west":  { "uv": [ 8.5, 2.25, 9.25, 2.75 ], "texture": "#blade_glow" },
        "east":  { "uv": [ 8.5, 2.25, 9.25, 2.75 ], "texture": "#blade_glow" }
    }
},
{
    "from": [ 3.75, 5.75, 7.625 ],
    "to": [ 15.75, 9, 7.875 ],
    "faces": {
        "down":  { "uv": [ 2.25, 2.5, 14.25, 3.25 ], "texture": "#blade_glow" },
        "up":    { "uv": [ 2.25, 2.5, 14.25, 3.25 ], "texture": "#blade_glow" },
        "north": { "uv": [ 3.5, 7.25, 15.5, 10 ], "texture": "#blade_glow" },
        "south": { "uv": [ 3.5, 7.25, 15.5, 10 ], "texture": "#blade_glow" },
        "west":  { "uv": [ 7, 5.25, 7.75, 8 ], "texture": "#blade_glow" },
        "east":  { "uv": [ 7, 5.25, 7.75, 8 ], "texture": "#blade_glow" }
    }
},
{
    "from": [ 1.875, 7.1875, 7.375 ],
    "to": [ 3.875, 7.9375, 8.125 ],
    "rotation": { "origin": [ 1.875, 7.9375, 7.375 ], "axis": "z", "angle": 22.5 },
    "faces": {
        "down":  { "uv": [ 5.25, 1.75, 5.75, 2.5 ], "texture": "#blade_glow" },
        "up":    { "uv": [ 5.25, 1.75, 5.75, 2.5 ], "texture": "#blade_glow" },
        "north": { "uv": [ 4.75, 1.25, 5.25, 1.75 ], "texture": "#blade_glow" },
        "south": { "uv": [ 4.75, 1.25, 5.25, 1.75 ], "texture": "#blade_glow" },
        "west":  { "uv": [ 8.5, 2.25, 9.25, 2.75 ], "texture": "#blade_glow" },
        "east":  { "uv": [ 8.5, 2.25, 9.25, 2.75 ], "texture": "#blade_glow" }
    }
},
{
    "from": [ 2.1875, 6.6875, 7.375 ],
    "to": [ 4.1875, 7.4375, 8.125 ],
    "rotation": { "origin": [ 2.1875, 7.4375, 7.375 ], "axis": "z", "angle": -22.5 },
    "faces": {
        "down":  { "uv": [ 5.25, 1.75, 5.75, 2.5 ], "texture": "#blade_glow" },
        "up":    { "uv": [ 5.25, 1.75, 5.75, 2.5 ], "texture": "#blade_glow" },
        "north": { "uv": [ 4.75, 1.25, 5.25, 1.75 ], "texture": "#blade_glow" },
        "south": { "uv": [ 4.75, 1.25, 5.25, 1.75 ], "texture": "#blade_glow" },
        "west":  { "uv": [ 8.5, 2.25, 9.25, 2.75 ], "texture": "#blade_glow" },
        "east":  { "uv": [ 8.5, 2.25, 9.25, 2.75 ], "texture": "#blade_glow" }
    }
},
{
    "from": [ 1.375, 6.875, 7.375 ],
    "to": [ 2.125, 7.375, 8.125 ],
    "rotation": { "origin": [ 1.375, 7.375, 7.375 ], "axis": "z", "angle": 45 },
    "faces": {
        "down":  { "uv": [ 5.25, 1.75, 5.75, 2.5 ], "texture": "#blade_glow" },
        "up":    { "uv": [ 5.25, 1.75, 5.75, 2.5 ], "texture": "#blade_glow" },
        "north": { "uv": [ 4.75, 1.25, 5.25, 1.75 ], "texture": "#blade_glow" },
        "south": { "uv": [ 4.75, 1.25, 5.25, 1.75 ], "texture": "#blade_glow" },
        "west":  { "uv": [ 8.5, 2.25, 9.25, 2.75 ], "texture": "#blade_glow" },
        "east":  { "uv": [ 8.5, 2.25, 9.25, 2.75 ], "texture": "#blade_glow" }
    }
},
{
    "from": [ 1.75, 7.1875, 7.375 ],
    "to": [ 2.5, 7.6875, 8.125 ],
    "rotation": { "origin": [ 1.75, 7.6875, 7.375 ], "axis": "z", "angle": -45 },
    "faces": {
        "down":  { "uv": [ 5.25, 1.75, 5.75, 2.5 ], "texture": "#blade_glow" },
        "up":    { "uv": [ 5.25, 1.75, 5.75, 2.5 ], "texture": "#blade_glow" },
        "north": { "uv": [ 4.75, 1.25, 5.25, 1.75 ], "texture": "#blade_glow" },
        "south": { "uv": [ 4.75, 1.25, 5.25, 1.75 ], "texture": "#blade_glow" },
        "west":  { "uv": [ 8.5, 2.25, 9.25, 2.75 ], "texture": "#blade_glow" },
        "east":  { "uv": [ 8.5, 2.25, 9.25, 2.75 ], "texture": "#blade_glow" }
    }
},
{
    "from": [ 2.3125, 6.6875, 7.375 ],
    "to": [ 3.8125, 7.9375, 8.125 ],
    "faces": {
        "down":  { "uv": [ 5.25, 1.75, 5.75, 2.5 ], "texture": "#blade_glow" },
        "up":    { "uv": [ 5.25, 1.75, 5.75, 2.5 ], "texture": "#blade_glow" },
        "north": { "uv": [ 4.75, 1.25, 5.25, 1.75 ], "texture": "#blade_glow" },
        "south": { "uv": [ 4.75, 1.25, 5.25, 1.75 ], "texture": "#blade_glow" },
        "west":  { "uv": [ 8.5, 2.25, 9.25, 2.75 ], "texture": "#blade_glow" },
        "east":  { "uv": [ 8.5, 2.25, 9.25, 2.75 ], "texture": "#blade_glow" }
    }
},
{
    "from": [ 1.75, 7.125, 7.375 ],
    "to": [ 2.25, 7.625, 8.125 ],
    "faces": {
        "down":  { "uv": [ 5.25, 1.75, 5.75, 2.5 ], "texture": "#blade_glow" },
        "up":    { "uv": [ 5.25, 1.75, 5.75, 2.5 ], "texture": "#blade_glow" },
        "north": { "uv": [ 4.75, 1.25, 5.25, 1.75 ], "texture": "#blade_glow" },
        "south": { "uv": [ 4.75, 1.25, 5.25, 1.75 ], "texture": "#blade_glow" },
        "west":  { "uv": [ 8.5, 2.25, 9.25, 2.75 ], "texture": "#blade_glow" },
        "east":  { "uv": [ 8.5, 2.25, 9.25, 2.75 ], "texture": "#blade_glow" }
    }
}
]
}