{
"__comment": "Designed by Glitcherdotbe with BDcraft Cubik PRO 0.95 Beta - http://bdcraft.net",
"textures": {
    "particle": "3D/shield_back",
    "texture": "3D/shield_back",
    "texture2": "3D/shield_base_nopattern"
},
"elements": [ 
{
    "__comment": "Border",
    "from": [ 5.5, 6, 1 ],
    "to": [ 6, 6.5, 1.5 ],
    "faces": {
        "down":  { "uv": [ 5.5, 1, 6, 1.5 ], "texture": "#texture2" },
        "up":    { "uv": [ 5.5, 1, 6, 1.5 ], "texture": "#texture" },
        "north": { "uv": [ 5.5, 1, 6, 1.5 ], "texture": "#texture" },
        "south": { "uv": [ 5.5, 1, 6, 1.5 ], "texture": "#texture" },
        "west":  { "uv": [ 5.5, 1, 6, 1.5 ], "texture": "#texture" },
        "east":  { "uv": [ 5.5, 1, 6, 1.5 ], "texture": "#texture" }
    }
},
{
    "__comment": "Border",
    "from": [ 6, 6, 1.5 ],
    "to": [ 7, 6.5, 2 ],
    "faces": {
        "down":  { "uv": [ 6, 1.5, 7, 2 ], "texture": "#texture2" },
        "up":    { "uv": [ 6, 1.5, 7, 2 ], "texture": "#texture" },
        "north": { "uv": [ 6, 1.5, 7, 2 ], "texture": "#texture" },
        "south": { "uv": [ 6, 1.5, 7, 2 ], "texture": "#texture" },
        "west":  { "uv": [ 6, 1.5, 6.5, 2 ], "texture": "#texture" },
        "east":  { "uv": [ 6.5, 1.5, 7, 2 ], "texture": "#texture" }
    }
},
{
    "__comment": "Border",
    "from": [ 7, 6, 2 ],
    "to": [ 9, 6.5, 2.5 ],
    "faces": {
        "down":  { "uv": [ 7, 2, 9, 2.5 ], "texture": "#texture2" },
        "up":    { "uv": [ 7, 2, 9, 2.5 ], "texture": "#texture" },
        "north": { "uv": [ 7, 2, 9, 2.5 ], "texture": "#texture" },
        "south": { "uv": [ 7, 2, 9, 2.5 ], "texture": "#texture" },
        "west":  { "uv": [ 7, 2, 7.5, 2.5 ], "texture": "#texture" },
        "east":  { "uv": [ 8.5, 2, 9, 2.5 ], "texture": "#texture" }
    }
},
{
    "__comment": "Border",
    "from": [ 9, 6, 2.5 ],
    "to": [ 10.5, 6.5, 3 ],
    "faces": {
        "down":  { "uv": [ 9, 2.5, 10.5, 3 ], "texture": "#texture2" },
        "up":    { "uv": [ 9, 2.5, 10.5, 3 ], "texture": "#texture" },
        "north": { "uv": [ 9, 2.5, 10.5, 3 ], "texture": "#texture" },
        "south": { "uv": [ 9, 2.5, 10.5, 3 ], "texture": "#texture" },
        "west":  { "uv": [ 9, 2.5, 9.5, 3 ], "texture": "#texture" },
        "east":  { "uv": [ 10, 2.5, 10.5, 3 ], "texture": "#texture" }
    }
},
{
    "__comment": "Border",
    "from": [ 10, 6, 3 ],
    "to": [ 10.5, 6.5, 7 ],
    "faces": {
        "down":  { "uv": [ 10, 3, 10.5, 7 ], "texture": "#texture2" },
        "up":    { "uv": [ 10, 3, 10.5, 7 ], "texture": "#texture" },
        "north": { "uv": [ 10, 3, 10.5, 3.5 ], "texture": "#texture" },
        "south": { "uv": [ 10, 6.5, 10.5, 7 ], "texture": "#texture" },
        "west":  { "uv": [ 1, 0.5, 5, 1 ], "texture": "#texture" },
        "east":  { "uv": [ 1, 0, 5, 0.5 ], "texture": "#texture" }
    }
},
{
    "__comment": "Border",
    "from": [ 9.5, 6, 6.5 ],
    "to": [ 10, 6.5, 8.5 ],
    "faces": {
        "down":  { "uv": [ 9.5, 6.5, 10, 8.5 ], "texture": "#texture2" },
        "up":    { "uv": [ 9.5, 6.5, 10, 8.5 ], "texture": "#texture" },
        "north": { "uv": [ 9.5, 6.5, 10, 7 ], "texture": "#texture" },
        "south": { "uv": [ 9.5, 8, 10, 8.5 ], "texture": "#texture" },
        "west":  { "uv": [ 4.5, 0.5, 6.5, 1 ], "texture": "#texture" },
        "east":  { "uv": [ 4.5, 0, 6.5, 0.5 ], "texture": "#texture" }
    }
},
{
    "__comment": "Border",
    "from": [ 9, 6, 8 ],
    "to": [ 9.5, 6.5, 9.5 ],
    "faces": {
        "down":  { "uv": [ 9, 8, 9.5, 9.5 ], "texture": "#texture2" },
        "up":    { "uv": [ 9, 8, 9.5, 9.5 ], "texture": "#texture" },
        "north": { "uv": [ 9, 8, 9.5, 8.5 ], "texture": "#texture" },
        "south": { "uv": [ 9, 9, 9.5, 9.5 ], "texture": "#texture" },
        "west":  { "uv": [ 6, 0.5, 7.5, 1 ], "texture": "#texture" },
        "east":  { "uv": [ 6, 0, 7.5, 0.5 ], "texture": "#texture" }
    }
},
{
    "__comment": "Border",
    "from": [ 8.5, 6, 9.5 ],
    "to": [ 9, 6.5, 10.5 ],
    "faces": {
        "down":  { "uv": [ 8.5, 9.5, 9, 10.5 ], "texture": "#texture2" },
        "up":    { "uv": [ 8.5, 9.5, 9, 10.5 ], "texture": "#texture" },
        "north": { "uv": [ 8.5, 9.5, 9, 10 ], "texture": "#texture" },
        "south": { "uv": [ 8.5, 10, 9, 10.5 ], "texture": "#texture" },
        "west":  { "uv": [ 7, 0.5, 8, 1 ], "texture": "#texture" },
        "east":  { "uv": [ 7, 0, 8, 0.5 ], "texture": "#texture" }
    }
},
{
    "__comment": "Border",
    "from": [ 8, 6, 10.5 ],
    "to": [ 8.5, 6.5, 11 ],
    "faces": {
        "down":  { "uv": [ 8, 10.5, 8.5, 11 ], "texture": "#texture2" },
        "up":    { "uv": [ 8, 10.5, 8.5, 11 ], "texture": "#texture" },
        "north": { "uv": [ 8, 10.5, 8.5, 11 ], "texture": "#texture" },
        "south": { "uv": [ 8, 10.5, 8.5, 11 ], "texture": "#texture" },
        "west":  { "uv": [ 8, 10.5, 8.5, 11 ], "texture": "#texture" },
        "east":  { "uv": [ 8, 10.5, 8.5, 11 ], "texture": "#texture" }
    }
},
{
    "__comment": "Border",
    "from": [ 7.5, 6, 11 ],
    "to": [ 8, 6.5, 11.5 ],
    "faces": {
        "down":  { "uv": [ 8, 10.5, 8.5, 11 ], "texture": "#texture2" },
        "up":    { "uv": [ 8, 10.5, 8.5, 11 ], "texture": "#texture" },
        "north": { "uv": [ 8, 10.5, 8.5, 11 ], "texture": "#texture" },
        "south": { "uv": [ 8, 10.5, 8.5, 11 ], "texture": "#texture" },
        "west":  { "uv": [ 8, 10.5, 8.5, 11 ], "texture": "#texture" },
        "east":  { "uv": [ 8, 10.5, 8.5, 11 ], "texture": "#texture" }
    }
},
{
    "__comment": "Border",
    "from": [ 7, 6, 11.5 ],
    "to": [ 7.5, 6.5, 12 ],
    "faces": {
        "down":  { "uv": [ 8, 10.5, 8.5, 11 ], "texture": "#texture2" },
        "up":    { "uv": [ 8, 10.5, 8.5, 11 ], "texture": "#texture" },
        "north": { "uv": [ 8, 10.5, 8.5, 11 ], "texture": "#texture" },
        "south": { "uv": [ 8, 10.5, 8.5, 11 ], "texture": "#texture" },
        "west":  { "uv": [ 8, 10.5, 8.5, 11 ], "texture": "#texture" },
        "east":  { "uv": [ 8, 10.5, 8.5, 11 ], "texture": "#texture" }
    }
},
{
    "__comment": "Border",
    "from": [ 6, 6, 12 ],
    "to": [ 7, 6.5, 12.5 ],
    "faces": {
        "down":  { "uv": [ 6, 12, 7, 12.5 ], "texture": "#texture2" },
        "up":    { "uv": [ 6, 12, 7, 12.5 ], "texture": "#texture" },
        "north": { "uv": [ 6, 12, 7, 12.5 ], "texture": "#texture" },
        "south": { "uv": [ 6, 12, 7, 12.5 ], "texture": "#texture" },
        "west":  { "uv": [ 6, 12, 6.5, 12.5 ], "texture": "#texture" },
        "east":  { "uv": [ 6.5, 12, 7, 12.5 ], "texture": "#texture" }
    }
},
{
    "__comment": "Border",
    "from": [ 5.5, 6, 12.5 ],
    "to": [ 6, 6.5, 13 ],
    "faces": {
        "down":  { "uv": [ 5.5, 12.5, 6, 13 ], "texture": "#texture2" },
        "up":    { "uv": [ 5.5, 12.5, 6, 13 ], "texture": "#texture" },
        "north": { "uv": [ 5.5, 12.5, 6, 13 ], "texture": "#texture" },
        "south": { "uv": [ 5.5, 12.5, 6, 13 ], "texture": "#texture" },
        "west":  { "uv": [ 5.5, 12.5, 6, 13 ], "texture": "#texture" },
        "east":  { "uv": [ 5.5, 12.5, 6, 13 ], "texture": "#texture" }
    }
},
{
    "__comment": "Border",
    "from": [ 4.5, 6, 12 ],
    "to": [ 5.5, 6.5, 12.5 ],
    "faces": {
        "down":  { "uv": [ 4.5, 12, 5.5, 12.5 ], "texture": "#texture2" },
        "up":    { "uv": [ 4.5, 12, 5.5, 12.5 ], "texture": "#texture" },
        "north": { "uv": [ 4.5, 12, 5.5, 12.5 ], "texture": "#texture" },
        "south": { "uv": [ 4.5, 12, 5.5, 12.5 ], "texture": "#texture" },
        "west":  { "uv": [ 4.5, 12, 5, 12.5 ], "texture": "#texture" },
        "east":  { "uv": [ 5, 12, 5.5, 12.5 ], "texture": "#texture" }
    }
},
{
    "__comment": "Border",
    "from": [ 4, 6, 11.5 ],
    "to": [ 4.5, 6.5, 12 ],
    "faces": {
        "down":  { "uv": [ 4, 11.5, 4.5, 12 ], "texture": "#texture2" },
        "up":    { "uv": [ 4, 11.5, 4.5, 12 ], "texture": "#texture" },
        "north": { "uv": [ 4, 11.5, 4.5, 12 ], "texture": "#texture" },
        "south": { "uv": [ 4, 11.5, 4.5, 12 ], "texture": "#texture" },
        "west":  { "uv": [ 4, 11.5, 4.5, 12 ], "texture": "#texture" },
        "east":  { "uv": [ 4, 11.5, 4.5, 12 ], "texture": "#texture" }
    }
},
{
    "__comment": "Border",
    "from": [ 3.5, 6, 11 ],
    "to": [ 4, 6.5, 11.5 ],
    "faces": {
        "down":  { "uv": [ 4, 11.5, 4.5, 12 ], "texture": "#texture2" },
        "up":    { "uv": [ 4, 11.5, 4.5, 12 ], "texture": "#texture" },
        "north": { "uv": [ 4, 11.5, 4.5, 12 ], "texture": "#texture" },
        "south": { "uv": [ 4, 11.5, 4.5, 12 ], "texture": "#texture" },
        "west":  { "uv": [ 4, 11.5, 4.5, 12 ], "texture": "#texture" },
        "east":  { "uv": [ 4, 11.5, 4.5, 12 ], "texture": "#texture" }
    }
},
{
    "__comment": "Border",
    "from": [ 3, 6, 10.5 ],
    "to": [ 3.5, 6.5, 11 ],
    "faces": {
        "down":  { "uv": [ 3, 10.5, 3.5, 11 ], "texture": "#texture2" },
        "up":    { "uv": [ 3, 10.5, 3.5, 11 ], "texture": "#texture" },
        "north": { "uv": [ 3, 10.5, 3.5, 11 ], "texture": "#texture" },
        "south": { "uv": [ 3, 10.5, 3.5, 11 ], "texture": "#texture" },
        "west":  { "uv": [ 3, 10.5, 3.5, 11 ], "texture": "#texture" },
        "east":  { "uv": [ 3, 10.5, 3.5, 11 ], "texture": "#texture" }
    }
},
{
    "__comment": "Border",
    "from": [ 2.5, 6, 9.5 ],
    "to": [ 3, 6.5, 10.5 ],
    "faces": {
        "down":  { "uv": [ 2.5, 9.5, 3, 10.5 ], "texture": "#texture2" },
        "up":    { "uv": [ 2.5, 9.5, 3, 10.5 ], "texture": "#texture" },
        "north": { "uv": [ 2.5, 9.5, 3, 10 ], "texture": "#texture" },
        "south": { "uv": [ 2.5, 9.5, 3, 10 ], "texture": "#texture" },
        "west":  { "uv": [ 9.5, 0, 10.5, 0.5 ], "texture": "#texture" },
        "east":  { "uv": [ 9.5, 0.5, 10.5, 1 ], "texture": "#texture" }
    }
},
{
    "__comment": "Border",
    "from": [ 2, 6, 8 ],
    "to": [ 2.5, 6.5, 9.5 ],
    "faces": {
        "down":  { "uv": [ 2, 8, 2.5, 9.5 ], "texture": "#texture2" },
        "up":    { "uv": [ 2, 8, 2.5, 9.5 ], "texture": "#texture" },
        "north": { "uv": [ 2, 8, 2.5, 8.5 ], "texture": "#texture" },
        "south": { "uv": [ 2, 9, 2.5, 9.5 ], "texture": "#texture" },
        "west":  { "uv": [ 8, 0, 9.5, 0.5 ], "texture": "#texture" },
        "east":  { "uv": [ 8, 0.5, 9.5, 1 ], "texture": "#texture" }
    }
},
{
    "__comment": "Border",
    "from": [ 1.5, 6, 6.5 ],
    "to": [ 2, 6.5, 8.5 ],
    "faces": {
        "down":  { "uv": [ 1.5, 6.5, 2, 8.5 ], "texture": "#texture2" },
        "up":    { "uv": [ 1.5, 6.5, 2, 8.5 ], "texture": "#texture" },
        "north": { "uv": [ 1.5, 6.5, 2, 7 ], "texture": "#texture" },
        "south": { "uv": [ 1.5, 8, 2, 8.5 ], "texture": "#texture" },
        "west":  { "uv": [ 6.5, 0, 8.5, 0.5 ], "texture": "#texture" },
        "east":  { "uv": [ 6.5, 0.5, 8.5, 1 ], "texture": "#texture" }
    }
},
{
    "__comment": "Border",
    "from": [ 1, 6, 3 ],
    "to": [ 1.5, 6.5, 7 ],
    "faces": {
        "down":  { "uv": [ 1, 3, 1.5, 7 ], "texture": "#texture2" },
        "up":    { "uv": [ 1, 3, 1.5, 7 ], "texture": "#texture" },
        "north": { "uv": [ 1, 2.5, 1.5, 3 ], "texture": "#texture" },
        "south": { "uv": [ 1, 6.5, 1.5, 7 ], "texture": "#texture" },
        "west":  { "uv": [ 1, 0, 5.5, 0.5 ], "texture": "#texture" },
        "east":  { "uv": [ 1, 0.5, 5.5, 1 ], "texture": "#texture" }
    }
},
{
    "__comment": "Border",
    "from": [ 1, 6, 2.5 ],
    "to": [ 2.5, 6.5, 3 ],
    "faces": {
        "down":  { "uv": [ 1, 2.5, 2.5, 3 ], "texture": "#texture2" },
        "up":    { "uv": [ 1, 2.5, 2.5, 3 ], "texture": "#texture" },
        "north": { "uv": [ 1, 2.5, 2.5, 3 ], "texture": "#texture" },
        "south": { "uv": [ 1, 2.5, 2.5, 3 ], "texture": "#texture" },
        "west":  { "uv": [ 2, 2.5, 2.5, 3 ], "texture": "#texture" },
        "east":  { "uv": [ 1, 2.5, 1.5, 3 ], "texture": "#texture" }
    }
},
{
    "__comment": "Border",
    "from": [ 2.5, 6, 2 ],
    "to": [ 4.5, 6.5, 2.5 ],
    "faces": {
        "down":  { "uv": [ 2.5, 2, 4.5, 2.5 ], "texture": "#texture2" },
        "up":    { "uv": [ 2.5, 2, 4.5, 2.5 ], "texture": "#texture" },
        "north": { "uv": [ 2.5, 2, 4.5, 2.5 ], "texture": "#texture" },
        "south": { "uv": [ 2.5, 2, 4.5, 2.5 ], "texture": "#texture" },
        "west":  { "uv": [ 2.5, 2, 3, 2.5 ], "texture": "#texture" },
        "east":  { "uv": [ 4, 2, 4.5, 2.5 ], "texture": "#texture" }
    }
},
{
    "__comment": "Border",
    "from": [ 4.5, 6, 1.5 ],
    "to": [ 5.5, 6.5, 2 ],
    "faces": {
        "down":  { "uv": [ 4.5, 1.5, 5.5, 2 ], "texture": "#texture2" },
        "up":    { "uv": [ 4.5, 1.5, 5.5, 2 ], "texture": "#texture" },
        "north": { "uv": [ 4.5, 1.5, 5.5, 2 ], "texture": "#texture" },
        "south": { "uv": [ 4.5, 1.5, 5.5, 2 ], "texture": "#texture" },
        "west":  { "uv": [ 4.5, 1.5, 5, 2 ], "texture": "#texture" },
        "east":  { "uv": [ 5, 1.5, 5.5, 2 ], "texture": "#texture" }
    }
},
{
    "__comment": "Shield",
    "from": [ 5.5, 5.75, 1.5 ],
    "to": [ 6, 6, 2 ],
    "faces": {
        "down":  { "uv": [ 5.5, 1.5, 6, 2 ], "texture": "#texture2" },
        "up":    { "uv": [ 5.5, 1.5, 6, 2 ], "texture": "#texture" },
        "north": { "uv": [ 5.5, 1.5, 6, 2 ], "texture": "#texture" },
        "south": { "uv": [ 5.5, 1.5, 6, 2 ], "texture": "#texture" },
        "west":  { "uv": [ 5.5, 1.5, 6, 2 ], "texture": "#texture" },
        "east":  { "uv": [ 5.5, 1.5, 6, 2 ], "texture": "#texture" }
    }
},
{
    "__comment": "Shield",
    "from": [ 4.5, 5.75, 2 ],
    "to": [ 7, 6, 2.5 ],
    "faces": {
        "down":  { "uv": [ 4.5, 2, 7, 2.5 ], "texture": "#texture2" },
        "up":    { "uv": [ 4.5, 2, 7, 2.5 ], "texture": "#texture" },
        "north": { "uv": [ 4.5, 2, 7, 2.25 ], "texture": "#texture" },
        "south": { "uv": [ 4.5, 2.5, 7, 2.75 ], "texture": "#texture" },
        "west":  { "uv": [ 4.5, 2.5, 5, 2.75 ], "texture": "#texture" },
        "east":  { "uv": [ 6.5, 2.5, 7, 2.75 ], "texture": "#texture" }
    }
},
{
    "__comment": "Shield",
    "from": [ 2.5, 5.75, 2.5 ],
    "to": [ 9, 6, 3 ],
    "faces": {
        "down":  { "uv": [ 2.5, 2.5, 9, 3 ], "texture": "#texture2" },
        "up":    { "uv": [ 2.5, 2.5, 9, 3 ], "texture": "#texture" },
        "north": { "uv": [ 2.5, 2.5, 9, 2.75 ], "texture": "#texture" },
        "south": { "uv": [ 2.5, 3, 9, 3.25 ], "texture": "#texture" },
        "west":  { "uv": [ 4.5, 2.5, 5, 2.75 ], "texture": "#texture" },
        "east":  { "uv": [ 6.5, 2.5, 7, 2.75 ], "texture": "#texture" }
    }
},
{
    "__comment": "Shield",
    "from": [ 1.5, 5.75, 3 ],
    "to": [ 10, 6, 6.5 ],
    "faces": {
        "down":  { "uv": [ 1.5, 3, 10, 6.5 ], "texture": "#texture2" },
        "up":    { "uv": [ 1.5, 3, 10, 6.5 ], "texture": "#texture" },
        "north": { "uv": [ 1.5, 3, 10, 3.25 ], "texture": "#texture" },
        "south": { "uv": [ 1.5, 6.5, 10, 6.75 ], "texture": "#texture" },
        "west":  { "uv": [ 4, 3, 7.5, 3.25 ], "texture": "#texture" },
        "east":  { "uv": [ 4, 6, 7.5, 6.25 ], "texture": "#texture" }
    }
},
{
    "__comment": "Shield",
    "from": [ 2, 5.75, 6.5 ],
    "to": [ 9.5, 6, 8 ],
    "faces": {
        "down":  { "uv": [ 2, 6.5, 9.5, 8 ], "texture": "#texture2" },
        "up":    { "uv": [ 2, 6.5, 9.5, 8 ], "texture": "#texture" },
        "north": { "uv": [ 2, 6.5, 9.5, 6.75 ], "texture": "#texture" },
        "south": { "uv": [ 2, 8, 9.5, 8.25 ], "texture": "#texture" },
        "west":  { "uv": [ 5.5, 6.5, 7, 6.75 ], "texture": "#texture" },
        "east":  { "uv": [ 5, 8, 6.5, 8.25 ], "texture": "#texture" }
    }
},
{
    "__comment": "Shield",
    "from": [ 2.5, 5.75, 8 ],
    "to": [ 9, 6, 9.5 ],
    "faces": {
        "down":  { "uv": [ 2.5, 8, 9, 9.5 ], "texture": "#texture2" },
        "up":    { "uv": [ 2.5, 8, 9, 9.5 ], "texture": "#texture" },
        "north": { "uv": [ 2.5, 8, 9, 8.25 ], "texture": "#texture" },
        "south": { "uv": [ 2.5, 8, 9, 8.25 ], "texture": "#texture" },
        "west":  { "uv": [ 5, 8, 6.5, 8.25 ], "texture": "#texture" },
        "east":  { "uv": [ 5, 9.5, 6.5, 9.75 ], "texture": "#texture" }
    }
},
{
    "__comment": "Shield",
    "from": [ 3, 5.75, 9.5 ],
    "to": [ 8.5, 6, 10.5 ],
    "faces": {
        "down":  { "uv": [ 3, 9.5, 8.5, 10.5 ], "texture": "#texture2" },
        "up":    { "uv": [ 3, 9.5, 8.5, 10.5 ], "texture": "#texture" },
        "north": { "uv": [ 3, 10, 8.5, 10.25 ], "texture": "#texture" },
        "south": { "uv": [ 3, 10, 8.5, 10.25 ], "texture": "#texture" },
        "west":  { "uv": [ 5, 10, 6, 10.25 ], "texture": "#texture" },
        "east":  { "uv": [ 5, 10, 6, 10.25 ], "texture": "#texture" }
    }
},
{
    "__comment": "Shield",
    "from": [ 3.5, 5.75, 10.5 ],
    "to": [ 8, 6, 11 ],
    "faces": {
        "down":  { "uv": [ 3.5, 10.5, 8, 11 ], "texture": "#texture2" },
        "up":    { "uv": [ 3.5, 10.5, 8, 11 ], "texture": "#texture" },
        "north": { "uv": [ 3.5, 10, 8, 10.25 ], "texture": "#texture" },
        "south": { "uv": [ 3.5, 10, 8, 10.25 ], "texture": "#texture" },
        "west":  { "uv": [ 5.5, 10, 6, 10.25 ], "texture": "#texture" },
        "east":  { "uv": [ 5.5, 10, 6, 10.25 ], "texture": "#texture" }
    }
},
{
    "__comment": "Shield",
    "from": [ 4, 5.75, 11 ],
    "to": [ 7.5, 6, 11.5 ],
    "faces": {
        "down":  { "uv": [ 4, 11, 7.5, 11.5 ], "texture": "#texture2" },
        "up":    { "uv": [ 4, 11, 7.5, 11.5 ], "texture": "#texture" },
        "north": { "uv": [ 4, 11, 7.5, 11.25 ], "texture": "#texture" },
        "south": { "uv": [ 4, 11, 7.5, 11.25 ], "texture": "#texture" },
        "west":  { "uv": [ 5.5, 11, 6, 11.25 ], "texture": "#texture" },
        "east":  { "uv": [ 5.5, 11, 6, 11.25 ], "texture": "#texture" }
    }
},
{
    "__comment": "Shield",
    "from": [ 4.5, 5.75, 11.5 ],
    "to": [ 7, 6, 12 ],
    "faces": {
        "down":  { "uv": [ 4.5, 11.5, 7, 12 ], "texture": "#texture2" },
        "up":    { "uv": [ 4.5, 11.5, 7, 12 ], "texture": "#texture" },
        "north": { "uv": [ 4.5, 11.5, 7, 11.75 ], "texture": "#texture" },
        "south": { "uv": [ 4.5, 11.5, 7, 11.75 ], "texture": "#texture" },
        "west":  { "uv": [ 5.5, 11.5, 6, 11.75 ], "texture": "#texture" },
        "east":  { "uv": [ 5.5, 11.5, 6, 11.75 ], "texture": "#texture" }
    }
},
{
    "__comment": "Shield",
    "from": [ 5.5, 5.75, 12 ],
    "to": [ 6, 6, 12.5 ],
    "faces": {
        "down":  { "uv": [ 5.5, 12, 6, 12.5 ], "texture": "#texture2" },
        "up":    { "uv": [ 5.5, 12, 6, 12.5 ], "texture": "#texture" },
        "north": { "uv": [ 5.5, 10, 6, 10.25 ], "texture": "#texture" },
        "south": { "uv": [ 5.5, 10, 6, 10.25 ], "texture": "#texture" },
        "west":  { "uv": [ 5.5, 10, 6, 10.25 ], "texture": "#texture" },
        "east":  { "uv": [ 5.5, 10, 6, 10.25 ], "texture": "#texture" }
    }
},
{
    "__comment": "Shield1",
    "from": [ 5, 5.5, 2.5 ],
    "to": [ 6.5, 5.75, 3 ],
    "faces": {
        "down":  { "uv": [ 5, 2.5, 6.5, 3 ], "texture": "#texture2" },
        "up":    { "uv": [ 5, 2.5, 6.5, 3 ], "texture": "#texture" },
        "north": { "uv": [ 5, 2.5, 6.5, 3 ], "texture": "#texture" },
        "south": { "uv": [ 5, 2.5, 6.5, 3 ], "texture": "#texture" },
        "west":  { "uv": [ 5, 2.5, 5.5, 3 ], "texture": "#texture" },
        "east":  { "uv": [ 6, 2.5, 6.5, 3 ], "texture": "#texture" }
    }
},
{
    "__comment": "Shield1",
    "from": [ 3, 5.5, 3 ],
    "to": [ 8.5, 5.75, 3.5 ],
    "faces": {
        "down":  { "uv": [ 3, 3, 8.5, 3.5 ], "texture": "#texture2" },
        "up":    { "uv": [ 3, 3, 8.5, 3.5 ], "texture": "#texture" },
        "north": { "uv": [ 3, 3, 8.5, 3.5 ], "texture": "#texture" },
        "south": { "uv": [ 3, 3, 8.5, 3.5 ], "texture": "#texture" },
        "west":  { "uv": [ 8, 3, 8.5, 3.5 ], "texture": "#texture" },
        "east":  { "uv": [ 3, 3, 3.5, 3.5 ], "texture": "#texture" }
    }
},
{
    "__comment": "Shield1",
    "from": [ 2, 5.5, 3.5 ],
    "to": [ 9.5, 5.75, 6 ],
    "faces": {
        "down":  { "uv": [ 2, 3.5, 9.5, 6 ], "texture": "#texture2" },
        "up":    { "uv": [ 2, 3.5, 9.5, 6 ], "texture": "#texture" },
        "north": { "uv": [ 2, 3.5, 9.5, 4 ], "texture": "#texture" },
        "south": { "uv": [ 2, 5.5, 9.5, 6 ], "texture": "#texture" },
        "west":  { "uv": [ 4.5, 3.5, 7, 4 ], "texture": "#texture" },
        "east":  { "uv": [ 4.5, 6, 7, 6.5 ], "texture": "#texture" }
    }
},
{
    "__comment": "Shield1",
    "from": [ 2.5, 5.5, 6 ],
    "to": [ 9, 5.75, 7.5 ],
    "faces": {
        "down":  { "uv": [ 2.5, 6, 9, 7.5 ], "texture": "#texture2" },
        "up":    { "uv": [ 2.5, 6, 9, 7.5 ], "texture": "#texture" },
        "north": { "uv": [ 2.5, 7, 9, 7.5 ], "texture": "#texture" },
        "south": { "uv": [ 2.5, 6, 9, 6.5 ], "texture": "#texture" },
        "west":  { "uv": [ 5, 7.5, 6.5, 8 ], "texture": "#texture" },
        "east":  { "uv": [ 5, 6.5, 6.5, 7 ], "texture": "#texture" }
    }
},
{
    "__comment": "Shield1",
    "from": [ 3, 5.5, 7.5 ],
    "to": [ 8.5, 5.75, 9 ],
    "faces": {
        "down":  { "uv": [ 3, 7.5, 8.5, 9 ], "texture": "#texture2" },
        "up":    { "uv": [ 3, 7.5, 8.5, 9 ], "texture": "#texture" },
        "north": { "uv": [ 3, 8, 8.5, 8.5 ], "texture": "#texture" },
        "south": { "uv": [ 3, 8.5, 8.5, 9 ], "texture": "#texture" },
        "west":  { "uv": [ 5, 8, 6.5, 8.5 ], "texture": "#texture" },
        "east":  { "uv": [ 5, 9, 6.5, 9.5 ], "texture": "#texture" }
    }
},
{
    "__comment": "Shield1",
    "from": [ 3.5, 5.5, 9 ],
    "to": [ 8, 5.75, 10 ],
    "faces": {
        "down":  { "uv": [ 3.5, 9, 8, 10 ], "texture": "#texture2" },
        "up":    { "uv": [ 3.5, 9, 8, 10 ], "texture": "#texture" },
        "north": { "uv": [ 3.5, 8.5, 8, 9 ], "texture": "#texture" },
        "south": { "uv": [ 3.5, 8.5, 8, 9 ], "texture": "#texture" },
        "west":  { "uv": [ 5.5, 8.5, 6.5, 9 ], "texture": "#texture" },
        "east":  { "uv": [ 5.5, 9.5, 6.5, 10 ], "texture": "#texture" }
    }
},
{
    "__comment": "Shield1",
    "from": [ 4, 5.5, 10 ],
    "to": [ 7.5, 5.75, 10.5 ],
    "faces": {
        "down":  { "uv": [ 4, 10, 7.5, 10.5 ], "texture": "#texture2" },
        "up":    { "uv": [ 4, 10, 7.5, 10.5 ], "texture": "#texture" },
        "north": { "uv": [ 4, 8.5, 7.5, 9 ], "texture": "#texture" },
        "south": { "uv": [ 4, 8.5, 7.5, 9 ], "texture": "#texture" },
        "west":  { "uv": [ 5.5, 8.5, 6, 9 ], "texture": "#texture" },
        "east":  { "uv": [ 5.5, 8.5, 6, 9 ], "texture": "#texture" }
    }
},
{
    "__comment": "Shield1",
    "from": [ 5, 5.5, 10.5 ],
    "to": [ 6.5, 5.75, 11 ],
    "faces": {
        "down":  { "uv": [ 5, 10.5, 6.5, 11 ], "texture": "#texture2" },
        "up":    { "uv": [ 5, 10.5, 6.5, 11 ], "texture": "#texture" },
        "north": { "uv": [ 5, 10.5, 6.5, 11 ], "texture": "#texture" },
        "south": { "uv": [ 5, 10.5, 6.5, 11 ], "texture": "#texture" },
        "west":  { "uv": [ 5, 10.5, 5.5, 11 ], "texture": "#texture" },
        "east":  { "uv": [ 6, 10.5, 6.5, 11 ], "texture": "#texture" }
    }
},
{
    "__comment": "Shield2",
    "from": [ 4.5, 5.25, 4 ],
    "to": [ 7, 5.5, 4.5 ],
    "faces": {
        "down":  { "uv": [ 4.5, 4, 7, 4.5 ], "texture": "#texture2" },
        "up":    { "uv": [ 4.5, 4, 7, 4.5 ], "texture": "#texture" },
        "north": { "uv": [ 4.5, 4, 7, 4.5 ], "texture": "#texture" },
        "south": { "uv": [ 4.5, 4, 7, 4.5 ], "texture": "#texture" },
        "west":  { "uv": [ 6.5, 4.5, 7, 5 ], "texture": "#texture" },
        "east":  { "uv": [ 4.5, 4.5, 5, 5 ], "texture": "#texture" }
    }
},
{
    "__comment": "Shield2",
    "from": [ 3.5, 5.25, 4.5 ],
    "to": [ 8, 5.5, 5.5 ],
    "faces": {
        "down":  { "uv": [ 3.5, 4.5, 8, 5.5 ], "texture": "#texture2" },
        "up":    { "uv": [ 3.5, 4.5, 8, 5.5 ], "texture": "#texture" },
        "north": { "uv": [ 3.5, 6, 8, 6.5 ], "texture": "#texture" },
        "south": { "uv": [ 3.5, 6, 8, 6.5 ], "texture": "#texture" },
        "west":  { "uv": [ 5.5, 5.5, 6.5, 6 ], "texture": "#texture" },
        "east":  { "uv": [ 5.5, 6, 6.5, 6.5 ], "texture": "#texture" }
    }
},
{
    "__comment": "Shield2",
    "from": [ 4, 5.25, 5.5 ],
    "to": [ 7.5, 5.5, 7 ],
    "faces": {
        "down":  { "uv": [ 4, 5.5, 7.5, 7 ], "texture": "#texture2" },
        "up":    { "uv": [ 4, 5.5, 7.5, 7 ], "texture": "#texture" },
        "north": { "uv": [ 4, 6, 7.5, 6.5 ], "texture": "#texture" },
        "south": { "uv": [ 4, 6, 7.5, 6.5 ], "texture": "#texture" },
        "west":  { "uv": [ 5.5, 6, 7, 6.5 ], "texture": "#texture" },
        "east":  { "uv": [ 5.5, 6, 7, 6.5 ], "texture": "#texture" }
    }
},
{
    "__comment": "Shield2",
    "from": [ 4.5, 5.25, 7 ],
    "to": [ 7, 5.5, 8.5 ],
    "faces": {
        "down":  { "uv": [ 4.5, 7, 7, 8.5 ], "texture": "#texture2" },
        "up":    { "uv": [ 4.5, 7, 7, 8.5 ], "texture": "#texture" },
        "north": { "uv": [ 4.5, 7, 7, 7.5 ], "texture": "#texture" },
        "south": { "uv": [ 4.5, 8, 7, 8.5 ], "texture": "#texture" },
        "west":  { "uv": [ 5, 7.5, 6.5, 8 ], "texture": "#texture" },
        "east":  { "uv": [ 5, 6.5, 6.5, 7 ], "texture": "#texture" }
    }
},
{
    "__comment": "Shield2",
    "from": [ 5, 5.25, 8.5 ],
    "to": [ 6.5, 5.5, 9 ],
    "faces": {
        "down":  { "uv": [ 5, 8.5, 6.5, 9 ], "texture": "#texture2" },
        "up":    { "uv": [ 5, 8.5, 6.5, 9 ], "texture": "#texture" },
        "north": { "uv": [ 5, 6, 6.5, 6.5 ], "texture": "#texture" },
        "south": { "uv": [ 5, 6, 6.5, 6.5 ], "texture": "#texture" },
        "west":  { "uv": [ 8.5, 6, 9, 6.5 ], "texture": "#texture" },
        "east":  { "uv": [ 8.5, 6, 9, 6.5 ], "texture": "#texture" }
    }
},
{
    "from": [ 5.3, 6, 4 ],
    "to": [ 6.3, 7.5, 4.5 ],
    "faces": {
        "down":  { "uv": [ 10, 16, 9, 15.5 ], "texture": "#texture" },
        "up":    { "uv": [ 9, 13, 10, 13.5 ], "texture": "#texture" },
        "north": { "uv": [ 11, 14.5, 12, 16 ], "texture": "#texture" },
        "south": { "uv": [ 11, 14.5, 12, 16 ], "texture": "#texture" },
        "west":  { "uv": [ 8, 14, 8.5, 15.5 ], "texture": "#texture" },
        "east":  { "uv": [ 14.5, 14, 15, 15.5 ], "texture": "#texture" }
    }
},
{
    "from": [ 5.3125, 6, 8 ],
    "to": [ 6.3125, 7.5, 8.5 ],
    "faces": {
        "down":  { "uv": [ 10, 16, 9, 15.5 ], "texture": "#texture" },
        "up":    { "uv": [ 9, 13, 10, 13.5 ], "texture": "#texture" },
        "north": { "uv": [ 11, 14.5, 12, 16 ], "texture": "#texture" },
        "south": { "uv": [ 11, 14.5, 12, 16 ], "texture": "#texture" },
        "west":  { "uv": [ 8, 14, 8.5, 15.5 ], "texture": "#texture" },
        "east":  { "uv": [ 14.5, 14, 15, 15.5 ], "texture": "#texture" }
    }
},
{
    "from": [ 5.3, 7.5, 4 ],
    "to": [ 6.3, 8, 8.5 ],
    "faces": {
        "down":  { "uv": [ 11, 11.5, 12, 16 ], "texture": "#texture" },
        "up":    { "uv": [ 11, 11.5, 12, 16 ], "texture": "#texture" },
        "north": { "uv": [ 8, 13, 9, 13.5 ], "texture": "#texture" },
        "south": { "uv": [ 10, 13, 11, 13.5 ], "texture": "#texture" },
        "west":  { "uv": [ 9.5, 13, 14, 13.5 ], "texture": "#texture" },
        "east":  { "uv": [ 9.5, 15.5, 14, 16 ], "texture": "#texture" }
    }
}
],
"display": {
    "thirdperson_righthand": {
        "rotation": [ 90, 0, 90 ],
        "translation": [ 0, -5, 5.5 ],
        "scale": [ 1.5, 1.5, 1.5 ]
    },
    "thirdperson_lefthand": {
        "rotation": [ 90, 0, 90 ],
        "translation": [ 0, -5, -1 ],
        "scale": [ 1.5, 1.5, 1.5 ]
    },
    "ground": {
        "rotation": [ -180, 0, 0 ],
        "translation": [ 2.5, 5, 0 ],
        "scale": [ 1, 1, 1 ]
    },
    "fixed": {
        "rotation": [ 90, 0, 0 ],
        "translation": [ 3.2, -1.3, 1.7 ],
        "scale": [ 1.4, 1.4, 1.4 ]
    },
    "firstperson_righthand": {
        "rotation": [ 96, 0, -6 ],
        "translation": [ 5.5, -4, 0 ],
        "scale": [ 1.5, 1.5, 1.5 ]
    },
    "firstperson_lefthand": {
        "rotation": [ 96, 0, -6 ],
        "translation": [ 1.5, -4, 0 ],
        "scale": [ 1.5, 1.5, 1.5 ]
    },
    "gui": {
        "rotation": [ 90, 0, -180 ],
        "translation": [ -3.2, -1.3, 0 ],
        "scale": [ 1.4, 1.4, 1.4 ]
    }
},
    "overrides": [
        {
            "predicate": {
                "blocking": 1
            },
            "model": "item/shield_blocking"
        }
    ]
}