{
"__comment": "Designed by FirecatHD",
"textures": {
    "texture": "3d/multielement_spear_all",
    "multielement_orb": "3d/multielement_orb",
    "red-blue_swirl": "3d/red-blue_swirl",
    "green-yellow_swirl": "3d/green-yellow_swirl",
    "blade_glow": "3d/blade_glow"
},
"elements": [ 
{
    "from": [ -6.625, 6.25, 7.5 ],
    "to": [ 9.875, 8.75, 8 ],
    "faces": {
        "down":  { "uv": [ 0.25, 1.75, 15.75, 2.25 ], "texture": "#blade_glow" },
        "up":    { "uv": [ 0.25, 1.75, 15.75, 2.25 ], "texture": "#blade_glow" },
        "north": { "uv": [ 0.25, 1.25, 15.75, 3.75 ], "texture": "#blade_glow" },
        "south": { "uv": [ 0.25, 1.25, 15.75, 3.75 ], "texture": "#blade_glow" },
        "west":  { "uv": [ 6, 2.25, 6.5, 4.75 ], "texture": "#blade_glow" },
        "east":  { "uv": [ 6, 2.25, 6.5, 4.75 ], "texture": "#blade_glow" }
    }
},
{
    "from": [ 11.375, 9.625, 7 ],
    "to": [ 11.875, 11.125, 8.5 ],
    "faces": {
        "down":  { "uv": [ 0.75, 4.5, 3.75, 7.5 ], "texture": "#texture" },
        "up":    { "uv": [ 0.75, 4.5, 3.75, 7.5 ], "texture": "#texture" },
        "north": { "uv": [ 1.25, 4.75, 4.25, 7.75 ], "texture": "#texture" },
        "south": { "uv": [ 1.25, 4.75, 4.25, 7.75 ], "texture": "#texture" },
        "west":  { "uv": [ 1, 4.5, 4, 7.5 ], "texture": "#texture" },
        "east":  { "uv": [ 1, 4.5, 4, 7.5 ], "texture": "#texture" }
    }
},
{
    "from": [ 12, 7.125, 7.25 ],
    "to": [ 18.5, 7.875, 8.25 ],
    "faces": {
        "down":  { "uv": [ 5.75, 12.75, 12.125, 13.25 ], "texture": "#texture" },
        "up":    { "uv": [ 5.75, 12.75, 12.125, 13.25 ], "texture": "#texture" },
        "north": { "uv": [ 3.25, 13.25, 9.625, 14.5 ], "texture": "#texture" },
        "south": { "uv": [ 3.25, 13.25, 9.625, 14.5 ], "texture": "#texture" },
        "west":  { "uv": [ 3.75, 14.75, 4.25, 16 ], "texture": "#texture" },
        "east":  { "uv": [ 3.75, 14.75, 4.25, 16 ], "texture": "#texture" }
    }
},
{
    "from": [ 11.25, 6.25, 6.5 ],
    "to": [ 12, 8.75, 9 ],
    "faces": {
        "down":  { "uv": [ 0.75, 4.5, 3.75, 7.5 ], "texture": "#texture" },
        "up":    { "uv": [ 0.75, 4.5, 3.75, 7.5 ], "texture": "#texture" },
        "north": { "uv": [ 1.25, 4.75, 4.25, 7.75 ], "texture": "#texture" },
        "south": { "uv": [ 1.25, 4.75, 4.25, 7.75 ], "texture": "#texture" },
        "west":  { "uv": [ 1, 4.5, 4, 7.5 ], "texture": "#texture" },
        "east":  { "uv": [ 1, 4.5, 4, 7.5 ], "texture": "#texture" }
    }
},
{
    "from": [ 9.75, 6.375, 7.375 ],
    "to": [ 10, 8.625, 8.125 ],
    "faces": {
        "down":  { "uv": [ 7.25, 1, 10.25, 2 ], "texture": "#blade_glow" },
        "up":    { "uv": [ 7.25, 1, 10.25, 2 ], "texture": "#blade_glow" },
        "north": { "uv": [ 8.75, 1.125, 11.75, 3.625 ], "texture": "#blade_glow" },
        "south": { "uv": [ 8.75, 1.125, 11.75, 3.625 ], "texture": "#blade_glow" },
        "west":  { "uv": [ 7.625, 1, 8.625, 3.5 ], "texture": "#blade_glow" },
        "east":  { "uv": [ 7.625, 1, 8.625, 3.5 ], "texture": "#blade_glow" }
    }
},
{
    "from": [ 20.25, 6, 6.25 ],
    "to": [ 23.25, 9, 9.25 ],
    "faces": {
        "down":  { "uv": [ 6.125, 10.125, 9.875, 13.875 ], "texture": "#multielement_orb" },
        "up":    { "uv": [ 6.125, 10.125, 9.875, 13.875 ], "texture": "#multielement_orb" },
        "north": { "uv": [ 6, 10, 10, 14 ], "texture": "#multielement_orb" },
        "south": { "uv": [ 6, 10, 10, 14 ], "texture": "#multielement_orb" },
        "west":  { "uv": [ 6.25, 10.125, 9.75, 13.75 ], "texture": "#multielement_orb" },
        "east":  { "uv": [ 6.25, 10.125, 9.75, 13.75 ], "texture": "#multielement_orb" }
    }
},
{
    "from": [ 20.5, 6.25, 6 ],
    "to": [ 23, 8.75, 9.5 ],
    "faces": {
        "down":  { "uv": [ 6.125, 10.125, 9.875, 13.875 ], "texture": "#multielement_orb" },
        "up":    { "uv": [ 6.125, 10.125, 9.875, 13.875 ], "texture": "#multielement_orb" },
        "north": { "uv": [ 6, 10, 10, 14 ], "texture": "#multielement_orb" },
        "south": { "uv": [ 6, 10, 10, 14 ], "texture": "#multielement_orb" },
        "west":  { "uv": [ 6.25, 10.125, 9.75, 13.75 ], "texture": "#multielement_orb" },
        "east":  { "uv": [ 6.25, 10.125, 9.75, 13.75 ], "texture": "#multielement_orb" }
    }
},
{
    "from": [ 20.5, 5.75, 6.5 ],
    "to": [ 23, 9.25, 9 ],
    "faces": {
        "down":  { "uv": [ 6.125, 10.125, 9.875, 13.875 ], "texture": "#multielement_orb" },
        "up":    { "uv": [ 6.125, 10.125, 9.875, 13.875 ], "texture": "#multielement_orb" },
        "north": { "uv": [ 6, 10, 10, 14 ], "texture": "#multielement_orb" },
        "south": { "uv": [ 6, 10, 10, 14 ], "texture": "#multielement_orb" },
        "west":  { "uv": [ 6.25, 10.125, 9.75, 13.75 ], "texture": "#multielement_orb" },
        "east":  { "uv": [ 6.25, 10.125, 9.75, 13.75 ], "texture": "#multielement_orb" }
    }
},
{
    "from": [ 20, 6.25, 6.5 ],
    "to": [ 23.5, 8.75, 9 ],
    "faces": {
        "down":  { "uv": [ 6.125, 10.125, 9.875, 13.875 ], "texture": "#multielement_orb" },
        "up":    { "uv": [ 6.125, 10.125, 9.875, 13.875 ], "texture": "#multielement_orb" },
        "north": { "uv": [ 6, 10, 10, 14 ], "texture": "#multielement_orb" },
        "south": { "uv": [ 6, 10, 10, 14 ], "texture": "#multielement_orb" },
        "west":  { "uv": [ 6.25, 10.125, 9.75, 13.75 ], "texture": "#multielement_orb" },
        "east":  { "uv": [ 6.25, 10.125, 9.75, 13.75 ], "texture": "#multielement_orb" }
    }
},
{
    "from": [ 18, 6.25, 6.5 ],
    "to": [ 18.75, 8.75, 9 ],
    "faces": {
        "down":  { "uv": [ 0.75, 4.5, 3.75, 7.5 ], "texture": "#texture" },
        "up":    { "uv": [ 0.75, 4.5, 3.75, 7.5 ], "texture": "#texture" },
        "north": { "uv": [ 1.25, 4.75, 4.25, 7.75 ], "texture": "#texture" },
        "south": { "uv": [ 1.25, 4.75, 4.25, 7.75 ], "texture": "#texture" },
        "west":  { "uv": [ 1, 4.5, 4, 7.5 ], "texture": "#texture" },
        "east":  { "uv": [ 1, 4.5, 4, 7.5 ], "texture": "#texture" }
    }
},
{
    "from": [ 18, 8.75, 6.75 ],
    "to": [ 18.75, 9, 8.75 ],
    "faces": {
        "down":  { "uv": [ 0.75, 4.5, 3.75, 7.5 ], "texture": "#texture" },
        "up":    { "uv": [ 0.75, 4.5, 3.75, 7.5 ], "texture": "#texture" },
        "north": { "uv": [ 1.25, 4.75, 4.25, 7.75 ], "texture": "#texture" },
        "south": { "uv": [ 1.25, 4.75, 4.25, 7.75 ], "texture": "#texture" },
        "west":  { "uv": [ 1, 4.5, 4, 7.5 ], "texture": "#texture" },
        "east":  { "uv": [ 1, 4.5, 4, 7.5 ], "texture": "#texture" }
    }
},
{
    "from": [ 18, 6, 6.75 ],
    "to": [ 18.75, 6.25, 8.75 ],
    "faces": {
        "down":  { "uv": [ 0.75, 4.5, 3.75, 7.5 ], "texture": "#texture" },
        "up":    { "uv": [ 0.75, 4.5, 3.75, 7.5 ], "texture": "#texture" },
        "north": { "uv": [ 1.25, 4.75, 4.25, 7.75 ], "texture": "#texture" },
        "south": { "uv": [ 1.25, 4.75, 4.25, 7.75 ], "texture": "#texture" },
        "west":  { "uv": [ 1, 4.5, 4, 7.5 ], "texture": "#texture" },
        "east":  { "uv": [ 1, 4.5, 4, 7.5 ], "texture": "#texture" }
    }
},
{
    "from": [ 18.75, 7, 7.25 ],
    "to": [ 20, 8, 8.25 ],
    "faces": {
        "down":  { "uv": [ 5.75, 12.75, 12.125, 13.25 ], "texture": "#texture" },
        "up":    { "uv": [ 5.75, 12.75, 12.125, 13.25 ], "texture": "#texture" },
        "north": { "uv": [ 3.25, 13.25, 9.625, 14.5 ], "texture": "#texture" },
        "south": { "uv": [ 3.25, 13.25, 9.625, 14.5 ], "texture": "#texture" },
        "west":  { "uv": [ 3.75, 14.75, 4.25, 16 ], "texture": "#texture" },
        "east":  { "uv": [ 3.75, 14.75, 4.25, 16 ], "texture": "#texture" }
    }
},
{
    "from": [ 11.25, 5.25, 6.75 ],
    "to": [ 12, 6.25, 8.75 ],
    "faces": {
        "down":  { "uv": [ 0.75, 4.5, 3.75, 7.5 ], "texture": "#texture" },
        "up":    { "uv": [ 0.75, 4.5, 3.75, 7.5 ], "texture": "#texture" },
        "north": { "uv": [ 1.25, 4.75, 4.25, 7.75 ], "texture": "#texture" },
        "south": { "uv": [ 1.25, 4.75, 4.25, 7.75 ], "texture": "#texture" },
        "west":  { "uv": [ 1, 4.5, 4, 7.5 ], "texture": "#texture" },
        "east":  { "uv": [ 1, 4.5, 4, 7.5 ], "texture": "#texture" }
    }
},
{
    "from": [ 11.25, 8.75, 6.75 ],
    "to": [ 12, 9.75, 8.75 ],
    "faces": {
        "down":  { "uv": [ 0.75, 4.5, 3.75, 7.5 ], "texture": "#texture" },
        "up":    { "uv": [ 0.75, 4.5, 3.75, 7.5 ], "texture": "#texture" },
        "north": { "uv": [ 1.25, 4.75, 4.25, 7.75 ], "texture": "#texture" },
        "south": { "uv": [ 1.25, 4.75, 4.25, 7.75 ], "texture": "#texture" },
        "west":  { "uv": [ 1, 4.5, 4, 7.5 ], "texture": "#texture" },
        "east":  { "uv": [ 1, 4.5, 4, 7.5 ], "texture": "#texture" }
    }
},
{
    "from": [ 11.5, 10.25, 7.25 ],
    "to": [ 11.75, 11.75, 8.25 ],
    "faces": {
        "down":  { "uv": [ 0.75, 4.5, 3.75, 7.5 ], "texture": "#texture" },
        "up":    { "uv": [ 0.75, 4.5, 3.75, 7.5 ], "texture": "#texture" },
        "north": { "uv": [ 1.25, 4.75, 4.25, 7.75 ], "texture": "#texture" },
        "south": { "uv": [ 1.25, 4.75, 4.25, 7.75 ], "texture": "#texture" },
        "west":  { "uv": [ 1, 4.5, 4, 7.5 ], "texture": "#texture" },
        "east":  { "uv": [ 1, 4.5, 4, 7.5 ], "texture": "#texture" }
    }
},
{
    "from": [ 11.375, 3.875, 7 ],
    "to": [ 11.875, 5.375, 8.5 ],
    "faces": {
        "down":  { "uv": [ 0.75, 4.5, 3.75, 7.5 ], "texture": "#texture" },
        "up":    { "uv": [ 0.75, 4.5, 3.75, 7.5 ], "texture": "#texture" },
        "north": { "uv": [ 1.25, 4.75, 4.25, 7.75 ], "texture": "#texture" },
        "south": { "uv": [ 1.25, 4.75, 4.25, 7.75 ], "texture": "#texture" },
        "west":  { "uv": [ 1, 4.5, 4, 7.5 ], "texture": "#texture" },
        "east":  { "uv": [ 1, 4.5, 4, 7.5 ], "texture": "#texture" }
    }
},
{
    "from": [ 11.5, 3.25, 7.25 ],
    "to": [ 11.75, 4.75, 8.25 ],
    "faces": {
        "down":  { "uv": [ 0.75, 4.5, 3.75, 7.5 ], "texture": "#texture" },
        "up":    { "uv": [ 0.75, 4.5, 3.75, 7.5 ], "texture": "#texture" },
        "north": { "uv": [ 1.25, 4.75, 4.25, 7.75 ], "texture": "#texture" },
        "south": { "uv": [ 1.25, 4.75, 4.25, 7.75 ], "texture": "#texture" },
        "west":  { "uv": [ 1, 4.5, 4, 7.5 ], "texture": "#texture" },
        "east":  { "uv": [ 1, 4.5, 4, 7.5 ], "texture": "#texture" }
    }
},
{
    "from": [ 11.75, 6.5, 6.75 ],
    "to": [ 12.25, 8.5, 8.75 ],
    "faces": {
        "down":  { "uv": [ 7.25, 8, 10.25, 9 ], "texture": "#texture" },
        "up":    { "uv": [ 7.25, 8, 10.25, 9 ], "texture": "#texture" },
        "north": { "uv": [ 6.5, 8.75, 9.5, 11.25 ], "texture": "#texture" },
        "south": { "uv": [ 6.5, 8.75, 9.5, 11.25 ], "texture": "#texture" },
        "west":  { "uv": [ 7, 9.25, 8, 11.75 ], "texture": "#texture" },
        "east":  { "uv": [ 7, 9.25, 8, 11.75 ], "texture": "#texture" }
    }
},
{
    "from": [ 18.5, 6.5, 6.75 ],
    "to": [ 19, 8.5, 8.75 ],
    "faces": {
        "down":  { "uv": [ 7.25, 8, 10.25, 9 ], "texture": "#texture" },
        "up":    { "uv": [ 7.25, 8, 10.25, 9 ], "texture": "#texture" },
        "north": { "uv": [ 6.5, 8.75, 9.5, 11.25 ], "texture": "#texture" },
        "south": { "uv": [ 6.5, 8.75, 9.5, 11.25 ], "texture": "#texture" },
        "west":  { "uv": [ 7, 9.25, 8, 11.75 ], "texture": "#texture" },
        "east":  { "uv": [ 7, 9.25, 8, 11.75 ], "texture": "#texture" }
    }
},
{
    "from": [ 18.75, 6.75, 7 ],
    "to": [ 19.25, 8.25, 8.5 ],
    "faces": {
        "down":  { "uv": [ 12, 8.5, 15, 9.5 ], "texture": "#texture" },
        "up":    { "uv": [ 12, 8.5, 15, 9.5 ], "texture": "#texture" },
        "north": { "uv": [ 12, 8.75, 15, 11.25 ], "texture": "#texture" },
        "south": { "uv": [ 12, 8.75, 15, 11.25 ], "texture": "#texture" },
        "west":  { "uv": [ 12.5, 8.75, 13.5, 11.25 ], "texture": "#texture" },
        "east":  { "uv": [ 12.5, 8.75, 13.5, 11.25 ], "texture": "#texture" }
    }
},
{
    "from": [ 12, 6.875, 7.5 ],
    "to": [ 18.375, 8.125, 8 ],
    "faces": {
        "down":  { "uv": [ 5.75, 12.75, 12.125, 13.25 ], "texture": "#texture" },
        "up":    { "uv": [ 5.75, 12.75, 12.125, 13.25 ], "texture": "#texture" },
        "north": { "uv": [ 3.25, 13.25, 9.625, 14.5 ], "texture": "#texture" },
        "south": { "uv": [ 3.25, 13.25, 9.625, 14.5 ], "texture": "#texture" },
        "west":  { "uv": [ 3.75, 14.75, 4.25, 16 ], "texture": "#texture" },
        "east":  { "uv": [ 3.75, 14.75, 4.25, 16 ], "texture": "#texture" }
    }
},
{
    "from": [ 12, 7, 7.375 ],
    "to": [ 18.5, 8, 8.125 ],
    "faces": {
        "down":  { "uv": [ 5.75, 12.75, 12.125, 13.25 ], "texture": "#texture" },
        "up":    { "uv": [ 5.75, 12.75, 12.125, 13.25 ], "texture": "#texture" },
        "north": { "uv": [ 3.25, 13.25, 9.625, 14.5 ], "texture": "#texture" },
        "south": { "uv": [ 3.25, 13.25, 9.625, 14.5 ], "texture": "#texture" },
        "west":  { "uv": [ 3.75, 14.75, 4.25, 16 ], "texture": "#texture" },
        "east":  { "uv": [ 3.75, 14.75, 4.25, 16 ], "texture": "#texture" }
    }
},
{
    "from": [ 12, 7.25, 7.125 ],
    "to": [ 18.25, 7.75, 8.375 ],
    "faces": {
        "down":  { "uv": [ 5.75, 12.75, 12.125, 13.25 ], "texture": "#texture" },
        "up":    { "uv": [ 5.75, 12.75, 12.125, 13.25 ], "texture": "#texture" },
        "north": { "uv": [ 3.25, 13.25, 9.625, 14.5 ], "texture": "#texture" },
        "south": { "uv": [ 3.25, 13.25, 9.625, 14.5 ], "texture": "#texture" },
        "west":  { "uv": [ 3.75, 14.75, 4.25, 16 ], "texture": "#texture" },
        "east":  { "uv": [ 3.75, 14.75, 4.25, 16 ], "texture": "#texture" }
    }
},
{
    "from": [ 12, 6.75, 7 ],
    "to": [ 12.5, 8.25, 8.5 ],
    "faces": {
        "down":  { "uv": [ 12, 8.5, 15, 9.5 ], "texture": "#texture" },
        "up":    { "uv": [ 12, 8.5, 15, 9.5 ], "texture": "#texture" },
        "north": { "uv": [ 12, 8.75, 15, 11.25 ], "texture": "#texture" },
        "south": { "uv": [ 12, 8.75, 15, 11.25 ], "texture": "#texture" },
        "west":  { "uv": [ 12.5, 8.75, 13.5, 11.25 ], "texture": "#texture" },
        "east":  { "uv": [ 12.5, 8.75, 13.5, 11.25 ], "texture": "#texture" }
    }
},
{
    "from": [ 10, 6.625, 7.5 ],
    "to": [ 10.25, 8.375, 8 ],
    "faces": {
        "down":  { "uv": [ 7.25, 1, 10.25, 2 ], "texture": "#blade_glow" },
        "up":    { "uv": [ 7.25, 1, 10.25, 2 ], "texture": "#blade_glow" },
        "north": { "uv": [ 8.75, 1.125, 11.75, 3.625 ], "texture": "#blade_glow" },
        "south": { "uv": [ 8.75, 1.125, 11.75, 3.625 ], "texture": "#blade_glow" },
        "west":  { "uv": [ 7.625, 1, 8.625, 3.5 ], "texture": "#blade_glow" },
        "east":  { "uv": [ 7.625, 1, 8.625, 3.5 ], "texture": "#blade_glow" }
    }
},
{
    "from": [ 17.75, 6.5, 6.75 ],
    "to": [ 18.25, 8.5, 8.75 ],
    "faces": {
        "down":  { "uv": [ 1.75, 8.75, 4.75, 9.75 ], "texture": "#texture" },
        "up":    { "uv": [ 1.75, 8.75, 4.75, 9.75 ], "texture": "#texture" },
        "north": { "uv": [ 2.25, 8.5, 5.25, 11 ], "texture": "#texture" },
        "south": { "uv": [ 2.25, 8.5, 5.25, 11 ], "texture": "#texture" },
        "west":  { "uv": [ 2.5, 8.5, 3.5, 11 ], "texture": "#texture" },
        "east":  { "uv": [ 2.5, 8.5, 3.5, 11 ], "texture": "#texture" }
    }
},
{
    "from": [ 17.5, 6.75, 7 ],
    "to": [ 18, 8.25, 8.5 ],
    "faces": {
        "down":  { "uv": [ 6.75, 4.5, 9.75, 5.5 ], "texture": "#texture" },
        "up":    { "uv": [ 6.75, 4.5, 9.75, 5.5 ], "texture": "#texture" },
        "north": { "uv": [ 6.25, 4.75, 9.25, 7.25 ], "texture": "#texture" },
        "south": { "uv": [ 6.25, 4.75, 9.25, 7.25 ], "texture": "#texture" },
        "west":  { "uv": [ 8.5, 5, 9.5, 7.5 ], "texture": "#texture" },
        "east":  { "uv": [ 8.5, 5, 9.5, 7.5 ], "texture": "#texture" }
    }
},
{
    "from": [ 11, 6.5, 6.75 ],
    "to": [ 11.5, 8.5, 8.75 ],
    "faces": {
        "down":  { "uv": [ 1.75, 8.75, 4.75, 9.75 ], "texture": "#texture" },
        "up":    { "uv": [ 1.75, 8.75, 4.75, 9.75 ], "texture": "#texture" },
        "north": { "uv": [ 2.25, 8.5, 5.25, 11 ], "texture": "#texture" },
        "south": { "uv": [ 2.25, 8.5, 5.25, 11 ], "texture": "#texture" },
        "west":  { "uv": [ 2.5, 8.5, 3.5, 11 ], "texture": "#texture" },
        "east":  { "uv": [ 2.5, 8.5, 3.5, 11 ], "texture": "#texture" }
    }
},
{
    "from": [ 10.75, 6.75, 7 ],
    "to": [ 11.25, 8.25, 8.5 ],
    "faces": {
        "down":  { "uv": [ 6.75, 4.5, 9.75, 5.5 ], "texture": "#texture" },
        "up":    { "uv": [ 6.75, 4.5, 9.75, 5.5 ], "texture": "#texture" },
        "north": { "uv": [ 6.25, 4.75, 9.25, 7.25 ], "texture": "#texture" },
        "south": { "uv": [ 6.25, 4.75, 9.25, 7.25 ], "texture": "#texture" },
        "west":  { "uv": [ 8.5, 5, 9.5, 7.5 ], "texture": "#texture" },
        "east":  { "uv": [ 8.5, 5, 9.5, 7.5 ], "texture": "#texture" }
    }
},
{
    "from": [ 10.5, 11.125, 7.25 ],
    "to": [ 10.75, 12.625, 8.25 ],
    "rotation": { "origin": [ 10.5, 12.625, 7.25 ], "axis": "z", "angle": 45 },
    "faces": {
        "down":  { "uv": [ 0.75, 4.5, 3.75, 7.5 ], "texture": "#texture" },
        "up":    { "uv": [ 0.75, 4.5, 3.75, 7.5 ], "texture": "#texture" },
        "north": { "uv": [ 1.25, 4.75, 4.25, 7.75 ], "texture": "#texture" },
        "south": { "uv": [ 1.25, 4.75, 4.25, 7.75 ], "texture": "#texture" },
        "west":  { "uv": [ 1, 4.5, 4, 7.5 ], "texture": "#texture" },
        "east":  { "uv": [ 1, 4.5, 4, 7.5 ], "texture": "#texture" }
    }
},
{
    "from": [ 8.875, 12.5625, 7.25 ],
    "to": [ 10.625, 12.8125, 8.25 ],
    "faces": {
        "down":  { "uv": [ 0.75, 4.5, 3.75, 7.5 ], "texture": "#texture" },
        "up":    { "uv": [ 0.75, 4.5, 3.75, 7.5 ], "texture": "#texture" },
        "north": { "uv": [ 1.25, 4.75, 4.25, 7.75 ], "texture": "#texture" },
        "south": { "uv": [ 1.25, 4.75, 4.25, 7.75 ], "texture": "#texture" },
        "west":  { "uv": [ 1, 4.5, 4, 7.5 ], "texture": "#texture" },
        "east":  { "uv": [ 1, 4.5, 4, 7.5 ], "texture": "#texture" }
    }
},
{
    "from": [ 8.875, 10.3125, 7.25 ],
    "to": [ 9.375, 12.5625, 8.25 ],
    "faces": {
        "down":  { "uv": [ 0.75, 4.5, 3.75, 7.5 ], "texture": "#texture" },
        "up":    { "uv": [ 0.75, 4.5, 3.75, 7.5 ], "texture": "#texture" },
        "north": { "uv": [ 1.25, 4.75, 4.25, 7.75 ], "texture": "#texture" },
        "south": { "uv": [ 1.25, 4.75, 4.25, 7.75 ], "texture": "#texture" },
        "west":  { "uv": [ 1, 4.5, 4, 7.5 ], "texture": "#texture" },
        "east":  { "uv": [ 1, 4.5, 4, 7.5 ], "texture": "#texture" }
    }
},
{
    "from": [ 9.375, 10.3125, 7.25 ],
    "to": [ 10.625, 10.8125, 8.25 ],
    "faces": {
        "down":  { "uv": [ 0.75, 4.5, 3.75, 7.5 ], "texture": "#texture" },
        "up":    { "uv": [ 0.75, 4.5, 3.75, 7.5 ], "texture": "#texture" },
        "north": { "uv": [ 1.25, 4.75, 4.25, 7.75 ], "texture": "#texture" },
        "south": { "uv": [ 1.25, 4.75, 4.25, 7.75 ], "texture": "#texture" },
        "west":  { "uv": [ 1, 4.5, 4, 7.5 ], "texture": "#texture" },
        "east":  { "uv": [ 1, 4.5, 4, 7.5 ], "texture": "#texture" }
    }
},
{
    "from": [ 10.125, 10.8125, 7.25 ],
    "to": [ 10.625, 11.5625, 8.25 ],
    "faces": {
        "down":  { "uv": [ 0.75, 4.5, 3.75, 7.5 ], "texture": "#texture" },
        "up":    { "uv": [ 0.75, 4.5, 3.75, 7.5 ], "texture": "#texture" },
        "north": { "uv": [ 1.25, 4.75, 4.25, 7.75 ], "texture": "#texture" },
        "south": { "uv": [ 1.25, 4.75, 4.25, 7.75 ], "texture": "#texture" },
        "west":  { "uv": [ 1, 4.5, 4, 7.5 ], "texture": "#texture" },
        "east":  { "uv": [ 1, 4.5, 4, 7.5 ], "texture": "#texture" }
    }
},
{
    "from": [ 11.5625, 1.875, 7.25 ],
    "to": [ 11.8125, 3.375, 8.25 ],
    "rotation": { "origin": [ 11.5625, 3.375, 7.25 ], "axis": "z", "angle": -45 },
    "faces": {
        "down":  { "uv": [ 0.75, 4.5, 3.75, 7.5 ], "texture": "#texture" },
        "up":    { "uv": [ 0.75, 4.5, 3.75, 7.5 ], "texture": "#texture" },
        "north": { "uv": [ 1.25, 4.75, 4.25, 7.75 ], "texture": "#texture" },
        "south": { "uv": [ 1.25, 4.75, 4.25, 7.75 ], "texture": "#texture" },
        "west":  { "uv": [ 1, 4.5, 4, 7.5 ], "texture": "#texture" },
        "east":  { "uv": [ 1, 4.5, 4, 7.5 ], "texture": "#texture" }
    }
},
{
    "from": [ 8.9375, 2.125, 7.25 ],
    "to": [ 10.6875, 2.375, 8.25 ],
    "faces": {
        "down":  { "uv": [ 0.75, 4.5, 3.75, 7.5 ], "texture": "#texture" },
        "up":    { "uv": [ 0.75, 4.5, 3.75, 7.5 ], "texture": "#texture" },
        "north": { "uv": [ 1.25, 4.75, 4.25, 7.75 ], "texture": "#texture" },
        "south": { "uv": [ 1.25, 4.75, 4.25, 7.75 ], "texture": "#texture" },
        "west":  { "uv": [ 1, 4.5, 4, 7.5 ], "texture": "#texture" },
        "east":  { "uv": [ 1, 4.5, 4, 7.5 ], "texture": "#texture" }
    }
},
{
    "from": [ 8.9375, 2.375, 7.25 ],
    "to": [ 9.4375, 4.625, 8.25 ],
    "faces": {
        "down":  { "uv": [ 0.75, 4.5, 3.75, 7.5 ], "texture": "#texture" },
        "up":    { "uv": [ 0.75, 4.5, 3.75, 7.5 ], "texture": "#texture" },
        "north": { "uv": [ 1.25, 4.75, 4.25, 7.75 ], "texture": "#texture" },
        "south": { "uv": [ 1.25, 4.75, 4.25, 7.75 ], "texture": "#texture" },
        "west":  { "uv": [ 1, 4.5, 4, 7.5 ], "texture": "#texture" },
        "east":  { "uv": [ 1, 4.5, 4, 7.5 ], "texture": "#texture" }
    }
},
{
    "from": [ 9.4375, 4.125, 7.25 ],
    "to": [ 10.6875, 4.625, 8.25 ],
    "faces": {
        "down":  { "uv": [ 0.75, 4.5, 3.75, 7.5 ], "texture": "#texture" },
        "up":    { "uv": [ 0.75, 4.5, 3.75, 7.5 ], "texture": "#texture" },
        "north": { "uv": [ 1.25, 4.75, 4.25, 7.75 ], "texture": "#texture" },
        "south": { "uv": [ 1.25, 4.75, 4.25, 7.75 ], "texture": "#texture" },
        "west":  { "uv": [ 1, 4.5, 4, 7.5 ], "texture": "#texture" },
        "east":  { "uv": [ 1, 4.5, 4, 7.5 ], "texture": "#texture" }
    }
},
{
    "from": [ 10.1875, 3.375, 7.25 ],
    "to": [ 10.6875, 4.125, 8.25 ],
    "faces": {
        "down":  { "uv": [ 0.75, 4.5, 3.75, 7.5 ], "texture": "#texture" },
        "up":    { "uv": [ 0.75, 4.5, 3.75, 7.5 ], "texture": "#texture" },
        "north": { "uv": [ 1.25, 4.75, 4.25, 7.75 ], "texture": "#texture" },
        "south": { "uv": [ 1.25, 4.75, 4.25, 7.75 ], "texture": "#texture" },
        "west":  { "uv": [ 1, 4.5, 4, 7.5 ], "texture": "#texture" },
        "east":  { "uv": [ 1, 4.5, 4, 7.5 ], "texture": "#texture" }
    }
},
{
    "from": [ 18.125, 4.5, 7.25 ],
    "to": [ 18.625, 10.375, 8.25 ],
    "faces": {
        "down":  { "uv": [ 0.75, 4.5, 3.75, 7.5 ], "texture": "#texture" },
        "up":    { "uv": [ 0.75, 4.5, 3.75, 7.5 ], "texture": "#texture" },
        "north": { "uv": [ 1.25, 4.75, 4.25, 7.75 ], "texture": "#texture" },
        "south": { "uv": [ 1.25, 4.75, 4.25, 7.75 ], "texture": "#texture" },
        "west":  { "uv": [ 1, 4.5, 4, 7.5 ], "texture": "#texture" },
        "east":  { "uv": [ 1, 4.5, 4, 7.5 ], "texture": "#texture" }
    }
},
{
    "from": [ 7.5, 0.5, 3.1875 ],
    "to": [ 7.5625, 11.5, 12.1875 ],
    "rotation": { "origin": [ 7.5, 11.5, 3.1875 ], "axis": "z", "angle": 45 },
    "faces": {
        "down":  { "uv": [ 0, 0, 0, 0 ], "texture": "#red-blue_swirl" },
        "up":    { "uv": [ 0, 0, 0, 0 ], "texture": "#red-blue_swirl" },
        "north": { "uv": [ 0, 0, 0, 0 ], "texture": "#red-blue_swirl" },
        "south": { "uv": [ 0, 0, 0, 0 ], "texture": "#red-blue_swirl" },
        "west":  { "uv": [ 0, 0, 16, 16 ], "texture": "#red-blue_swirl" },
        "east":  { "uv": [ 16, 0, 0, 16 ], "texture": "#red-blue_swirl" }
    }
},
{
    "from": [ 15.375, 0.25, 3.1875 ],
    "to": [ 15.4375, 11.5, 12.1875 ],
    "rotation": { "origin": [ 15.375, 11.5, 3.1875 ], "axis": "z", "angle": -45 },
    "faces": {
        "down":  { "uv": [ 0, 0, 0, 0 ], "texture": "#green-yellow_swirl" },
        "up":    { "uv": [ 0, 0, 0, 0 ], "texture": "#green-yellow_swirl" },
        "north": { "uv": [ 0, 0, 0, 0 ], "texture": "#green-yellow_swirl" },
        "south": { "uv": [ 0, 0, 0, 0 ], "texture": "#green-yellow_swirl" },
        "west":  { "uv": [ 0, 0, 16, 16 ], "rotation": 90, "texture": "#green-yellow_swirl" },
        "east":  { "uv": [ 16, 0, 0, 16 ], "rotation": 90, "texture": "#green-yellow_swirl" }
    }
},
{
    "from": [ -8.9375, 7.25, 7.5 ],
    "to": [ -6.4375, 7.75, 8 ],
    "rotation": { "origin": [ -8.9375, 7.75, 7.5 ], "axis": "z", "angle": 22.5 },
    "faces": {
        "down":  { "uv": [ 9.75, 0.5, 11.5, 1.5 ], "texture": "#blade_glow" },
        "up":    { "uv": [ 9.75, 0.5, 11.5, 1.5 ], "texture": "#blade_glow" },
        "north": { "uv": [ 5.25, 1.25, 7, 1.75 ], "texture": "#blade_glow" },
        "south": { "uv": [ 5.25, 1.25, 7, 1.75 ], "texture": "#blade_glow" },
        "west":  { "uv": [ 2.5, 0.25, 3.5, 0.75 ], "texture": "#blade_glow" },
        "east":  { "uv": [ 2.5, 0.25, 3.5, 0.75 ], "texture": "#blade_glow" }
    }
},
{
    "from": [ -8.5625, 7.125, 7.5 ],
    "to": [ -6.0625, 7.875, 8 ],
    "rotation": { "origin": [ -8.5625, 7.875, 7.5 ], "axis": "z", "angle": -22.5 },
    "faces": {
        "down":  { "uv": [ 9.75, 0.5, 11.5, 1.5 ], "texture": "#blade_glow" },
        "up":    { "uv": [ 9.75, 0.5, 11.5, 1.5 ], "texture": "#blade_glow" },
        "north": { "uv": [ 5.25, 1.25, 7, 1.75 ], "texture": "#blade_glow" },
        "south": { "uv": [ 5.25, 1.25, 7, 1.75 ], "texture": "#blade_glow" },
        "west":  { "uv": [ 2.5, 0.25, 3.5, 0.75 ], "texture": "#blade_glow" },
        "east":  { "uv": [ 2.5, 0.25, 3.5, 0.75 ], "texture": "#blade_glow" }
    }
},
{
    "from": [ -9.125, 7.3125, 7.5 ],
    "to": [ -8.875, 7.5625, 8 ],
    "rotation": { "origin": [ -9.125, 7.5625, 7.5 ], "axis": "z", "angle": 45 },
    "faces": {
        "down":  { "uv": [ 9.75, 0.5, 11.5, 1.5 ], "texture": "#blade_glow" },
        "up":    { "uv": [ 9.75, 0.5, 11.5, 1.5 ], "texture": "#blade_glow" },
        "north": { "uv": [ 5.25, 1.25, 7, 1.75 ], "texture": "#blade_glow" },
        "south": { "uv": [ 5.25, 1.25, 7, 1.75 ], "texture": "#blade_glow" },
        "west":  { "uv": [ 2.5, 0.25, 3.5, 0.75 ], "texture": "#blade_glow" },
        "east":  { "uv": [ 2.5, 0.25, 3.5, 0.75 ], "texture": "#blade_glow" }
    }
},
{
    "from": [ -8.875, 7.375, 7.5 ],
    "to": [ -8.375, 7.625, 8 ],
    "rotation": { "origin": [ -8.875, 7.625, 7.5 ], "axis": "z", "angle": -45 },
    "faces": {
        "down":  { "uv": [ 9.75, 0.5, 11.5, 1.5 ], "texture": "#blade_glow" },
        "up":    { "uv": [ 9.75, 0.5, 11.5, 1.5 ], "texture": "#blade_glow" },
        "north": { "uv": [ 5.25, 1.25, 7, 1.75 ], "texture": "#blade_glow" },
        "south": { "uv": [ 5.25, 1.25, 7, 1.75 ], "texture": "#blade_glow" },
        "west":  { "uv": [ 2.5, 0.25, 3.5, 0.75 ], "texture": "#blade_glow" },
        "east":  { "uv": [ 2.5, 0.25, 3.5, 0.75 ], "texture": "#blade_glow" }
    }
},
{
    "from": [ -7.75, 6.8125, 7.5 ],
    "to": [ -6.375, 8.25, 8 ],
    "faces": {
        "down":  { "uv": [ 9.75, 0.5, 11.5, 1.5 ], "texture": "#blade_glow" },
        "up":    { "uv": [ 9.75, 0.5, 11.5, 1.5 ], "texture": "#blade_glow" },
        "north": { "uv": [ 5.25, 1.25, 7, 1.75 ], "texture": "#blade_glow" },
        "south": { "uv": [ 5.25, 1.25, 7, 1.75 ], "texture": "#blade_glow" },
        "west":  { "uv": [ 2.5, 0.25, 3.5, 0.75 ], "texture": "#blade_glow" },
        "east":  { "uv": [ 2.5, 0.25, 3.5, 0.75 ], "texture": "#blade_glow" }
    }
},
{
    "from": [ -8, 7.4375, 7.5 ],
    "to": [ -7.4375, 8, 8 ],
    "faces": {
        "down":  { "uv": [ 9.75, 0.5, 11.5, 1.5 ], "texture": "#texture" },
        "up":    { "uv": [ 9.75, 0.5, 11.5, 1.5 ], "texture": "#texture" },
        "north": { "uv": [ 5.25, 1.25, 7, 1.75 ], "texture": "#texture" },
        "south": { "uv": [ 5.25, 1.25, 7, 1.75 ], "texture": "#texture" },
        "west":  { "uv": [ 2.5, 0.25, 3.5, 0.75 ], "texture": "#texture" },
        "east":  { "uv": [ 2.5, 0.25, 3.5, 0.75 ], "texture": "#texture" }
    }
},
{
    "from": [ -6.5, 6.5, 7.25 ],
    "to": [ 9.75, 8.5, 8.25 ],
    "faces": {
        "down":  { "uv": [ 0.25, 1.75, 15.75, 2.25 ], "texture": "#blade_glow" },
        "up":    { "uv": [ 0.25, 1.75, 15.75, 2.25 ], "texture": "#blade_glow" },
        "north": { "uv": [ 0.25, 1.25, 15.75, 3.75 ], "texture": "#blade_glow" },
        "south": { "uv": [ 0.25, 1.25, 15.75, 3.75 ], "texture": "#blade_glow" },
        "west":  { "uv": [ 6, 2.25, 6.5, 4.75 ], "texture": "#blade_glow" },
        "east":  { "uv": [ 6, 2.25, 6.5, 4.75 ], "texture": "#blade_glow" }
    }
},
{
    "from": [ -8.0625, 7.3125, 7.25 ],
    "to": [ -6.3125, 7.8125, 8.25 ],
    "rotation": { "origin": [ -8.0625, 7.8125, 7.25 ], "axis": "z", "angle": 22.5 },
    "faces": {
        "down":  { "uv": [ 9.75, 0.5, 11.5, 1.5 ], "texture": "#blade_glow" },
        "up":    { "uv": [ 9.75, 0.5, 11.5, 1.5 ], "texture": "#blade_glow" },
        "north": { "uv": [ 5.25, 1.25, 7, 1.75 ], "texture": "#blade_glow" },
        "south": { "uv": [ 5.25, 1.25, 7, 1.75 ], "texture": "#blade_glow" },
        "west":  { "uv": [ 2.5, 0.25, 3.5, 0.75 ], "texture": "#blade_glow" },
        "east":  { "uv": [ 2.5, 0.25, 3.5, 0.75 ], "texture": "#blade_glow" }
    }
},
{
    "from": [ -7.875, 7.125, 7.25 ],
    "to": [ -6.125, 7.625, 8.25 ],
    "rotation": { "origin": [ -7.875, 7.625, 7.25 ], "axis": "z", "angle": -22.5 },
    "faces": {
        "down":  { "uv": [ 9.75, 0.5, 11.5, 1.5 ], "texture": "#blade_glow" },
        "up":    { "uv": [ 9.75, 0.5, 11.5, 1.5 ], "texture": "#blade_glow" },
        "north": { "uv": [ 5.25, 1.25, 7, 1.75 ], "texture": "#blade_glow" },
        "south": { "uv": [ 5.25, 1.25, 7, 1.75 ], "texture": "#blade_glow" },
        "west":  { "uv": [ 2.5, 0.25, 3.5, 0.75 ], "texture": "#blade_glow" },
        "east":  { "uv": [ 2.5, 0.25, 3.5, 0.75 ], "texture": "#blade_glow" }
    }
},
{
    "from": [ -8.1875, 7.4375, 7.25 ],
    "to": [ -7.6875, 7.6875, 8.25 ],
    "rotation": { "origin": [ -8.1875, 7.6875, 7.25 ], "axis": "z", "angle": -45 },
    "faces": {
        "down":  { "uv": [ 9.75, 0.5, 11.5, 1.5 ], "texture": "#blade_glow" },
        "up":    { "uv": [ 9.75, 0.5, 11.5, 1.5 ], "texture": "#blade_glow" },
        "north": { "uv": [ 5.25, 1.25, 7, 1.75 ], "texture": "#blade_glow" },
        "south": { "uv": [ 5.25, 1.25, 7, 1.75 ], "texture": "#blade_glow" },
        "west":  { "uv": [ 2.5, 0.25, 3.5, 0.75 ], "texture": "#blade_glow" },
        "east":  { "uv": [ 2.5, 0.25, 3.5, 0.75 ], "texture": "#blade_glow" }
    }
},
{
    "from": [ -8.25, 7.375, 7.25 ],
    "to": [ -8, 7.625, 8.25 ],
    "rotation": { "origin": [ -8.25, 7.625, 7.25 ], "axis": "z", "angle": 45 },
    "faces": {
        "down":  { "uv": [ 9.75, 0.5, 11.5, 1.5 ], "texture": "#blade_glow" },
        "up":    { "uv": [ 9.75, 0.5, 11.5, 1.5 ], "texture": "#blade_glow" },
        "north": { "uv": [ 5.25, 1.25, 7, 1.75 ], "texture": "#blade_glow" },
        "south": { "uv": [ 5.25, 1.25, 7, 1.75 ], "texture": "#blade_glow" },
        "west":  { "uv": [ 2.5, 0.25, 3.5, 0.75 ], "texture": "#blade_glow" },
        "east":  { "uv": [ 2.5, 0.25, 3.5, 0.75 ], "texture": "#blade_glow" }
    }
},
{
    "from": [ -7.5, 7.125, 7.25 ],
    "to": [ -6.4375, 7.9375, 8.25 ],
    "faces": {
        "down":  { "uv": [ 9.75, 0.5, 11.5, 1.5 ], "texture": "#blade_glow" },
        "up":    { "uv": [ 9.75, 0.5, 11.5, 1.5 ], "texture": "#blade_glow" },
        "north": { "uv": [ 5.25, 1.25, 7, 1.75 ], "texture": "#blade_glow" },
        "south": { "uv": [ 5.25, 1.25, 7, 1.75 ], "texture": "#blade_glow" },
        "west":  { "uv": [ 2.5, 0.25, 3.5, 0.75 ], "texture": "#blade_glow" },
        "east":  { "uv": [ 2.5, 0.25, 3.5, 0.75 ], "texture": "#blade_glow" }
    }
},
{
    "from": [ -8.0625, 7.375, 7.25 ],
    "to": [ -7.875, 7.5625, 8.25 ],
    "faces": {
        "down":  { "uv": [ 9.75, 0.5, 11.5, 1.5 ], "texture": "#blade_glow" },
        "up":    { "uv": [ 9.75, 0.5, 11.5, 1.5 ], "texture": "#blade_glow" },
        "north": { "uv": [ 5.25, 1.25, 7, 1.75 ], "texture": "#blade_glow" },
        "south": { "uv": [ 5.25, 1.25, 7, 1.75 ], "texture": "#blade_glow" },
        "west":  { "uv": [ 2.5, 0.25, 3.5, 0.75 ], "texture": "#blade_glow" },
        "east":  { "uv": [ 2.5, 0.25, 3.5, 0.75 ], "texture": "#blade_glow" }
    }
},
{
    "from": [ -6.6875, 7, 7.25 ],
    "to": [ -6.5, 7.1875, 8.25 ],
    "faces": {
        "down":  { "uv": [ 9.75, 0.5, 11.5, 1.5 ], "texture": "#blade_glow" },
        "up":    { "uv": [ 9.75, 0.5, 11.5, 1.5 ], "texture": "#blade_glow" },
        "north": { "uv": [ 5.25, 1.25, 7, 1.75 ], "texture": "#blade_glow" },
        "south": { "uv": [ 5.25, 1.25, 7, 1.75 ], "texture": "#blade_glow" },
        "west":  { "uv": [ 2.5, 0.25, 3.5, 0.75 ], "texture": "#blade_glow" },
        "east":  { "uv": [ 2.5, 0.25, 3.5, 0.75 ], "texture": "#blade_glow" }
    }
}
]
}