{
    "__createdwith": "opl's Model Creator",
    "ambientocclusion": false,
    "textures": {
        "wand": "3d/generic3",
        "atom": "3d/water_atom"
    },
    "elements": [
        {
            "from": [6,21,6],
            "to": [10,27,10],
            "faces": {
                "up": {
                    "uv": [1,1,5,5],
                    "texture": "#wand"
                },
                "down": {
                    "uv": [1,1,5,5],
                    "texture": "#wand"
                },
                "west": {
                    "uv": [1,0,5,6],
                    "texture": "#wand"
                },
                "east": {
                    "uv": [1,0,5,6],
                    "texture": "#wand"
                },
                "north": {
                    "uv": [1,0,5,6],
                    "texture": "#wand"
                },
                "south": {
                    "uv": [1,0,5,6],
                    "texture": "#wand"
                }
            }
        },
        {
            "from": [6,22,5],
            "to": [10,26,11],
            "faces": {
                "up": {
                    "uv": [1,0,5,6],
                    "texture": "#wand"
                },
                "down": {
                    "uv": [1,0,5,6],
                    "texture": "#wand"
                },
                "west": {
                    "uv": [0,1,6,5],
                    "texture": "#wand"
                },
                "east": {
                    "uv": [0,1,6,5],
                    "texture": "#wand"
                },
                "north": {
                    "uv": [1,1,5,5],
                    "texture": "#wand"
                },
                "south": {
                    "uv": [1,1,5,5],
                    "texture": "#wand"
                }
            }
        },
        {
            "from": [5,22,6],
            "to": [11,26,10],
            "faces": {
                "up": {
                    "uv": [0,1,6,5],
                    "texture": "#wand"
                },
                "down": {
                    "uv": [0,1,6,5],
                    "texture": "#wand"
                },
                "west": {
                    "uv": [1,1,5,5],
                    "texture": "#wand"
                },
                "east": {
                    "uv": [1,1,5,5],
                    "texture": "#wand"
                },
                "north": {
                    "uv": [0,1,6,5],
                    "texture": "#wand"
                },
                "south": {
                    "uv": [0,1,6,5],
                    "texture": "#wand"
                }
            }
        },
        {
            "from": [6,15,6],
            "to": [10,20,10],
            "faces": {
                "up": {
                    "uv": [1,6,5,7],
                    "texture": "#wand"
                },
                "west": {
                    "uv": [1,6,5,11],
                    "texture": "#wand"
                },
                "east": {
                    "uv": [1,6,5,11],
                    "texture": "#wand"
                },
                "north": {
                    "uv": [1,6,5,11],
                    "texture": "#wand"
                },
                "south": {
                    "uv": [1,6,5,11],
                    "texture": "#wand"
                }
            }
        },
        {
            "from": [6,15,5],
            "to": [10,19,11],
            "faces": {
                "up": {
                    "uv": [0,7,6,8],
                    "texture": "#wand",
                    "rotation": 90
                },
                "down": {
                    "uv": [0,10,1,11],
                    "texture": "#wand"
                },
                "west": {
                    "uv": [0,7,6,11],
                    "texture": "#wand"
                },
                "east": {
                    "uv": [0,7,6,11],
                    "texture": "#wand"
                },
                "north": {
                    "uv": [1,7,5,11],
                    "texture": "#wand"
                },
                "south": {
                    "uv": [1,7,5,11],
                    "texture": "#wand"
                }
            }
        },
        {
            "from": [5,15,6],
            "to": [11,19,10],
            "faces": {
                "up": {
                    "uv": [0,7,6,8],
                    "texture": "#wand"
                },
                "down": {
                    "uv": [0,10,1,11],
                    "texture": "#wand"
                },
                "west": {
                    "uv": [1,7,5,11],
                    "texture": "#wand"
                },
                "east": {
                    "uv": [1,7,5,11],
                    "texture": "#wand"
                },
                "north": {
                    "uv": [0,7,6,11],
                    "texture": "#wand"
                },
                "south": {
                    "uv": [0,7,6,11],
                    "texture": "#wand"
                }
            }
        },
        {
            "from": [6,-6,6],
            "to": [10,-4,10],
            "faces": {
                "down": {
                    "uv": [1,12,2,13],
                    "texture": "#wand"
                },
                "west": {
                    "uv": [1,11,5,13],
                    "texture": "#wand"
                },
                "east": {
                    "uv": [1,11,5,13],
                    "texture": "#wand"
                },
                "north": {
                    "uv": [1,11,5,13],
                    "texture": "#wand"
                },
                "south": {
                    "uv": [1,11,5,13],
                    "texture": "#wand"
                }
            }
        },
        {
            "from": [7,-8,7],
            "to": [9,-6,9],
            "faces": {
                "west": {
                    "uv": [2,13,4,15],
                    "texture": "#wand"
                },
                "east": {
                    "uv": [2,13,4,15],
                    "texture": "#wand"
                },
                "north": {
                    "uv": [2,13,4,15],
                    "texture": "#wand"
                },
                "south": {
                    "uv": [2,13,4,15],
                    "texture": "#wand"
                }
            }
        },
        {
            "from": [6,8,6],
            "to": [10,9,10],
            "faces": {
                "up": {
                    "uv": [1,7,5,11],
                    "texture": "#wand"
                },
                "down": {
                    "uv": [1,7,5,11],
                    "texture": "#wand"
                },
                "west": {
                    "uv": [1,15,5,16],
                    "texture": "#wand"
                },
                "east": {
                    "uv": [1,15,5,16],
                    "texture": "#wand"
                },
                "north": {
                    "uv": [1,15,5,16],
                    "texture": "#wand"
                },
                "south": {
                    "uv": [1,15,5,16],
                    "texture": "#wand"
                }
            }
        },
        {
            "from": [7,-2,7],
            "to": [9,8,9],
            "faces": {
                "west": {
                    "uv": [13,0,15,10],
                    "texture": "#wand"
                },
                "east": {
                    "uv": [13,0,15,10],
                    "texture": "#wand"
                },
                "north": {
                    "uv": [13,0,15,10],
                    "texture": "#wand"
                },
                "south": {
                    "uv": [13,0,15,10],
                    "texture": "#wand"
                }
            }
        },
        {
            "from": [6,-10,6],
            "to": [10,-8,10],
            "faces": {
                "up": {
                    "uv": [1,7,5,11],
                    "texture": "#wand"
                },
                "down": {
                    "uv": [1,7,5,11],
                    "texture": "#wand"
                },
                "west": {
                    "uv": [12,14,16,16],
                    "texture": "#wand"
                },
                "east": {
                    "uv": [12,14,16,16],
                    "texture": "#wand"
                },
                "north": {
                    "uv": [12,14,16,16],
                    "texture": "#wand"
                },
                "south": {
                    "uv": [12,14,16,16],
                    "texture": "#wand"
                }
            }
        },
        {
            "from": [7,16,4.5],
            "to": [9,18,5],
            "faces": {
                "up": {
                    "uv": [10,2,8,3],
                    "texture": "#wand"
                },
                "down": {
                    "uv": [10,3,8,4],
                    "texture": "#wand"
                },
                "west": {
                    "uv": [9,2,10,4],
                    "texture": "#wand"
                },
                "east": {
                    "uv": [8,2,9,4],
                    "texture": "#wand"
                },
                "north": {
                    "uv": [8,2,10,4],
                    "texture": "#wand"
                }
            }
        },
        {
            "from": [11,16,7],
            "to": [11.5,18,9],
            "faces": {
                "up": {
                    "uv": [10,0,8,1],
                    "texture": "#wand",
                    "rotation": 90
                },
                "down": {
                    "uv": [8,1,10,2],
                    "texture": "#wand",
                    "rotation": 90
                },
                "east": {
                    "uv": [8,0,10,2],
                    "texture": "#wand"
                },
                "north": {
                    "uv": [9,0,10,2],
                    "texture": "#wand"
                },
                "south": {
                    "uv": [8,0,9,2],
                    "texture": "#wand"
                }
            }
        },
        {
            "from": [7,16,11],
            "to": [9,18,11.5],
            "faces": {
                "up": {
                    "uv": [6,2,8,3],
                    "texture": "#wand"
                },
                "down": {
                    "uv": [6,3,8,4],
                    "texture": "#wand"
                },
                "west": {
                    "uv": [6,2,7,4],
                    "texture": "#wand"
                },
                "east": {
                    "uv": [7,2,8,4],
                    "texture": "#wand"
                },
                "south": {
                    "uv": [6,2,8,4],
                    "texture": "#wand"
                }
            }
        },
        {
            "from": [4.5,16,7],
            "to": [5,18,9],
            "faces": {
                "up": {
                    "uv": [6,0,8,1],
                    "texture": "#wand",
                    "rotation": 90
                },
                "down": {
                    "uv": [8,1,6,2],
                    "texture": "#wand",
                    "rotation": 90
                },
                "west": {
                    "uv": [6,0,8,2],
                    "texture": "#wand"
                },
                "north": {
                    "uv": [6,0,7,2],
                    "texture": "#wand"
                },
                "south": {
                    "uv": [7,0,8,2],
                    "texture": "#wand"
                }
            }
        },
        {
            "from": [5,-4,6],
            "to": [11,-3,10],
            "faces": {
                "up": {
                    "uv": [2,8,4,10],
                    "texture": "#wand"
                },
                "down": {
                    "uv": [2,8,4,10],
                    "texture": "#wand"
                },
                "west": {
                    "uv": [1,10,5,11],
                    "texture": "#wand"
                },
                "east": {
                    "uv": [1,10,5,11],
                    "texture": "#wand"
                },
                "north": {
                    "uv": [0,10,6,11],
                    "texture": "#wand"
                },
                "south": {
                    "uv": [0,10,6,11],
                    "texture": "#wand"
                }
            }
        },
        {
            "from": [6,-4,5],
            "to": [10,-3,11],
            "faces": {
                "up": {
                    "uv": [2,8,4,10],
                    "texture": "#wand"
                },
                "down": {
                    "uv": [2,8,4,10],
                    "texture": "#wand"
                },
                "west": {
                    "uv": [0,10,6,11],
                    "texture": "#wand"
                },
                "east": {
                    "uv": [0,10,6,11],
                    "texture": "#wand"
                },
                "north": {
                    "uv": [1,10,5,11],
                    "texture": "#wand"
                },
                "south": {
                    "uv": [1,10,5,11],
                    "texture": "#wand"
                }
            }
        },
        {
            "from": [6,-3,6],
            "to": [10,-2,10],
            "faces": {
                "up": {
                    "uv": [1,7,5,11],
                    "texture": "#wand"
                },
                "west": {
                    "uv": [1,15,5,16],
                    "texture": "#wand"
                },
                "east": {
                    "uv": [1,15,5,16],
                    "texture": "#wand"
                },
                "north": {
                    "uv": [1,15,5,16],
                    "texture": "#wand"
                },
                "south": {
                    "uv": [1,15,5,16],
                    "texture": "#wand"
                }
            }
        },
        {
            "from": [6,10,6],
            "to": [10,15,10],
            "faces": {
                "up": {
                    "uv": [1,6,5,7],
                    "texture": "#wand"
                },
                "west": {
                    "uv": [1,6,5,11],
                    "texture": "#wand"
                },
                "east": {
                    "uv": [1,6,5,11],
                    "texture": "#wand"
                },
                "north": {
                    "uv": [1,6,5,11],
                    "texture": "#wand"
                },
                "south": {
                    "uv": [1,6,5,11],
                    "texture": "#wand"
                }
            }
        },
        {
            "from": [6,9,5],
            "to": [10,10,11],
            "faces": {
                "up": {
                    "uv": [2,8,4,10],
                    "texture": "#wand"
                },
                "down": {
                    "uv": [2,8,4,10],
                    "texture": "#wand"
                },
                "west": {
                    "uv": [0,10,6,11],
                    "texture": "#wand"
                },
                "east": {
                    "uv": [0,10,6,11],
                    "texture": "#wand"
                },
                "north": {
                    "uv": [1,10,5,11],
                    "texture": "#wand"
                },
                "south": {
                    "uv": [1,10,5,11],
                    "texture": "#wand"
                }
            }
        },
        {
            "from": [5,9,6],
            "to": [11,10,10],
            "faces": {
                "up": {
                    "uv": [2,8,4,10],
                    "texture": "#wand"
                },
                "down": {
                    "uv": [2,8,4,10],
                    "texture": "#wand"
                },
                "west": {
                    "uv": [1,10,5,11],
                    "texture": "#wand"
                },
                "east": {
                    "uv": [1,10,5,11],
                    "texture": "#wand"
                },
                "north": {
                    "uv": [0,10,6,11],
                    "texture": "#wand"
                },
                "south": {
                    "uv": [0,10,6,11],
                    "texture": "#wand"
                }
            }
        },
        {
            "from": [7,11,5.5],
            "to": [9,13,6],
            "faces": {
                "up": {
                    "uv": [10,2,8,3],
                    "texture": "#wand"
                },
                "down": {
                    "uv": [10,3,8,4],
                    "texture": "#wand"
                },
                "west": {
                    "uv": [9,2,10,4],
                    "texture": "#wand"
                },
                "east": {
                    "uv": [8,2,9,4],
                    "texture": "#wand"
                },
                "north": {
                    "uv": [8,2,10,4],
                    "texture": "#wand"
                }
            }
        },
        {
            "from": [10,11,7],
            "to": [10.5,13,9],
            "faces": {
                "up": {
                    "uv": [10,0,8,1],
                    "texture": "#wand",
                    "rotation": 90
                },
                "down": {
                    "uv": [8,1,10,2],
                    "texture": "#wand",
                    "rotation": 90
                },
                "east": {
                    "uv": [8,0,10,2],
                    "texture": "#wand"
                },
                "north": {
                    "uv": [9,0,10,2],
                    "texture": "#wand"
                },
                "south": {
                    "uv": [8,0,9,2],
                    "texture": "#wand"
                }
            }
        },
        {
            "from": [7,11,10],
            "to": [9,13,10.5],
            "faces": {
                "up": {
                    "uv": [6,2,8,3],
                    "texture": "#wand"
                },
                "down": {
                    "uv": [6,3,8,4],
                    "texture": "#wand"
                },
                "west": {
                    "uv": [6,2,7,4],
                    "texture": "#wand"
                },
                "east": {
                    "uv": [7,2,8,4],
                    "texture": "#wand"
                },
                "south": {
                    "uv": [6,2,8,4],
                    "texture": "#wand"
                }
            }
        },
        {
            "from": [5.5,11,7],
            "to": [6,13,9],
            "faces": {
                "up": {
                    "uv": [6,0,8,1],
                    "texture": "#wand",
                    "rotation": 90
                },
                "down": {
                    "uv": [8,1,6,2],
                    "texture": "#wand",
                    "rotation": 90
                },
                "west": {
                    "uv": [6,0,8,2],
                    "texture": "#wand"
                },
                "north": {
                    "uv": [6,0,7,2],
                    "texture": "#wand"
                },
                "south": {
                    "uv": [7,0,8,2],
                    "texture": "#wand"
                }
            }
        },
		
        {
            "from": [0,23.99,0],
            "to": [16,24.01,16],
			"shade": false,
			"rotation": { "origin": [ 8, 24, 8 ], "axis": "x", "angle": 45, "rescale": false },
            "faces": {
                "up": {
                    "uv": [0,0,16,16],
                    "texture": "#atom"
                },
                "down": {
                    "uv": [0,16,16,0],
                    "texture": "#atom"
                }
            }
        },
		
        {
            "from": [0,23.99,0],
            "to": [16,24.01,16],
			"shade": false,
			"rotation": { "origin": [ 8, 24, 8 ], "axis": "x", "angle": -45, "rescale": false },
            "faces": {
                "up": {
                    "uv": [0,0,16,16],
                    "texture": "#atom"
                },
                "down": {
                    "uv": [0,16,16,0],
                    "texture": "#atom"
                }
            }
        }
    ]
}