{
    "__createdwith": "opl's Model Creator",
    "ambientocclusion": false,
    "textures": {
        "spear": "jhsy/huomao/fire2",
        "bottom": "jhsy/huomao/fire4",
        "flame": "jhsy/huomao/fire_blade_flamelicks",
        "orb": "jhsy/huomao/fire_center",
        "swirl": "jhsy/fire_swirl"
    },
    "elements": [
        {
            "from": [5,-11,5],
            "to": [11,-7,11],
            "faces": {
                "up": {
                    "uv": [2,14,4,16],
                    "texture": "#bottom"
                },
                "down": {
                    "uv": [10,13,12,15],
                    "texture": "#bottom"
                },
                "west": {
                    "uv": [10,11,16,15],
                    "texture": "#bottom"
                },
                "east": {
                    "uv": [10,11,16,15],
                    "texture": "#bottom"
                },
                "north": {
                    "uv": [10,11,16,15],
                    "texture": "#bottom"
                },
                "south": {
                    "uv": [10,11,16,15],
                    "texture": "#bottom"
                }
            }
        },
        {
            "from": [6,-7,6],
            "to": [10,-4,10],
            "faces": {
                "up": {
                    "uv": [2,14,4,16],
                    "texture": "#bottom"
                },
                "west": {
                    "uv": [11,8,15,11],
                    "texture": "#bottom"
                },
                "east": {
                    "uv": [11,8,15,11],
                    "texture": "#bottom"
                },
                "north": {
                    "uv": [11,8,15,11],
                    "texture": "#bottom"
                },
                "south": {
                    "uv": [11,8,15,11],
                    "texture": "#bottom"
                }
            }
        },
        {
            "from": [7,-12,4],
            "to": [9,-9,5],
            "faces": {
                "up": {
                    "uv": [12,13,14,14],
                    "texture": "#bottom"
                },
                "down": {
                    "uv": [12,14,14,15],
                    "texture": "#bottom"
                },
                "west": {
                    "uv": [13,13,14,16],
                    "texture": "#bottom"
                },
                "east": {
                    "uv": [12,13,13,16],
                    "texture": "#bottom"
                },
                "north": {
                    "uv": [12,13,14,16],
                    "texture": "#bottom"
                },
                "south": {
                    "uv": [12,13,14,16],
                    "texture": "#bottom"
                }
            }
        },
        {
            "from": [11,-12,7],
            "to": [12,-9,9],
            "faces": {
                "up": {
                    "uv": [12,13,14,14],
                    "texture": "#bottom"
                },
                "down": {
                    "uv": [12,14,13,16],
                    "texture": "#bottom"
                },
                "west": {
                    "uv": [12,13,14,16],
                    "texture": "#bottom"
                },
                "east": {
                    "uv": [12,13,14,16],
                    "texture": "#bottom"
                },
                "north": {
                    "uv": [13,13,14,16],
                    "texture": "#bottom"
                },
                "south": {
                    "uv": [12,13,13,16],
                    "texture": "#bottom"
                }
            }
        },
        {
            "from": [7,-12,11],
            "to": [9,-9,12],
            "faces": {
                "up": {
                    "uv": [12,13,14,14],
                    "texture": "#bottom"
                },
                "down": {
                    "uv": [12,14,14,15],
                    "texture": "#bottom"
                },
                "west": {
                    "uv": [13,13,14,16],
                    "texture": "#bottom"
                },
                "east": {
                    "uv": [12,13,13,16],
                    "texture": "#bottom"
                },
                "north": {
                    "uv": [12,13,14,16],
                    "texture": "#bottom"
                },
                "south": {
                    "uv": [12,13,14,16],
                    "texture": "#bottom"
                }
            }
        },
        {
            "from": [4,-12,7],
            "to": [5,-9,9],
            "faces": {
                "up": {
                    "uv": [12,13,14,14],
                    "texture": "#bottom"
                },
                "down": {
                    "uv": [12,14,13,16],
                    "texture": "#bottom"
                },
                "west": {
                    "uv": [12,13,14,16],
                    "texture": "#bottom"
                },
                "east": {
                    "uv": [12,13,14,16],
                    "texture": "#bottom"
                },
                "north": {
                    "uv": [13,13,14,16],
                    "texture": "#bottom"
                },
                "south": {
                    "uv": [12,13,13,16],
                    "texture": "#bottom"
                }
            }
        },
        {
            "from": [5,16,7.5],
            "to": [11,27,8.5],
            "faces": {
                "up": {
                    "uv": [0,3,6,4],
                    "texture": "#spear"
                },
                "west": {
                    "uv": [0,3,1,14],
                    "texture": "#spear"
                },
                "east": {
                    "uv": [5,3,6,14],
                    "texture": "#spear"
                },
                "north": {
                    "uv": [6,3,0,14],
                    "texture": "#spear"
                },
                "south": {
                    "uv": [0,3,6,14],
                    "texture": "#spear"
                }
            }
        },
        {
            "from": [6,27,7.5],
            "to": [10,29,8.5],
            "faces": {
                "up": {
                    "uv": [1,1,5,2],
                    "texture": "#spear"
                },
                "west": {
                    "uv": [1,1,2,3],
                    "texture": "#spear"
                },
                "east": {
                    "uv": [4,1,5,3],
                    "texture": "#spear"
                },
                "north": {
                    "uv": [5,1,1,3],
                    "texture": "#spear"
                },
                "south": {
                    "uv": [1,1,5,3],
                    "texture": "#spear"
                }
            }
        },
        {
            "from": [7,29,7.5],
            "to": [9,30,8.5],
            "faces": {
                "up": {
                    "uv": [2,0,4,1],
                    "texture": "#spear"
                },
                "west": {
                    "uv": [2,0,3,1],
                    "texture": "#spear"
                },
                "east": {
                    "uv": [3,0,4,1],
                    "texture": "#spear"
                },
                "north": {
                    "uv": [4,0,2,1],
                    "texture": "#spear"
                },
                "south": {
                    "uv": [2,0,4,1],
                    "texture": "#spear"
                }
            }
        },
        {
            "from": [8,16,7.95],
            "to": [24,32,8.05],
            "faces": {
                "north": {
                    "uv": [0,0,16,16],
                    "texture": "#flame"
                },
                "south": {
                    "uv": [16,0,0,16],
                    "texture": "#flame"
                }
            }
        },
        {
            "from": [-8,16,7.95],
            "to": [8,32,8.05],
            "faces": {
                "north": {
                    "uv": [16,0,0,16],
                    "texture": "#flame"
                },
                "south": {
                    "uv": [0,0,16,16],
                    "texture": "#flame"
                }
            }
        },
        {
            "from": [7,-15,7],
            "to": [9,-11,9],
            "faces": {
                "down": {
                    "uv": [8,13,10,15],
                    "texture": "#spear"
                },
                "west": {
                    "uv": [8,12,10,16],
                    "texture": "#spear"
                },
                "east": {
                    "uv": [8,12,10,16],
                    "texture": "#spear"
                },
                "north": {
                    "uv": [8,12,10,16],
                    "texture": "#spear"
                },
                "south": {
                    "uv": [8,12,10,16],
                    "texture": "#spear"
                }
            }
        },
        {
            "from": [6,-14,7],
            "to": [10,-12,9],
            "faces": {
                "up": {
                    "uv": [7,13,11,15],
                    "texture": "#spear"
                },
                "down": {
                    "uv": [7,13,11,15],
                    "texture": "#spear"
                },
                "west": {
                    "uv": [8,13,10,15],
                    "texture": "#spear"
                },
                "east": {
                    "uv": [8,13,10,15],
                    "texture": "#spear"
                },
                "north": {
                    "uv": [7,13,11,15],
                    "texture": "#spear"
                },
                "south": {
                    "uv": [7,13,11,15],
                    "texture": "#spear"
                }
            }
        },
        {
            "from": [7,-14,6],
            "to": [9,-12,10],
            "faces": {
                "up": {
                    "uv": [8,12,10,16],
                    "texture": "#spear"
                },
                "down": {
                    "uv": [8,12,10,16],
                    "texture": "#spear"
                },
                "west": {
                    "uv": [7,13,11,15],
                    "texture": "#spear"
                },
                "east": {
                    "uv": [7,13,11,15],
                    "texture": "#spear"
                },
                "north": {
                    "uv": [8,13,10,15],
                    "texture": "#spear"
                },
                "south": {
                    "uv": [8,13,10,15],
                    "texture": "#spear"
                }
            }
        },
        {
            "from": [6,11,5.75],
            "to": [10,15,10.25],
            "faces": {
                "up": {
                    "uv": [10,1,14,5],
                    "texture": "#spear"
                },
                "down": {
                    "uv": [10,1,14,5],
                    "texture": "#spear"
                },
                "west": {
                    "uv": [10,1,14,5],
                    "texture": "#spear"
                },
                "east": {
                    "uv": [10,1,14,5],
                    "texture": "#spear"
                },
                "north": {
                    "uv": [0,0,16,16],
                    "texture": "#orb"
                },
                "south": {
                    "uv": [0,0,16,16],
                    "texture": "#orb"
                }
            }
        },
        {
            "from": [4,13,6],
            "to": [12,16,10],
            "faces": {
                "up": {
                    "uv": [8,0,16,1],
                    "texture": "#spear"
                },
                "down": {
                    "uv": [8,2,16,3],
                    "texture": "#spear"
                },
                "west": {
                    "uv": [8,0,9,3],
                    "texture": "#spear"
                },
                "east": {
                    "uv": [14,0,16,3],
                    "texture": "#spear"
                },
                "north": {
                    "uv": [16,0,8,3],
                    "texture": "#spear"
                },
                "south": {
                    "uv": [8,0,16,3],
                    "texture": "#spear"
                }
            }
        },
        {
            "from": [5,11,7],
            "to": [11,13,9],
            "faces": {
                "west": {
                    "uv": [9,3,10,5],
                    "texture": "#spear"
                },
                "east": {
                    "uv": [14,3,15,5],
                    "texture": "#spear"
                },
                "north": {
                    "uv": [15,3,9,5],
                    "texture": "#spear"
                },
                "south": {
                    "uv": [9,3,15,5],
                    "texture": "#spear"
                }
            }
        },
        {
            "from": [6,6,7],
            "to": [10,8,9],
            "faces": {
                "up": {
                    "uv": [10,8,14,9],
                    "texture": "#spear"
                },
                "down": {
                    "uv": [10,9,14,10],
                    "texture": "#spear"
                },
                "west": {
                    "uv": [11,8,13,10],
                    "texture": "#spear"
                },
                "east": {
                    "uv": [11,8,13,10],
                    "texture": "#spear"
                },
                "north": {
                    "uv": [14,8,10,10],
                    "texture": "#spear"
                },
                "south": {
                    "uv": [10,8,14,10],
                    "texture": "#spear"
                }
            }
        },
        {
            "from": [7,0,7],
            "to": [9,9,9],
            "faces": {
                "west": {
                    "uv": [11,7,13,16],
                    "texture": "#spear"
                },
                "east": {
                    "uv": [11,7,13,16],
                    "texture": "#spear"
                },
                "north": {
                    "uv": [13,7,11,16],
                    "texture": "#spear"
                },
                "south": {
                    "uv": [11,7,13,16],
                    "texture": "#spear"
                }
            }
        },
        {
            "from": [7,-4,7],
            "to": [9,0,9],
            "faces": {
                "west": {
                    "uv": [11,12,13,16],
                    "texture": "#spear"
                },
                "east": {
                    "uv": [11,12,13,16],
                    "texture": "#spear"
                },
                "north": {
                    "uv": [13,12,11,16],
                    "texture": "#spear"
                },
                "south": {
                    "uv": [11,12,13,16],
                    "texture": "#spear"
                }
            }
        },
        {
            "from": [5,9,7],
            "to": [11,11,9],
            "faces": {
                "down": {
                    "uv": [9,6,15,7],
                    "texture": "#spear"
                },
                "west": {
                    "uv": [9,5,11,7],
                    "texture": "#spear"
                },
                "east": {
                    "uv": [13,5,15,7],
                    "texture": "#spear"
                },
                "north": {
                    "uv": [15,5,9,7],
                    "texture": "#spear"
                },
                "south": {
                    "uv": [9,5,15,7],
                    "texture": "#spear"
                }
            }
        },
        {
            "from": [4,-13.05,4],
            "to": [12,-12.95,12],
			"shade": false,
			"rotation": { "origin": [ 8, -13, 8 ], "axis": "x", "angle": -45, "rescale": true },
            "faces": {
                "up": {
                    "uv": [0,16,16,0],
                    "texture": "#swirl"
                },
                "down": {
                    "uv": [0,0,16,16],
                    "texture": "#swirl"
                }
            }
        },
        {
            "from": [4,-13.05,4],
            "to": [12,-12.95,12],
			"shade": false,
			"rotation": { "origin": [ 8, -13, 8 ], "axis": "x", "angle": 45, "rescale": true },
            "faces": {
                "up": {
                    "uv": [0,16,16,0],
                    "texture": "#swirl"
                },
                "down": {
                    "uv": [0,0,16,16],
                    "texture": "#swirl"
                }
            }
        }
    ]
}
