{
    "__createdwith": "opl's Model Creator",
    "ambientocclusion": false,
    "textures": {
        "wand": "jhsy/baizhang/generic3"
    },
    "elements": [
        {
            "from": [6,18,6],
            "to": [10,24,10],
            "faces": {
                "up": {
                    "uv": [1,1,5,5],
                    "texture": "#wand"
                },
                "down": {
                    "uv": [1,1,5,5],
                    "texture": "#wand"
                },
                "west": {
                    "uv": [1,0,5,6],
                    "texture": "#wand"
                },
                "east": {
                    "uv": [1,0,5,6],
                    "texture": "#wand"
                },
                "north": {
                    "uv": [1,0,5,6],
                    "texture": "#wand"
                },
                "south": {
                    "uv": [1,0,5,6],
                    "texture": "#wand"
                }
            }
        },
        {
            "from": [6,19,5],
            "to": [10,23,11],
            "faces": {
                "up": {
                    "uv": [1,0,5,6],
                    "texture": "#wand"
                },
                "down": {
                    "uv": [1,0,5,6],
                    "texture": "#wand"
                },
                "west": {
                    "uv": [0,1,6,5],
                    "texture": "#wand"
                },
                "east": {
                    "uv": [0,1,6,5],
                    "texture": "#wand"
                },
                "north": {
                    "uv": [1,1,5,5],
                    "texture": "#wand"
                },
                "south": {
                    "uv": [1,1,5,5],
                    "texture": "#wand"
                }
            }
        },
        {
            "from": [5,19,6],
            "to": [11,23,10],
            "faces": {
                "up": {
                    "uv": [0,1,6,5],
                    "texture": "#wand"
                },
                "down": {
                    "uv": [0,1,6,5],
                    "texture": "#wand"
                },
                "west": {
                    "uv": [1,1,5,5],
                    "texture": "#wand"
                },
                "east": {
                    "uv": [1,1,5,5],
                    "texture": "#wand"
                },
                "north": {
                    "uv": [0,1,6,5],
                    "texture": "#wand"
                },
                "south": {
                    "uv": [0,1,6,5],
                    "texture": "#wand"
                }
            }
        },
        {
            "from": [7,17,7],
            "to": [9,18,9],
            "faces": {
                "west": {
                    "uv": [13,9,15,10],
                    "texture": "#wand"
                },
                "east": {
                    "uv": [13,9,15,10],
                    "texture": "#wand"
                },
                "north": {
                    "uv": [13,9,15,10],
                    "texture": "#wand"
                },
                "south": {
                    "uv": [13,9,15,10],
                    "texture": "#wand"
                }
            }
        },
        {
            "from": [6,12,6],
            "to": [10,17,10],
            "faces": {
                "up": {
                    "uv": [1,6,5,7],
                    "texture": "#wand"
                },
                "west": {
                    "uv": [1,6,5,11],
                    "texture": "#wand"
                },
                "east": {
                    "uv": [1,6,5,11],
                    "texture": "#wand"
                },
                "north": {
                    "uv": [1,6,5,11],
                    "texture": "#wand"
                },
                "south": {
                    "uv": [1,6,5,11],
                    "texture": "#wand"
                }
            }
        },
        {
            "from": [6,12,5],
            "to": [10,16,11],
            "faces": {
                "up": {
                    "uv": [0,7,6,8],
                    "texture": "#wand",
                    "rotation": 90
                },
                "down": {
                    "uv": [0,10,1,11],
                    "texture": "#wand"
                },
                "west": {
                    "uv": [0,7,6,11],
                    "texture": "#wand"
                },
                "east": {
                    "uv": [0,7,6,11],
                    "texture": "#wand"
                },
                "north": {
                    "uv": [1,7,5,11],
                    "texture": "#wand"
                },
                "south": {
                    "uv": [1,7,5,11],
                    "texture": "#wand"
                }
            }
        },
        {
            "from": [5,12,6],
            "to": [11,16,10],
            "faces": {
                "up": {
                    "uv": [0,7,6,8],
                    "texture": "#wand"
                },
                "down": {
                    "uv": [0,10,1,11],
                    "texture": "#wand"
                },
                "west": {
                    "uv": [1,7,5,11],
                    "texture": "#wand"
                },
                "east": {
                    "uv": [1,7,5,11],
                    "texture": "#wand"
                },
                "north": {
                    "uv": [0,7,6,11],
                    "texture": "#wand"
                },
                "south": {
                    "uv": [0,7,6,11],
                    "texture": "#wand"
                }
            }
        },
        {
            "from": [6,10,6],
            "to": [10,12,10],
            "faces": {
                "down": {
                    "uv": [1,12,2,13],
                    "texture": "#wand"
                },
                "west": {
                    "uv": [1,11,5,13],
                    "texture": "#wand"
                },
                "east": {
                    "uv": [1,11,5,13],
                    "texture": "#wand"
                },
                "north": {
                    "uv": [1,11,5,13],
                    "texture": "#wand"
                },
                "south": {
                    "uv": [1,11,5,13],
                    "texture": "#wand"
                }
            }
        },
        {
            "from": [7,8,7],
            "to": [9,10,9],
            "faces": {
                "west": {
                    "uv": [2,13,4,15],
                    "texture": "#wand"
                },
                "east": {
                    "uv": [2,13,4,15],
                    "texture": "#wand"
                },
                "north": {
                    "uv": [2,13,4,15],
                    "texture": "#wand"
                },
                "south": {
                    "uv": [2,13,4,15],
                    "texture": "#wand"
                }
            }
        },
        {
            "from": [6,7,6],
            "to": [10,8,10],
            "faces": {
                "up": {
                    "uv": [1,7,5,11],
                    "texture": "#wand"
                },
                "down": {
                    "uv": [1,7,5,11],
                    "texture": "#wand"
                },
                "west": {
                    "uv": [1,15,5,16],
                    "texture": "#wand"
                },
                "east": {
                    "uv": [1,15,5,16],
                    "texture": "#wand"
                },
                "north": {
                    "uv": [1,15,5,16],
                    "texture": "#wand"
                },
                "south": {
                    "uv": [1,15,5,16],
                    "texture": "#wand"
                }
            }
        },
        {
            "from": [7,-7,7],
            "to": [9,7,9],
            "faces": {
                "west": {
                    "uv": [13,0,15,14],
                    "texture": "#wand"
                },
                "east": {
                    "uv": [13,0,15,14],
                    "texture": "#wand"
                },
                "north": {
                    "uv": [13,0,15,14],
                    "texture": "#wand"
                },
                "south": {
                    "uv": [13,0,15,14],
                    "texture": "#wand"
                }
            }
        },
        {
            "from": [6,-9,6],
            "to": [10,-7,10],
            "faces": {
                "up": {
                    "uv": [1,7,5,11],
                    "texture": "#wand"
                },
                "down": {
                    "uv": [1,7,5,11],
                    "texture": "#wand"
                },
                "west": {
                    "uv": [12,14,16,16],
                    "texture": "#wand"
                },
                "east": {
                    "uv": [12,14,16,16],
                    "texture": "#wand"
                },
                "north": {
                    "uv": [12,14,16,16],
                    "texture": "#wand"
                },
                "south": {
                    "uv": [12,14,16,16],
                    "texture": "#wand"
                }
            }
        },
        {
            "from": [6,-4,6],
            "to": [10,-3,10],
            "faces": {
                "up": {
                    "uv": [1,7,5,11],
                    "texture": "#wand"
                },
                "down": {
                    "uv": [1,7,5,11],
                    "texture": "#wand"
                },
                "west": {
                    "uv": [1,15,5,16],
                    "texture": "#wand"
                },
                "east": {
                    "uv": [1,15,5,16],
                    "texture": "#wand"
                },
                "north": {
                    "uv": [1,15,5,16],
                    "texture": "#wand"
                },
                "south": {
                    "uv": [1,15,5,16],
                    "texture": "#wand"
                }
            }
        },
        {
            "from": [7,13,4.5],
            "to": [9,15,5],
            "faces": {
                "up": {
                    "uv": [10,2,8,3],
                    "texture": "#wand"
                },
                "down": {
                    "uv": [10,3,8,4],
                    "texture": "#wand"
                },
                "west": {
                    "uv": [9,2,10,4],
                    "texture": "#wand"
                },
                "east": {
                    "uv": [8,2,9,4],
                    "texture": "#wand"
                },
                "north": {
                    "uv": [8,2,10,4],
                    "texture": "#wand"
                }
            }
        },
        {
            "from": [11,13,7],
            "to": [11.5,15,9],
            "faces": {
                "up": {
                    "uv": [10,0,8,1],
                    "texture": "#wand",
                    "rotation": 90
                },
                "down": {
                    "uv": [8,1,10,2],
                    "texture": "#wand",
                    "rotation": 90
                },
                "east": {
                    "uv": [8,0,10,2],
                    "texture": "#wand"
                },
                "north": {
                    "uv": [9,0,10,2],
                    "texture": "#wand"
                },
                "south": {
                    "uv": [8,0,9,2],
                    "texture": "#wand"
                }
            }
        },
        {
            "from": [7,13,11],
            "to": [9,15,11.5],
            "faces": {
                "up": {
                    "uv": [6,2,8,3],
                    "texture": "#wand"
                },
                "down": {
                    "uv": [6,3,8,4],
                    "texture": "#wand"
                },
                "west": {
                    "uv": [6,2,7,4],
                    "texture": "#wand"
                },
                "east": {
                    "uv": [7,2,8,4],
                    "texture": "#wand"
                },
                "south": {
                    "uv": [6,2,8,4],
                    "texture": "#wand"
                }
            }
        },
        {
            "from": [4.5,13,7],
            "to": [5,15,9],
            "faces": {
                "up": {
                    "uv": [6,0,8,1],
                    "texture": "#wand",
                    "rotation": 90
                },
                "down": {
                    "uv": [8,1,6,2],
                    "texture": "#wand",
                    "rotation": 90
                },
                "west": {
                    "uv": [6,0,8,2],
                    "texture": "#wand"
                },
                "north": {
                    "uv": [6,0,7,2],
                    "texture": "#wand"
                },
                "south": {
                    "uv": [7,0,8,2],
                    "texture": "#wand"
                }
            }
        }
    ]
}