{
    "parent": "item/jhsy/wand_fire_3",
    "display": {
		"firstperson_righthand": {
            "rotation": [ 0, 90, 0 ],
            "translation": [ 1, 1, 0 ],
            "scale": [ 0.8, 0.8, 0.8 ]
		},
        "thirdperson_righthand": {
            "rotation": [ 10, 0, 0 ],
            "translation": [ 0, 7.5, 3 ],
            "scale": [ 1, 1, 1 ]
		},
		"gui": {
			"rotation": [ 45, 25, -45 ],
			"translation": [ 0, 0, 0 ],
			"scale": [ 0.7, 0.7, 0.7 ]
		},
        "ground": {
            "rotation": [ 0, 0, 0 ],
            "translation": [ 0, 4, 0 ],
            "scale": [ 0.5, 0.5, 0.5 ]
        }
    }
}
