{
    "__createdwith": "opl's Model Creator",
    "ambientocclusion": false,
    "textures": {
        "bottom": "3d/candle_wall",
        "candle": "blocks/redstone_torch_off",
        "particle": "blocks/wool_colored_black"
    },
    "elements": [
        {
            "from": [6,2,6],
            "to": [10,8,10],
            "faces": {
                "up": {
                    "uv": [0,12,4,16],
                    "texture": "#candle"
                },
                "west": {
                    "uv": [6,10,10,16],
                    "texture": "#candle"
                },
                "east": {
                    "uv": [6,10,10,16],
                    "texture": "#candle"
                },
                "north": {
                    "uv": [6,10,10,16],
                    "texture": "#candle"
                },
                "south": {
                    "uv": [6,10,10,16],
                    "texture": "#candle"
                }
            }
        },
        {
            "from": [7.5,8,7.5],
            "to": [8.5,9,8.5],
            "faces": {
                "up": {
                    "uv": [8,9,9,10],
                    "texture": "#candle"
                },
                "west": {
                    "uv": [8,9,9,10],
                    "texture": "#candle"
                },
                "east": {
                    "uv": [8,9,9,10],
                    "texture": "#candle"
                },
                "north": {
                    "uv": [8,9,9,10],
                    "texture": "#candle"
                },
                "south": {
                    "uv": [8,9,9,10],
                    "texture": "#candle"
                }
            }
        },
        {
            "from": [5,0,5],
            "to": [11,1,11],
            "faces": {
                "up": {
                    "uv": [4,8,10,14],
                    "texture": "#bottom"
                },
                "down": {
                    "uv": [4,8,10,14],
                    "texture": "#bottom"
                },
                "west": {
                    "uv": [10,13,16,14],
                    "texture": "#bottom"
                },
                "east": {
                    "uv": [10,13,16,14],
                    "texture": "#bottom"
                },
                "north": {
                    "uv": [10,13,16,14],
                    "texture": "#bottom"
                },
                "south": {
                    "uv": [10,13,16,14],
                    "texture": "#bottom"
                }
            }
        },
        {
            "from": [6,1,6],
            "to": [10,2,10],
            "faces": {
                "down": {
                    "uv": [0,12,4,16],
                    "texture": "#bottom"
                },
                "west": {
                    "uv": [0,11,4,12],
                    "texture": "#bottom"
                },
                "east": {
                    "uv": [0,11,4,12],
                    "texture": "#bottom"
                },
                "north": {
                    "uv": [0,11,4,12],
                    "texture": "#bottom"
                },
                "south": {
                    "uv": [0,11,4,12],
                    "texture": "#bottom"
                }
            }
        }
    ]
}