{
"__comment": "Designed by Hypixel minecraft server with BDcraft Cubik PRO 0.92 Beta - http://bdcraft.net",
"textures": {
    "texture": "3d/shotgun1"
},
"elements": [ 
{
    "from": [ 11.5, 9.5, 7.5 ],
    "to": [ 15.5, 11.5, 8.5 ],
    "faces": {
        "down":  { "uv": [ 11.5, 6, 15.5, 6.5 ], "texture": "#texture" },
        "up":    { "uv": [ 11.5, 4.5, 15.5, 5 ], "texture": "#texture" },
        "north": { "uv": [ 15.5, 4.5, 11.5, 6.5 ], "texture": "#texture" },
        "south": { "uv": [ 11.5, 4.5, 15.5, 6.5 ], "texture": "#texture" },
        "west":  { "uv": [ 11.5, 4.5, 12, 6.5 ], "texture": "#texture" },
        "east":  { "uv": [ 15, 4.5, 15.5, 6.5 ], "texture": "#texture" }
    }
},
{
    "from": [ 11.5, 10, 7 ],
    "to": [ 15.5, 11, 9 ],
    "faces": {
        "down":  { "uv": [ 11.5, 5.5, 15.5, 6 ], "texture": "#texture" },
        "up":    { "uv": [ 11.5, 5, 15.5, 5.5 ], "texture": "#texture" },
        "north": { "uv": [ 15.5, 5, 11.5, 6 ], "texture": "#texture" },
        "south": { "uv": [ 11.5, 5, 15.5, 6 ], "texture": "#texture" },
        "west":  { "uv": [ 12.5, 5, 14.5, 6 ], "texture": "#texture" },
        "east":  { "uv": [ 15, 5, 15.5, 6 ], "texture": "#texture" }
    }
},
{
    "from": [ 11.5, 9.75, 7.25 ],
    "to": [ 15.5, 11.25, 8.75 ],
    "faces": {
        "down":  { "uv": [ 11.5, 6, 15.5, 6.5 ], "texture": "#texture" },
        "up":    { "uv": [ 11.5, 4.5, 15.5, 5 ], "texture": "#texture" },
        "north": { "uv": [ 15.5, 4.75, 11.5, 6.25 ], "texture": "#texture" },
        "south": { "uv": [ 11.5, 4.75, 15.5, 6.25 ], "texture": "#texture" },
        "west":  { "uv": [ 11.5, 4.75, 12, 6.25 ], "texture": "#texture" },
        "east":  { "uv": [ 15, 4.75, 15.5, 6.25 ], "texture": "#texture" }
    }
},
{
    "from": [ 11, 10, 7.75 ],
    "to": [ 11.5, 11, 8.25 ],
    "faces": {
        "down":  { "uv": [ 11, 5, 11.5, 5.5 ], "texture": "#texture" },
        "up":    { "uv": [ 11, 5, 11.5, 5.5 ], "texture": "#texture" },
        "north": { "uv": [ 4.5, 5, 5, 6 ], "texture": "#texture" },
        "south": { "uv": [ 11, 5, 11.5, 6 ], "texture": "#texture" }
    }
},
{
    "from": [ 11, 10.25, 7.5 ],
    "to": [ 11.5, 10.75, 8.5 ],
    "faces": {
        "down":  { "uv": [ 11, 5, 11.5, 6 ], "texture": "#texture" },
        "up":    { "uv": [ 11, 5, 11.5, 6 ], "texture": "#texture" },
        "north": { "uv": [ 4.5, 5.25, 5, 5.75 ], "texture": "#texture" },
        "south": { "uv": [ 11, 5.25, 11.5, 5.75 ], "texture": "#texture" }
    }
},
{
    "from": [ 7.5, 9, 7.5 ],
    "to": [ 11, 11, 8.5 ],
    "faces": {
        "down":  { "uv": [ 7.5, 6.5, 11, 7 ], "texture": "#texture" },
        "up":    { "uv": [ 7.5, 5, 11, 5.5 ], "texture": "#texture" },
        "north": { "uv": [ 11, 5, 7.5, 7 ], "texture": "#texture" },
        "south": { "uv": [ 7.5, 5, 11, 7 ], "texture": "#texture" },
        "west":  { "uv": [ 7.5, 5, 8, 7 ], "texture": "#texture" },
        "east":  { "uv": [ 10.5, 5, 11, 7 ], "texture": "#texture" }
    }
},
{
    "from": [ 7.5, 9.5, 7.25 ],
    "to": [ 11, 10.25, 8.75 ],
    "faces": {
        "down":  { "uv": [ 7.5, 6, 11, 6.5 ], "texture": "#texture" },
        "up":    { "uv": [ 7.5, 5, 11, 5.5 ], "texture": "#texture" },
        "north": { "uv": [ 11, 5.75, 7.5, 6.5 ], "texture": "#texture" },
        "south": { "uv": [ 7.5, 5.75, 11, 6.5 ], "texture": "#texture" },
        "west":  { "uv": [ 7.25, 5.75, 8.75, 6.5 ], "texture": "#texture" },
        "east":  { "uv": [ 8.5, 5.75, 10, 6.5 ], "texture": "#texture" }
    }
},
{
    "from": [ 8.5, 10, 7 ],
    "to": [ 11, 11, 9 ],
    "faces": {
        "down":  { "uv": [ 8.5, 5.5, 11, 6 ], "texture": "#texture" },
        "up":    { "uv": [ 8.5, 5, 11, 5.5 ], "texture": "#texture" },
        "north": { "uv": [ 11, 5, 8.5, 6 ], "texture": "#texture" },
        "south": { "uv": [ 8.5, 5, 11, 6 ], "texture": "#texture" },
        "west":  { "uv": [ 8.5, 5, 10.5, 6 ], "texture": "#texture" },
        "east":  { "uv": [ 10.5, 5, 11, 6 ], "texture": "#texture" }
    }
},
{
    "from": [ 8.5, 11, 7.25 ],
    "to": [ 11, 11.25, 8.75 ],
    "faces": {
        "up":    { "uv": [ 8.5, 4.5, 11, 5 ], "texture": "#texture" },
        "north": { "uv": [ 8.5, 4.75, 11, 5 ], "texture": "#texture" },
        "south": { "uv": [ 8.5, 4.75, 11, 5 ], "texture": "#texture" },
        "west":  { "uv": [ 8.5, 4.75, 10, 5 ], "texture": "#texture" },
        "east":  { "uv": [ 8.5, 4.75, 10, 5 ], "texture": "#texture" }
    }
},
{
    "from": [ 8.5, 11.25, 7.5 ],
    "to": [ 11, 11.5, 8.5 ],
    "faces": {
        "up":    { "uv": [ 8.5, 4.5, 11, 5 ], "texture": "#texture" },
        "north": { "uv": [ 8.5, 4.5, 11, 4.75 ], "texture": "#texture" },
        "south": { "uv": [ 8.5, 4.5, 11, 4.75 ], "texture": "#texture" },
        "west":  { "uv": [ 8.5, 4.5, 9.5, 4.75 ], "texture": "#texture" },
        "east":  { "uv": [ 8.5, 4.5, 9.5, 4.75 ], "texture": "#texture" }
    }
},
{
    "from": [ 5, 10, 7 ],
    "to": [ 7.5, 11, 9 ],
    "faces": {
        "down":  { "uv": [ 5, 6, 7.5, 5.5 ], "texture": "#texture" },
        "up":    { "uv": [ 5, 5, 7.5, 5.5 ], "texture": "#texture" },
        "north": { "uv": [ 7.5, 5, 5, 6 ], "texture": "#texture" },
        "south": { "uv": [ 5, 5, 7.5, 6 ], "texture": "#texture" },
        "west":  { "uv": [ 5, 5, 5.5, 6 ], "texture": "#texture" },
        "east":  { "uv": [ 7, 5, 7.5, 6 ], "texture": "#texture" }
    }
},
{
    "from": [ 4.5, 11, 7.25 ],
    "to": [ 7.5, 11.25, 8.75 ],
    "faces": {
        "down":  { "uv": [ 4.5, 4.5, 7.5, 5 ], "texture": "#texture" },
        "up":    { "uv": [ 4.5, 4.5, 7.5, 5 ], "texture": "#texture" },
        "north": { "uv": [ 7.5, 4.5, 4.5, 4.75 ], "texture": "#texture" },
        "south": { "uv": [ 4.5, 4.5, 7.5, 4.75 ], "texture": "#texture" },
        "west":  { "uv": [ 4.5, 4.5, 5, 5 ], "texture": "#texture" },
        "east":  { "uv": [ 5, 4.5, 5.5, 5 ], "texture": "#texture" }
    }
},
{
    "from": [ 4.5, 11.25, 7.5 ],
    "to": [ 7.5, 11.5, 8.5 ],
    "faces": {
        "up":    { "uv": [ 4.5, 4.5, 7.5, 5 ], "texture": "#texture" },
        "north": { "uv": [ 7.5, 4.5, 4.5, 4.75 ], "texture": "#texture" },
        "south": { "uv": [ 4.5, 4.5, 7.5, 4.75 ], "texture": "#texture" },
        "west":  { "uv": [ 4.5, 4.5, 5, 5 ], "texture": "#texture" },
        "east":  { "uv": [ 5, 4.5, 5.5, 5 ], "texture": "#texture" }
    }
},
{
    "from": [ 7.5, 11, 7.75 ],
    "to": [ 8, 11.5, 8.25 ],
    "faces": {
        "up":    { "uv": [ 7.5, 4.5, 8, 5 ], "texture": "#texture" },
        "north": { "uv": [ 7.5, 4.5, 8, 5 ], "texture": "#texture" },
        "south": { "uv": [ 7.5, 4.5, 8, 5 ], "texture": "#texture" },
        "west":  { "uv": [ 7.5, 4.5, 8, 5 ], "texture": "#texture" },
        "east":  { "uv": [ 7.5, 4.5, 8, 5 ], "texture": "#texture" }
    }
},
{
    "from": [ 5, 9.75, 7.25 ],
    "to": [ 7.5, 10, 8.75 ],
    "faces": {
        "down":  { "uv": [ 5, 6, 7.5, 6.5 ], "texture": "#texture" },
        "north": { "uv": [ 7.5, 6, 5, 6.25 ], "texture": "#texture" },
        "south": { "uv": [ 5, 6, 7.5, 6.25 ], "texture": "#texture" }
    }
},
{
    "from": [ 5, 9.5, 7.5 ],
    "to": [ 7.5, 9.75, 8.5 ],
    "faces": {
        "down":  { "uv": [ 5, 6, 7.5, 6.5 ], "texture": "#texture" },
        "north": { "uv": [ 7.5, 6.25, 5, 6.5 ], "texture": "#texture" },
        "south": { "uv": [ 5, 6.25, 7.5, 6.5 ], "texture": "#texture" }
    }
},
{
    "from": [ 7.5, 8.5, 7.25 ],
    "to": [ 10.5, 9.5, 8.75 ],
    "faces": {
        "down":  { "uv": [ 7.5, 7, 10.5, 7.5 ], "texture": "#texture" },
        "north": { "uv": [ 7.5, 6.5, 10.5, 7.5 ], "texture": "#texture" },
        "south": { "uv": [ 7.5, 6.5, 10.5, 7.5 ], "texture": "#texture" },
        "west":  { "uv": [ 7.5, 6.5, 9, 7.5 ], "texture": "#texture" },
        "east":  { "uv": [ 7.5, 6.5, 9, 7.5 ], "texture": "#texture" }
    }
},
{
    "from": [ 7.5, 7.5, 7.5 ],
    "to": [ 10, 8.5, 8.5 ],
    "faces": {
        "down":  { "uv": [ 7.5, 8, 10, 8.5 ], "texture": "#texture" },
        "north": { "uv": [ 7.5, 7.5, 10, 8.5 ], "texture": "#texture" },
        "south": { "uv": [ 7.5, 7.5, 10, 8.5 ], "texture": "#texture" },
        "west":  { "uv": [ 7.5, 7.5, 8.5, 8.5 ], "texture": "#texture" },
        "east":  { "uv": [ 7.5, 7.5, 8.5, 8.5 ], "texture": "#texture" }
    }
},
{
    "from": [ 7, 9, 7.5 ],
    "to": [ 7.5, 9.5, 8.5 ],
    "faces": {
        "down":  { "uv": [ 7.5, 5.5, 8, 6.5 ], "texture": "#texture" },
        "north": { "uv": [ 7, 6.5, 7.5, 7 ], "texture": "#texture" },
        "south": { "uv": [ 7, 6.5, 7.5, 7 ], "texture": "#texture" }
    }
},
{
    "from": [ 5.5, 7, 7.75 ],
    "to": [ 7.5, 9, 8.25 ],
    "faces": {
        "down":  { "uv": [ 5.5, 8.5, 7.5, 9 ], "texture": "#texture" },
        "up":    { "uv": [ 5.5, 7, 7.5, 7.5 ], "texture": "#texture" },
        "north": { "uv": [ 7.5, 7, 5.5, 9 ], "texture": "#texture" },
        "south": { "uv": [ 5.5, 7, 7.5, 9 ], "texture": "#texture" },
        "west":  { "uv": [ 5.5, 7, 6, 9 ], "texture": "#texture" },
        "east":  { "uv": [ 7, 7, 7.5, 9 ], "texture": "#texture" }
    }
},
{
    "from": [ 5, 9, 7.5 ],
    "to": [ 7, 9.5, 8.5 ],
    "faces": {
        "north": { "uv": [ 5, 6.5, 7, 7 ], "texture": "#texture" },
        "south": { "uv": [ 5, 6.5, 7, 7 ], "texture": "#texture" }
    }
},
{
    "from": [ 5, 8.5, 7.5 ],
    "to": [ 7, 9, 8.5 ],
    "faces": {
        "down":  { "uv": [ 5, 7, 7, 7.5 ], "texture": "#texture" },
        "north": { "uv": [ 5, 7, 7, 7.5 ], "texture": "#texture" },
        "south": { "uv": [ 5, 7, 7, 7.5 ], "texture": "#texture" },
        "west":  { "uv": [ 5.25, 7, 6.25, 7.5 ], "texture": "#texture" },
        "east":  { "uv": [ 5.25, 7, 6.25, 7.5 ], "texture": "#texture" }
    }
},
{
    "from": [ 4, 7, 7.75 ],
    "to": [ 5.5, 7.5, 8.25 ],
    "faces": {
        "down":  { "uv": [ 4, 8.5, 5.5, 9 ], "texture": "#texture" },
        "up":    { "uv": [ 4, 8.5, 5.5, 9 ], "texture": "#texture" },
        "north": { "uv": [ 4, 8.5, 5.5, 9 ], "texture": "#texture" },
        "south": { "uv": [ 4, 8.5, 5.5, 9 ], "texture": "#texture" }
    }
},
{
    "from": [ 4.5, 9, 7.25 ],
    "to": [ 5, 11, 8.75 ],
    "faces": {
        "down":  { "uv": [ 4.5, 6, 5, 7 ], "texture": "#texture" },
        "north": { "uv": [ 4.5, 5, 5, 7 ], "texture": "#texture" },
        "south": { "uv": [ 4.5, 5, 5, 7 ], "texture": "#texture" },
        "west":  { "uv": [ 4.5, 5, 5, 7 ], "texture": "#texture" },
        "east":  { "uv": [ 4.5, 5, 5, 7 ], "texture": "#texture" }
    }
},
{
    "from": [ 4, 8, 7.25 ],
    "to": [ 4.5, 10.5, 8.75 ],
    "faces": {
        "down":  { "uv": [ 4, 7.5, 4.5, 8 ], "texture": "#texture" },
        "up":    { "uv": [ 4, 5.5, 4.5, 6 ], "texture": "#texture" },
        "north": { "uv": [ 4, 5.5, 4.5, 8 ], "texture": "#texture" },
        "south": { "uv": [ 4, 5.5, 4.5, 8 ], "texture": "#texture" },
        "west":  { "uv": [ 4, 5.5, 4.5, 8 ], "texture": "#texture" },
        "east":  { "uv": [ 4, 5.5, 4.5, 8 ], "texture": "#texture" }
    }
},
{
    "from": [ 3.5, 6.5, 7.25 ],
    "to": [ 4, 10, 8.75 ],
    "faces": {
        "down":  { "uv": [ 3.5, 9, 4, 9.5 ], "texture": "#texture" },
        "up":    { "uv": [ 3.5, 6, 4, 6.5 ], "texture": "#texture" },
        "north": { "uv": [ 3.5, 6, 4, 9.5 ], "texture": "#texture" },
        "south": { "uv": [ 3.5, 6, 4, 9.5 ], "texture": "#texture" },
        "west":  { "uv": [ 3.5, 6, 4, 9.5 ], "texture": "#texture" },
        "east":  { "uv": [ 3.5, 6, 4, 9.5 ], "texture": "#texture" }
    }
},
{
    "from": [ 3, 4.5, 7.25 ],
    "to": [ 3.5, 9.5, 8.75 ],
    "faces": {
        "down":  { "uv": [ 3.5, 11.5, 3, 11 ], "texture": "#texture" },
        "up":    { "uv": [ 3, 6.5, 3.5, 7 ], "texture": "#texture" },
        "north": { "uv": [ 3, 6.5, 3.5, 11.5 ], "texture": "#texture" },
        "south": { "uv": [ 3, 6.5, 3.5, 11.5 ], "texture": "#texture" },
        "east":  { "uv": [ 3, 6.5, 3.5, 11.5 ], "texture": "#texture" }
    }
},
{
    "from": [ 2.5, 4.5, 7.25 ],
    "to": [ 3, 9.5, 8.75 ],
    "faces": {
        "down":  { "uv": [ 2.5, 11, 3, 11.5 ], "texture": "#texture" },
        "up":    { "uv": [ 2.5, 6.5, 3, 7 ], "texture": "#texture" },
        "north": { "uv": [ 2.5, 6.5, 3, 11.5 ], "texture": "#texture" },
        "south": { "uv": [ 2.5, 6.5, 3, 11.5 ], "texture": "#texture" },
        "west":  { "uv": [ 2.5, 6.5, 3, 11.5 ], "texture": "#texture" }
    }
},
{
    "from": [ 2, 4.5, 7.25 ],
    "to": [ 2.5, 8.5, 8.75 ],
    "faces": {
        "down":  { "uv": [ 2, 11, 2.5, 11.5 ], "texture": "#texture" },
        "up":    { "uv": [ 2, 7.5, 2.5, 8 ], "texture": "#texture" },
        "north": { "uv": [ 2, 7.5, 2.5, 11.5 ], "texture": "#texture" },
        "south": { "uv": [ 2, 7.5, 2.5, 11.5 ], "texture": "#texture" },
        "west":  { "uv": [ 2, 7.5, 2.5, 11.5 ], "texture": "#texture" }
    }
},
{
    "from": [ 1.5, 4.5, 7.25 ],
    "to": [ 2, 7.5, 8.75 ],
    "faces": {
        "down":  { "uv": [ 1.5, 11, 2, 11.5 ], "texture": "#texture" },
        "up":    { "uv": [ 1.5, 8.5, 2, 9 ], "texture": "#texture" },
        "north": { "uv": [ 1.5, 8.5, 2, 11.5 ], "texture": "#texture" },
        "south": { "uv": [ 1.5, 8.5, 2, 11.5 ], "texture": "#texture" },
        "west":  { "uv": [ 1.5, 8.5, 2, 11.5 ], "texture": "#texture" }
    }
},
{
    "from": [ 1, 5, 7.25 ],
    "to": [ 1.5, 6.5, 8.75 ],
    "faces": {
        "down":  { "uv": [ 1, 10.5, 1.5, 11 ], "texture": "#texture" },
        "up":    { "uv": [ 1, 9.5, 1.5, 10 ], "texture": "#texture" },
        "north": { "uv": [ 1, 9.5, 1.5, 11 ], "texture": "#texture" },
        "south": { "uv": [ 1, 9.5, 1.5, 11 ], "texture": "#texture" },
        "west":  { "uv": [ 1, 9.5, 1.5, 11 ], "texture": "#texture" }
    }
},
{
    "from": [ 0.5, 5, 7.5 ],
    "to": [ 1, 5.5, 8.5 ],
    "faces": {
        "down":  { "uv": [ 0.5, 10.5, 1, 11 ], "texture": "#texture" },
        "up":    { "uv": [ 0.5, 10.5, 1, 11 ], "texture": "#texture" },
        "north": { "uv": [ 0.5, 10.5, 1, 11 ], "texture": "#texture" },
        "south": { "uv": [ 0.5, 10.5, 1, 11 ], "texture": "#texture" },
        "west":  { "uv": [ 0.5, 10.5, 1, 11 ], "texture": "#texture" }
    }
},
{
    "from": [ 4, 10.5, 7.5 ],
    "to": [ 4.5, 11, 8.5 ],
    "faces": {
        "up":    { "uv": [ 4, 5, 4.5, 5.5 ], "texture": "#texture" },
        "north": { "uv": [ 4, 5, 4.5, 5.5 ], "texture": "#texture" },
        "south": { "uv": [ 4, 5, 4.5, 5.5 ], "texture": "#texture" },
        "west":  { "uv": [ 4, 5, 4.5, 5.5 ], "texture": "#texture" }
    }
},
{
    "from": [ 3.5, 10, 7.5 ],
    "to": [ 4, 10.5, 8.5 ],
    "faces": {
        "up":    { "uv": [ 4, 5, 4.5, 5.5 ], "texture": "#texture" },
        "north": { "uv": [ 4, 5, 4.5, 5.5 ], "texture": "#texture" },
        "south": { "uv": [ 4, 5, 4.5, 5.5 ], "texture": "#texture" },
        "west":  { "uv": [ 4, 5, 4.5, 5.5 ], "texture": "#texture" }
    }
},
{
    "from": [ 3, 9.5, 7.5 ],
    "to": [ 3.5, 10, 8.5 ],
    "faces": {
        "up":    { "uv": [ 4, 5, 4.5, 5.5 ], "texture": "#texture" },
        "north": { "uv": [ 4, 5, 4.5, 5.5 ], "texture": "#texture" },
        "south": { "uv": [ 4, 5, 4.5, 5.5 ], "texture": "#texture" },
        "west":  { "uv": [ 4, 5, 4.5, 5.5 ], "texture": "#texture" }
    }
},
{
    "from": [ 3.5, 8.5, 7 ],
    "to": [ 4, 9.5, 9 ],
    "faces": {
        "down":  { "uv": [ 3.5, 7, 4, 7.5 ], "texture": "#texture" },
        "up":    { "uv": [ 3.5, 6.5, 4, 7 ], "texture": "#texture" },
        "north": { "uv": [ 3.5, 6.5, 4, 7.5 ], "texture": "#texture" },
        "south": { "uv": [ 3.5, 6.5, 4, 7.5 ], "texture": "#texture" },
        "west":  { "uv": [ 3.5, 6.5, 4, 7.5 ], "texture": "#texture" },
        "east":  { "uv": [ 3.5, 6.5, 4, 7.5 ], "texture": "#texture" }
    }
},
{
    "from": [ 3, 7.5, 7 ],
    "to": [ 3.5, 8.5, 9 ],
    "faces": {
        "down":  { "uv": [ 3, 8, 3.5, 8.5 ], "texture": "#texture" },
        "up":    { "uv": [ 3, 7.5, 3.5, 8 ], "texture": "#texture" },
        "north": { "uv": [ 3, 7.5, 3.5, 8.5 ], "texture": "#texture" },
        "south": { "uv": [ 3, 7.5, 3.5, 8.5 ], "texture": "#texture" },
        "west":  { "uv": [ 3, 7.5, 3.5, 8.5 ], "texture": "#texture" },
        "east":  { "uv": [ 3, 7.5, 3.5, 8.5 ], "texture": "#texture" }
    }
},
{
    "from": [ 2.5, 6.5, 7 ],
    "to": [ 3, 7.5, 9 ],
    "faces": {
        "up":    { "uv": [ 2.5, 8.5, 3, 9.5 ], "texture": "#texture" },
        "north": { "uv": [ 2.5, 8.5, 3, 9.5 ], "texture": "#texture" },
        "south": { "uv": [ 2.5, 8.5, 3, 9.5 ], "texture": "#texture" },
        "west":  { "uv": [ 2.5, 8.5, 3, 9.5 ], "texture": "#texture" },
        "east":  { "uv": [ 2.5, 8.5, 3, 9.5 ], "texture": "#texture" }
    }
},
{
    "from": [ 2, 5.5, 7 ],
    "to": [ 3, 6.5, 9 ],
    "faces": {
        "up":    { "uv": [ 2, 9.5, 3, 10 ], "texture": "#texture" },
        "north": { "uv": [ 2, 9.5, 3, 10.5 ], "texture": "#texture" },
        "south": { "uv": [ 2, 9.5, 3, 10.5 ], "texture": "#texture" },
        "west":  { "uv": [ 2, 9.5, 3, 10.5 ], "texture": "#texture" },
        "east":  { "uv": [ 2, 9.5, 3, 10.5 ], "texture": "#texture" }
    }
},
{
    "from": [ 1.5, 5, 7 ],
    "to": [ 3, 5.5, 9 ],
    "faces": {
        "down":  { "uv": [ 1.5, 10.5, 3, 11 ], "texture": "#texture" },
        "up":    { "uv": [ 1.5, 10.5, 3, 11 ], "texture": "#texture" },
        "north": { "uv": [ 1.5, 10.5, 3, 11 ], "texture": "#texture" },
        "south": { "uv": [ 1.5, 10.5, 3, 11 ], "texture": "#texture" },
        "west":  { "uv": [ 1.5, 10.5, 3, 11 ], "texture": "#texture" },
        "east":  { "uv": [ 1.5, 10.5, 3, 11 ], "texture": "#texture" }
    }
}
],
"display": {
    "thirdperson_righthand": {
        "rotation": [ 65, 90, 0 ],
        "translation": [ 0.38, 3.59, 0.57 ],
        "scale": [ 1.3, 1.3, 1.3 ]
    },
    "thirdperson_lefthand": {
        "rotation": [ 65, -90, 0 ],
        "translation": [ 0.38, 3.59, 0.57 ],
        "scale": [ 1.3, 1.3, 1.3 ]
    },
    "ground": {
        "rotation": [ 0, 0, 0 ],
        "translation": [ 0, 1.89, 0 ],
        "scale": [ 1.4, 1.2, 1.2 ]
    },
    "firstperson_righthand": {
        "rotation": [ 0, 92, 0 ],
        "translation": [ -1.32, 1.7, -3.02 ],
        "scale": [ 1.2, 1.2, 1.2 ]
    },
    "firstperson_lefthand": {
        "rotation": [ 0, -92, 0 ],
        "translation": [ -1.32, 1.7, -3.02 ],
        "scale": [ 1.2, 1.2, 1.2 ]
    },
    "gui": {
        "rotation": [ 0, 0, -38 ],
        "translation": [ -0.57, -0.19, 0 ],
        "scale": [ -1.3, 1, -1 ]
    }
}
}