{
"__comment": "Designed by Corporalblober with BDcraft Cubik PRO 0.95 Beta - http://bdcraft.net",
"textures": {
    "particle": "blocks/anvil 1",
    "texture": "blocks/anvil 1"
},
"elements": [ 
{
    "from": [ -7.25, 9.75, 7.75 ],
    "to": [ -1, 10.25, 8.25 ],
    "faces": {
        "down":  { "uv": [ 16, 8.25, 16, 7.75 ], "texture": "#texture", "cullface": "west" },
        "up":    { "uv": [ 0, 7.75, 0, 8.25 ], "texture": "#texture", "cullface": "west" },
        "north": { "uv": [ 16, 5.75, 16, 6.25 ], "texture": "#texture", "cullface": "west" },
        "south": { "uv": [ 0, 5.75, 0, 6.25 ], "texture": "#texture", "cullface": "west" },
        "west":  { "uv": [ 7.75, 5.75, 8.25, 6.25 ], "texture": "#texture", "cullface": "west" },
        "east":  { "uv": [ 7.75, 5.75, 8.25, 6.25 ], "texture": "#texture", "cullface": "west" }
    }
},
{
    "from": [ -8.75, 10.25, 7.75 ],
    "to": [ -7.25, 10.5, 8.25 ],
    "faces": {
        "down":  { "uv": [ 16, 8.25, 16, 7.75 ], "texture": "#texture", "cullface": "west" },
        "up":    { "uv": [ 0, 7.75, 0, 8.25 ], "texture": "#texture", "cullface": "west" },
        "north": { "uv": [ 16, 5.5, 16, 5.75 ], "texture": "#texture", "cullface": "west" },
        "south": { "uv": [ 0, 5.5, 0, 5.75 ], "texture": "#texture", "cullface": "west" },
        "west":  { "uv": [ 7.75, 5.5, 8.25, 5.75 ], "texture": "#texture", "cullface": "west" },
        "east":  { "uv": [ 7.75, 5.5, 8.25, 5.75 ], "texture": "#texture", "cullface": "west" }
    }
},
{
    "from": [ -8.75, 9.75, 7.5 ],
    "to": [ -7.25, 10.25, 7.75 ],
    "faces": {
        "down":  { "uv": [ 16, 7.75, 16, 7.5 ], "texture": "#texture", "cullface": "west" },
        "up":    { "uv": [ 0, 7.5, 0, 7.75 ], "texture": "#texture", "cullface": "west" },
        "north": { "uv": [ 16, 5.75, 16, 6.25 ], "texture": "#texture", "cullface": "west" },
        "south": { "uv": [ 0, 5.75, 0, 6.25 ], "texture": "#texture", "cullface": "west" },
        "west":  { "uv": [ 7.5, 5.75, 7.75, 6.25 ], "texture": "#texture", "cullface": "west" },
        "east":  { "uv": [ 8.25, 5.75, 8.5, 6.25 ], "texture": "#texture", "cullface": "west" }
    }
},
{
    "from": [ -8.75, 9.75, 8.25 ],
    "to": [ -7.25, 10.25, 8.5 ],
    "faces": {
        "down":  { "uv": [ 16, 8.5, 16, 8.25 ], "texture": "#texture", "cullface": "west" },
        "up":    { "uv": [ 0, 8.25, 0, 8.5 ], "texture": "#texture", "cullface": "west" },
        "north": { "uv": [ 16, 5.75, 16, 6.25 ], "texture": "#texture", "cullface": "west" },
        "south": { "uv": [ 0, 5.75, 0, 6.25 ], "texture": "#texture", "cullface": "west" },
        "west":  { "uv": [ 8.25, 5.75, 8.5, 6.25 ], "texture": "#texture", "cullface": "west" },
        "east":  { "uv": [ 7.5, 5.75, 7.75, 6.25 ], "texture": "#texture", "cullface": "west" }
    }
},
{
    "from": [ -8.75, 9.5, 7.75 ],
    "to": [ -7.25, 9.75, 8.25 ],
    "faces": {
        "down":  { "uv": [ 16, 8.25, 16, 7.75 ], "texture": "#texture", "cullface": "west" },
        "up":    { "uv": [ 0, 7.75, 0, 8.25 ], "texture": "#texture", "cullface": "west" },
        "north": { "uv": [ 16, 6.25, 16, 6.5 ], "texture": "#texture", "cullface": "west" },
        "south": { "uv": [ 0, 6.25, 0, 6.5 ], "texture": "#texture", "cullface": "west" },
        "west":  { "uv": [ 7.75, 6.25, 8.25, 6.5 ], "texture": "#texture", "cullface": "west" },
        "east":  { "uv": [ 7.75, 6.25, 8.25, 6.5 ], "texture": "#texture", "cullface": "west" }
    }
},
{
    "from": [ -2.75, 9.5, 7.75 ],
    "to": [ -2.5, 12.5, 8.25 ],
    "faces": {
        "down":  { "uv": [ 16, 8.25, 16, 7.75 ], "texture": "#texture", "cullface": "west" },
        "up":    { "uv": [ 0, 7.75, 0, 8.25 ], "texture": "#texture", "cullface": "west" },
        "north": { "uv": [ 16, 3.5, 16, 6.5 ], "texture": "#texture", "cullface": "west" },
        "south": { "uv": [ 0, 3.5, 0, 6.5 ], "texture": "#texture", "cullface": "west" },
        "west":  { "uv": [ 7.75, 3.5, 8.25, 6.5 ], "texture": "#texture", "cullface": "west" },
        "east":  { "uv": [ 7.75, 3.5, 8.25, 6.5 ], "texture": "#texture", "cullface": "west" }
    }
},
{
    "from": [ -2.5, 12, 7.75 ],
    "to": [ -2, 12.5, 8.25 ],
    "faces": {
        "down":  { "uv": [ 16, 8.25, 16, 7.75 ], "texture": "#texture", "cullface": "west" },
        "up":    { "uv": [ 0, 7.75, 0, 8.25 ], "texture": "#texture", "cullface": "west" },
        "north": { "uv": [ 16, 3.5, 16, 4 ], "texture": "#texture", "cullface": "west" },
        "south": { "uv": [ 0, 3.5, 0, 4 ], "texture": "#texture", "cullface": "west" },
        "east":  { "uv": [ 7.75, 3.5, 8.25, 4 ], "texture": "#texture", "cullface": "west" }
    }
},
{
    "from": [ -2.25, 9.75, 7.75 ],
    "to": [ -2, 12.25, 8.25 ],
    "faces": {
        "down":  { "uv": [ 16, 8.5, 15.5, 7.5 ], "texture": "#texture", "cullface": "west" },
        "up":    { "uv": [ 0, 7.5, 0.5, 8.5 ], "texture": "#texture", "cullface": "west" },
        "north": { "uv": [ 15.5, 5.25, 16, 7.25 ], "texture": "#texture", "cullface": "west" },
        "south": { "uv": [ 0, 5.25, 0.5, 7.25 ], "texture": "#texture", "cullface": "west" },
        "west":  { "uv": [ 7.5, 5.25, 8.5, 7.25 ], "texture": "#texture", "cullface": "west" },
        "east":  { "uv": [ 7.5, 5.25, 8.5, 7.25 ], "texture": "#texture", "cullface": "west" }
    }
},
{
    "from": [ -1, 10.5, 7.25 ],
    "to": [ 9.5, 11, 8.75 ],
    "faces": {
        "down":  { "uv": [ 16, 8.75, 6.5, 7.25 ], "texture": "#texture", "cullface": "west" },
        "up":    { "uv": [ 0, 7.25, 9.5, 8.75 ], "texture": "#texture", "cullface": "west" },
        "north": { "uv": [ 6.5, 5, 16, 5.5 ], "texture": "#texture", "cullface": "west" },
        "south": { "uv": [ 0, 5, 9.5, 5.5 ], "texture": "#texture", "cullface": "west" },
        "west":  { "uv": [ 7.25, 5, 8.75, 5.5 ], "texture": "#texture", "cullface": "west" },
        "east":  { "uv": [ 7.25, 5, 8.75, 5.5 ], "texture": "#texture", "cullface": "west" }
    }
},
{
    "from": [ -2.5, 11.5, 7.75 ],
    "to": [ -2.25, 12, 8.25 ],
    "faces": {
        "down":  { "uv": [ 16, 8.25, 16, 7.75 ], "texture": "#texture", "cullface": "west" },
        "north": { "uv": [ 16, 4, 16, 4.5 ], "texture": "#texture", "cullface": "west" },
        "south": { "uv": [ 0, 4, 0, 4.5 ], "texture": "#texture", "cullface": "west" }
    }
},
{
    "from": [ -2.5, 10.5, 7.75 ],
    "to": [ -1, 10.75, 8.25 ],
    "faces": {
        "down":  { "uv": [ 16, 8.25, 16, 7.75 ], "texture": "#texture", "cullface": "west" },
        "up":    { "uv": [ 0, 7.75, 0, 8.25 ], "texture": "#texture", "cullface": "west" },
        "north": { "uv": [ 16, 5.25, 16, 5.5 ], "texture": "#texture", "cullface": "west" },
        "south": { "uv": [ 0, 5.25, 0, 5.5 ], "texture": "#texture", "cullface": "west" }
    }
},
{
    "from": [ -0.25, 9, 7.25 ],
    "to": [ 9.5, 9.5, 8.75 ],
    "faces": {
        "down":  { "uv": [ 16, 8.75, 6.5, 7.25 ], "texture": "#texture", "cullface": "west" },
        "north": { "uv": [ 6.5, 6.5, 16, 7 ], "texture": "#texture", "cullface": "west" },
        "south": { "uv": [ 0, 6.5, 9.5, 7 ], "texture": "#texture", "cullface": "west" },
        "west":  { "uv": [ 7.25, 6.5, 8.75, 7 ], "texture": "#texture", "cullface": "west" }
    }
},
{
    "from": [ 0.25, 10.5, 7 ],
    "to": [ 9.5, 10.75, 9 ],
    "faces": {
        "down":  { "uv": [ 15.75, 9, 6.5, 7 ], "texture": "#texture" },
        "up":    { "uv": [ 0.25, 7, 9.5, 9 ], "texture": "#texture" },
        "north": { "uv": [ 6.5, 5.25, 15.75, 5.5 ], "texture": "#texture" },
        "south": { "uv": [ 0.25, 5.25, 9.5, 5.5 ], "texture": "#texture" },
        "east":  { "uv": [ 7, 5.25, 9, 5.5 ], "texture": "#texture" }
    }
},
{
    "from": [ -0.5, 10.5, 7 ],
    "to": [ 0.25, 10.75, 9 ],
    "faces": {
        "down":  { "uv": [ 16, 9, 15.75, 7 ], "texture": "#texture", "cullface": "west" },
        "up":    { "uv": [ 0, 7, 0.25, 9 ], "texture": "#texture", "cullface": "west" },
        "north": { "uv": [ 15.75, 5.25, 16, 5.5 ], "texture": "#texture", "cullface": "west" },
        "south": { "uv": [ 0, 5.25, 0.25, 5.5 ], "texture": "#texture", "cullface": "west" },
        "west":  { "uv": [ 7, 5.25, 9, 5.5 ], "texture": "#texture", "cullface": "west" }
    }
},
{
    "from": [ 0.25, 8.75, 7.5 ],
    "to": [ 9.5, 9, 8.5 ],
    "faces": {
        "down":  { "uv": [ 15.75, 8.5, 6.5, 7.5 ], "texture": "#texture" },
        "north": { "uv": [ 6.5, 7, 15.75, 7.25 ], "texture": "#texture" },
        "south": { "uv": [ 0.25, 7, 9.5, 7.25 ], "texture": "#texture" },
        "west":  { "uv": [ 7.5, 7, 8.5, 7.25 ], "texture": "#texture" },
        "east":  { "uv": [ 7.5, 7, 8.5, 7.25 ], "texture": "#texture" }
    }
},
{
    "from": [ -3, 8.5, 7.5 ],
    "to": [ 8.75, 8.75, 8.5 ],
    "faces": {
        "down":  { "uv": [ 16, 8.5, 7.25, 7.5 ], "texture": "#texture", "cullface": "west" },
        "up":    { "uv": [ 0, 7.5, 8.75, 8.5 ], "texture": "#texture", "cullface": "west" },
        "north": { "uv": [ 7.25, 7.25, 16, 7.5 ], "texture": "#texture", "cullface": "west" },
        "south": { "uv": [ 0, 7.25, 8.75, 7.5 ], "texture": "#texture", "cullface": "west" },
        "west":  { "uv": [ 7.5, 7.25, 8.5, 7.5 ], "texture": "#texture", "cullface": "west" },
        "east":  { "uv": [ 7.5, 7.25, 8.5, 7.5 ], "texture": "#texture", "cullface": "west" }
    }
},
{
    "from": [ -3, 7.25, 7 ],
    "to": [ 7.25, 8.25, 7.25 ],
    "faces": {
        "down":  { "uv": [ 16, 7.25, 8.75, 7 ], "texture": "#texture", "cullface": "west" },
        "up":    { "uv": [ 0, 7, 7.25, 7.25 ], "texture": "#texture", "cullface": "west" },
        "north": { "uv": [ 8.75, 7.75, 16, 8.75 ], "texture": "#texture", "cullface": "west" },
        "south": { "uv": [ 0, 7.75, 7.25, 8.75 ], "texture": "#texture", "cullface": "west" },
        "west":  { "uv": [ 7, 7.75, 7.25, 8.75 ], "texture": "#texture", "cullface": "west" },
        "east":  { "uv": [ 8.75, 7.75, 9, 8.75 ], "texture": "#texture", "cullface": "west" }
    }
},
{
    "from": [ -3, 8.25, 8.5 ],
    "to": [ 8.25, 8.5, 8.75 ],
    "faces": {
        "down":  { "uv": [ 16, 8.75, 7.75, 8.5 ], "texture": "#texture", "cullface": "west" },
        "up":    { "uv": [ 0, 8.5, 8.25, 8.75 ], "texture": "#texture", "cullface": "west" },
        "north": { "uv": [ 7.75, 7.5, 16, 8 ], "texture": "#texture", "cullface": "west" },
        "south": { "uv": [ 0, 7.5, 8.25, 8 ], "texture": "#texture", "cullface": "west" },
        "west":  { "uv": [ 8.5, 7.5, 8.75, 8 ], "texture": "#texture", "cullface": "west" },
        "east":  { "uv": [ 7.25, 7.5, 7.5, 8 ], "texture": "#texture", "cullface": "west" }
    }
},
{
    "from": [ -3, 6.75, 7.5 ],
    "to": [ 7.25, 7, 8.5 ],
    "faces": {
        "down":  { "uv": [ 16, 8.5, 8.75, 7.5 ], "texture": "#texture", "cullface": "west" },
        "up":    { "uv": [ 0, 7.5, 7.25, 8.5 ], "texture": "#texture", "cullface": "west" },
        "north": { "uv": [ 8.75, 9, 16, 9.25 ], "texture": "#texture", "cullface": "west" },
        "south": { "uv": [ 0, 9, 7.25, 9.25 ], "texture": "#texture", "cullface": "west" },
        "west":  { "uv": [ 7.5, 9, 8.5, 9.25 ], "texture": "#texture", "cullface": "west" },
        "east":  { "uv": [ 7.5, 9, 8.5, 9.25 ], "texture": "#texture", "cullface": "west" }
    }
},
{
    "from": [ -3, 7, 7.25 ],
    "to": [ 7.25, 7.25, 7.5 ],
    "faces": {
        "down":  { "uv": [ 16, 7.5, 8.75, 7.25 ], "texture": "#texture", "cullface": "west" },
        "up":    { "uv": [ 0, 7.25, 7.25, 7.5 ], "texture": "#texture", "cullface": "west" },
        "north": { "uv": [ 8.75, 8.75, 16, 9 ], "texture": "#texture", "cullface": "west" },
        "south": { "uv": [ 0, 8.75, 7.25, 9 ], "texture": "#texture", "cullface": "west" },
        "west":  { "uv": [ 7.25, 8.75, 7.5, 9 ], "texture": "#texture", "cullface": "west" },
        "east":  { "uv": [ 8.5, 8.75, 8.75, 9 ], "texture": "#texture", "cullface": "west" }
    }
},
{
    "from": [ -3, 7, 8.5 ],
    "to": [ 7.25, 7.25, 8.75 ],
    "faces": {
        "down":  { "uv": [ 16, 8.75, 8.75, 8.5 ], "texture": "#texture", "cullface": "west" },
        "up":    { "uv": [ 0, 8.5, 7.25, 8.75 ], "texture": "#texture", "cullface": "west" },
        "north": { "uv": [ 8.75, 8.75, 16, 9.5 ], "texture": "#texture", "cullface": "west" },
        "south": { "uv": [ 0, 8.75, 7.25, 9.5 ], "texture": "#texture", "cullface": "west" },
        "west":  { "uv": [ 8.5, 8.75, 8.75, 9.5 ], "texture": "#texture", "cullface": "west" },
        "east":  { "uv": [ 7.25, 8.75, 7.5, 9.5 ], "texture": "#texture", "cullface": "west" }
    }
},
{
    "from": [ -3, 8.25, 7.25 ],
    "to": [ 8.25, 8.5, 7.5 ],
    "faces": {
        "down":  { "uv": [ 16, 7.5, 7.75, 7.25 ], "texture": "#texture", "cullface": "west" },
        "up":    { "uv": [ 0, 7.25, 8.25, 7.5 ], "texture": "#texture", "cullface": "west" },
        "north": { "uv": [ 7.75, 7.5, 16, 7.75 ], "texture": "#texture", "cullface": "west" },
        "south": { "uv": [ 0, 7.5, 8.25, 7.75 ], "texture": "#texture", "cullface": "west" },
        "west":  { "uv": [ 7.25, 7.5, 7.5, 7.75 ], "texture": "#texture", "cullface": "west" },
        "east":  { "uv": [ 8.5, 7.5, 8.75, 7.75 ], "texture": "#texture", "cullface": "west" }
    }
},
{
    "from": [ -3, 7.25, 8.75 ],
    "to": [ 7.5, 8.25, 9 ],
    "faces": {
        "down":  { "uv": [ 16, 9, 8.5, 8.75 ], "texture": "#texture", "cullface": "west" },
        "up":    { "uv": [ 0, 8.75, 7.5, 9 ], "texture": "#texture", "cullface": "west" },
        "north": { "uv": [ 8.5, 7.75, 16, 8.75 ], "texture": "#texture", "cullface": "west" },
        "south": { "uv": [ 0, 7.75, 7.5, 8.75 ], "texture": "#texture", "cullface": "west" },
        "west":  { "uv": [ 8.75, 7.75, 9, 8.75 ], "texture": "#texture", "cullface": "west" },
        "east":  { "uv": [ 7, 7.75, 7.25, 8.75 ], "texture": "#texture", "cullface": "west" }
    }
},
{
    "from": [ 1.75, 7, 6.75 ],
    "to": [ 7, 8.5, 9.25 ],
    "faces": {
        "down":  { "uv": [ 14.25, 9.25, 9, 6.75 ], "texture": "#texture" },
        "up":    { "uv": [ 1.75, 6.75, 7, 9.25 ], "texture": "#texture" },
        "north": { "uv": [ 9, 7.5, 14.25, 9 ], "texture": "#texture" },
        "south": { "uv": [ 1.75, 7.5, 7, 9 ], "texture": "#texture" },
        "west":  { "uv": [ 6.75, 7.5, 9.25, 9 ], "texture": "#texture" },
        "east":  { "uv": [ 6.75, 7.5, 9.25, 9 ], "texture": "#texture" }
    }
},
{
    "from": [ 1.75, 6.75, 7 ],
    "to": [ 7, 7, 9 ],
    "faces": {
        "down":  { "uv": [ 14.25, 9, 9, 7 ], "texture": "#texture" },
        "north": { "uv": [ 9, 9, 14.25, 9.25 ], "texture": "#texture" },
        "south": { "uv": [ 1.75, 9, 7, 9.25 ], "texture": "#texture" },
        "west":  { "uv": [ 7, 9, 9, 9.25 ], "texture": "#texture" },
        "east":  { "uv": [ 7, 9, 9, 9.25 ], "texture": "#texture" }
    }
},
{
    "from": [ 1.75, 6.5, 7.25 ],
    "to": [ 7, 6.75, 8.75 ],
    "faces": {
        "down":  { "uv": [ 14.25, 8.75, 9, 7.25 ], "texture": "#texture" },
        "north": { "uv": [ 9, 9.25, 14.25, 9.5 ], "texture": "#texture" },
        "south": { "uv": [ 1.75, 9.25, 7, 9.5 ], "texture": "#texture" },
        "west":  { "uv": [ 7.25, 9.25, 8.75, 9.5 ], "texture": "#texture" },
        "east":  { "uv": [ 7.25, 9.25, 8.75, 9.5 ], "texture": "#texture" }
    }
},
{
    "from": [ 7.25, 8, 7 ],
    "to": [ 7.75, 8.25, 9 ],
    "faces": {
        "down":  { "uv": [ 8.75, 9, 8.25, 7 ], "texture": "#texture" },
        "up":    { "uv": [ 7.25, 7, 7.75, 9 ], "texture": "#texture" },
        "north": { "uv": [ 8.25, 7.75, 8.75, 8 ], "texture": "#texture" },
        "south": { "uv": [ 7.25, 7.75, 7.75, 8 ], "texture": "#texture" },
        "west":  { "uv": [ 7, 7.75, 9, 8 ], "texture": "#texture" },
        "east":  { "uv": [ 7, 7.75, 9, 8 ], "texture": "#texture" }
    }
},
{
    "from": [ 7.25, 7.75, 7 ],
    "to": [ 7.5, 8, 9 ],
    "faces": {
        "down":  { "uv": [ 8.75, 9, 8.5, 7 ], "texture": "#texture" },
        "north": { "uv": [ 8.5, 8, 8.75, 8.25 ], "texture": "#texture" },
        "south": { "uv": [ 7.25, 8, 7.5, 8.25 ], "texture": "#texture" },
        "west":  { "uv": [ 7, 8, 9, 8.25 ], "texture": "#texture" },
        "east":  { "uv": [ 7, 8, 9, 8.25 ], "texture": "#texture" }
    }
},
{
    "from": [ 7.25, 7.5, 7.5 ],
    "to": [ 10, 8.75, 8.5 ],
    "faces": {
        "down":  { "uv": [ 8.75, 8.5, 6, 7.5 ], "texture": "#texture" },
        "up":    { "uv": [ 7.25, 7.5, 10, 8.5 ], "texture": "#texture" },
        "north": { "uv": [ 6, 7.25, 8.75, 8.5 ], "texture": "#texture" },
        "south": { "uv": [ 7.25, 7.25, 10, 8.5 ], "texture": "#texture" },
        "west":  { "uv": [ 7.5, 7.25, 8.5, 8.5 ], "texture": "#texture" },
        "east":  { "uv": [ 7.5, 7.25, 8.5, 8.5 ], "texture": "#texture" }
    }
},
{
    "from": [ 7, 7.25, 7.25 ],
    "to": [ 7.25, 7.75, 8.75 ],
    "faces": {
        "down":  { "uv": [ 9, 8.75, 8.75, 7.25 ], "texture": "#texture" },
        "up":    { "uv": [ 7, 7.25, 7.25, 8.75 ], "texture": "#texture" },
        "east":  { "uv": [ 7.25, 8.25, 8.75, 8.75 ], "texture": "#texture" }
    }
},
{
    "from": [ 7, 8.5, 7.25 ],
    "to": [ 8.75, 9, 8.75 ],
    "faces": {
        "down":  { "uv": [ 9, 8.75, 7.25, 7.25 ], "texture": "#texture" },
        "north": { "uv": [ 7.25, 7, 9, 7.5 ], "texture": "#texture" },
        "south": { "uv": [ 7, 7, 8.75, 7.5 ], "texture": "#texture" },
        "west":  { "uv": [ 7.25, 7, 8.75, 7.5 ], "texture": "#texture" },
        "east":  { "uv": [ 7.25, 7, 8.75, 7.5 ], "texture": "#texture" }
    }
},
{
    "from": [ 8.75, 8.75, 7.25 ],
    "to": [ 9.25, 9, 8.75 ],
    "faces": {
        "down":  { "uv": [ 7.25, 8.75, 6.75, 7.25 ], "texture": "#texture" },
        "north": { "uv": [ 6.75, 7, 7.25, 7.25 ], "texture": "#texture" },
        "south": { "uv": [ 8.75, 7, 9.25, 7.25 ], "texture": "#texture" },
        "east":  { "uv": [ 7.25, 7, 8.75, 7.25 ], "texture": "#texture" }
    }
},
{
    "from": [ 7, 7.25, 7.5 ],
    "to": [ 9.25, 7.5, 8.5 ],
    "faces": {
        "down":  { "uv": [ 9, 8.5, 6.75, 7.5 ], "texture": "#texture" },
        "up":    { "uv": [ 7, 7.5, 9.25, 8.5 ], "texture": "#texture" },
        "north": { "uv": [ 6.75, 8.5, 9, 8.75 ], "texture": "#texture" },
        "south": { "uv": [ 7, 8.5, 9.25, 8.75 ], "texture": "#texture" },
        "east":  { "uv": [ 7.5, 8.5, 8.5, 8.75 ], "texture": "#texture" }
    }
},
{
    "from": [ 7, 7, 7.5 ],
    "to": [ 8.25, 7.25, 8.5 ],
    "faces": {
        "down":  { "uv": [ 9, 8.5, 7.75, 7.5 ], "texture": "#texture" },
        "north": { "uv": [ 7.75, 8.75, 9, 9 ], "texture": "#texture" },
        "south": { "uv": [ 7, 8.75, 8.25, 9 ], "texture": "#texture" },
        "east":  { "uv": [ 7.5, 8.75, 8.5, 9 ], "texture": "#texture" }
    }
},
{
    "from": [ 7.75, 5.75, 7.75 ],
    "to": [ 8, 7, 8.25 ],
    "faces": {
        "down":  { "uv": [ 8, 8.25, 7.75, 7.75 ], "texture": "#texture" },
        "north": { "uv": [ 7.75, 9, 8, 10 ], "texture": "#texture" },
        "south": { "uv": [ 8, 9, 8.25, 10 ], "texture": "#texture" },
        "west":  { "uv": [ 7.75, 9, 8.25, 10 ], "texture": "#texture" },
        "east":  { "uv": [ 7.75, 9, 8.25, 10 ], "texture": "#texture" }
    }
},
{
    "from": [ 8.25, 5.75, 7.75 ],
    "to": [ 9.75, 6, 8.25 ],
    "faces": {
        "down":  { "uv": [ 7.5, 8.25, 5.75, 7.75 ], "texture": "#texture" },
        "up":    { "uv": [ 8.5, 7.75, 10.25, 8.25 ], "texture": "#texture" },
        "north": { "uv": [ 5.75, 9.75, 7.5, 10 ], "texture": "#texture" },
        "south": { "uv": [ 8.5, 9.75, 10.25, 10 ], "texture": "#texture" },
        "west":  { "uv": [ 7.75, 9.75, 8.25, 10 ], "texture": "#texture" },
        "east":  { "uv": [ 7.75, 9.75, 8.25, 10 ], "texture": "#texture" }
    }
},
{
    "from": [ 9.5, 9, 7.25 ],
    "to": [ 10.25, 10.75, 8.75 ],
    "faces": {
        "down":  { "uv": [ 6.5, 8.75, 5.75, 7.25 ], "texture": "#texture" },
        "up":    { "uv": [ 9.5, 7.25, 10.25, 8.75 ], "texture": "#texture" },
        "north": { "uv": [ 5.75, 5.25, 6.5, 7 ], "texture": "#texture" },
        "south": { "uv": [ 9.5, 5.25, 10.25, 7 ], "texture": "#texture" },
        "west":  { "uv": [ 7.25, 5.25, 8.75, 7 ], "texture": "#texture" },
        "east":  { "uv": [ 7.25, 5.25, 8.75, 7 ], "texture": "#texture" }
    }
},
{
    "from": [ 10.25, 9.25, 7.5 ],
    "to": [ 10.5, 10.5, 8.5 ],
    "faces": {
        "down":  { "uv": [ 5.75, 8.5, 5.5, 7.5 ], "texture": "#texture" },
        "up":    { "uv": [ 10.25, 7.5, 10.5, 8.5 ], "texture": "#texture" },
        "north": { "uv": [ 5.5, 5.5, 5.75, 6.75 ], "texture": "#texture" },
        "south": { "uv": [ 10.25, 5.5, 10.5, 6.75 ], "texture": "#texture" }
    }
},
{
    "from": [ 10.5, 8.75, 7 ],
    "to": [ 18.25, 11, 9 ],
    "faces": {
        "down":  { "uv": [ 5.5, 9, 0, 7 ], "texture": "#texture", "cullface": "east" },
        "up":    { "uv": [ 10.5, 7, 16, 9 ], "texture": "#texture", "cullface": "east" },
        "north": { "uv": [ 0, 5, 5.5, 7.25 ], "texture": "#texture", "cullface": "east" },
        "south": { "uv": [ 10.5, 5, 16, 7.25 ], "texture": "#texture", "cullface": "east" },
        "west":  { "uv": [ 7, 5, 9, 7.25 ], "texture": "#texture", "cullface": "east" },
        "east":  { "uv": [ 7, 5, 9, 7.25 ], "texture": "#texture", "cullface": "east" }
    }
},
{
    "from": [ 10.75, 7, 7 ],
    "to": [ 12.25, 8.75, 9 ],
    "faces": {
        "down":  { "uv": [ 5.25, 9, 3.75, 7 ], "texture": "#texture" },
        "north": { "uv": [ 3.75, 7.25, 5.25, 9 ], "texture": "#texture" },
        "south": { "uv": [ 10.75, 7.25, 12.25, 9 ], "texture": "#texture" },
        "west":  { "uv": [ 7, 7.25, 9, 9 ], "texture": "#texture" }
    }
},
{
    "from": [ 12.25, 6.75, 7 ],
    "to": [ 13.75, 8.75, 9 ],
    "faces": {
        "down":  { "uv": [ 3.75, 9, 2.25, 7 ], "texture": "#texture" },
        "north": { "uv": [ 2.25, 7.25, 3.75, 9.25 ], "texture": "#texture" },
        "south": { "uv": [ 12.25, 7.25, 13.75, 9.25 ], "texture": "#texture" },
        "west":  { "uv": [ 7, 7.25, 9, 9.25 ], "texture": "#texture" },
        "east":  { "uv": [ 7, 7.25, 9, 9.25 ], "texture": "#texture" }
    }
},
{
    "from": [ 10.75, 5.5, 7.75 ],
    "to": [ 11, 7, 8.25 ],
    "faces": {
        "down":  { "uv": [ 6, 8.25, 5.75, 7.75 ], "texture": "#texture" },
        "north": { "uv": [ 5.75, 9.25, 6, 10.75 ], "texture": "#texture" },
        "south": { "uv": [ 10, 9.25, 10.25, 10.75 ], "texture": "#texture" },
        "west":  { "uv": [ 7.75, 9.25, 8.25, 10.75 ], "texture": "#texture" }
    }
},
{
    "from": [ 9.75, 6.5, 7.75 ],
    "to": [ 10, 7.75, 8.25 ],
    "faces": {
        "down":  { "uv": [ 8.5, 8.25, 8.25, 7.75 ], "texture": "#texture" },
        "up":    { "uv": [ 7.5, 7.75, 7.75, 8.25 ], "texture": "#texture" },
        "north": { "uv": [ 8.25, 0, 8.5, 1 ], "texture": "#texture" },
        "south": { "uv": [ 7.5, 0, 7.75, 1 ], "texture": "#texture" },
        "west":  { "uv": [ 7.75, 0, 8.25, 1 ], "texture": "#texture" },
        "east":  { "uv": [ 7.75, 0, 8.25, 1 ], "texture": "#texture" }
    }
},
{
    "from": [ -0.5, 9.75, 7 ],
    "to": [ 0, 10, 9 ],
    "faces": {
        "down":  { "uv": [ 16, 9, 16, 7 ], "texture": "#texture", "cullface": "west" },
        "up":    { "uv": [ 0, 7, 0, 9 ], "texture": "#texture", "cullface": "west" },
        "north": { "uv": [ 16, 6, 16, 6.25 ], "texture": "#texture", "cullface": "west" },
        "south": { "uv": [ 0, 6, 0, 6.25 ], "texture": "#texture", "cullface": "west" },
        "west":  { "uv": [ 7, 6, 9, 6.25 ], "texture": "#texture", "cullface": "west" }
    }
},
{
    "from": [ -1, 9.5, 7.25 ],
    "to": [ 9.5, 10, 8.75 ],
    "faces": {
        "down":  { "uv": [ 16, 8.75, 6.5, 7.25 ], "texture": "#texture", "cullface": "west" },
        "up":    { "uv": [ 0, 7.25, 9.5, 8.75 ], "texture": "#texture", "cullface": "west" },
        "north": { "uv": [ 6.5, 6, 16, 6.5 ], "texture": "#texture", "cullface": "west" },
        "south": { "uv": [ 0, 6, 9.5, 6.5 ], "texture": "#texture", "cullface": "west" },
        "west":  { "uv": [ 7.25, 6, 8.75, 6.5 ], "texture": "#texture", "cullface": "west" }
    }
},
{
    "from": [ -1, 10, 7.25 ],
    "to": [ -0.5, 10.5, 8.75 ],
    "faces": {
        "north": { "uv": [ 16, 5.5, 16, 6 ], "texture": "#texture", "cullface": "west" },
        "south": { "uv": [ 0, 5.5, 0, 6 ], "texture": "#texture", "cullface": "west" },
        "west":  { "uv": [ 7.25, 5.5, 8.75, 6 ], "texture": "#texture", "cullface": "west" }
    }
},
{
    "from": [ -0.5, 10, 7 ],
    "to": [ -0.25, 10.5, 9 ],
    "faces": {
        "north": { "uv": [ 16, 5.5, 16, 6 ], "texture": "#texture", "cullface": "west" },
        "south": { "uv": [ 0, 5.5, 0, 6 ], "texture": "#texture", "cullface": "west" },
        "west":  { "uv": [ 7, 5.5, 9, 6 ], "texture": "#texture", "cullface": "west" },
        "east":  { "uv": [ 7, 5.5, 9, 6 ], "texture": "#texture", "cullface": "west" }
    }
},
{
    "from": [ 7.75, 10, 7 ],
    "to": [ 9.5, 10.5, 9 ],
    "faces": {
        "down":  { "uv": [ 8.25, 9, 6.5, 7 ], "texture": "#texture" },
        "north": { "uv": [ 6.5, 5.5, 8.25, 6 ], "texture": "#texture" },
        "south": { "uv": [ 7.75, 5.5, 9.5, 6 ], "texture": "#texture" },
        "west":  { "uv": [ 7, 5.5, 9, 6 ], "texture": "#texture" },
        "east":  { "uv": [ 7, 5.5, 9, 6 ], "texture": "#texture" }
    }
},
{
    "from": [ 0.25, 10, 7 ],
    "to": [ 1.25, 10.5, 9 ],
    "faces": {
        "down":  { "uv": [ 15.75, 9, 14.75, 7 ], "texture": "#texture" },
        "north": { "uv": [ 14.75, 5.5, 15.75, 6 ], "texture": "#texture" },
        "south": { "uv": [ 0.25, 5.5, 1.25, 6 ], "texture": "#texture" },
        "west":  { "uv": [ 7, 5.5, 9, 6 ], "texture": "#texture" },
        "east":  { "uv": [ 7, 5.5, 9, 6 ], "texture": "#texture" }
    }
},
{
    "from": [ 1.75, 10, 7 ],
    "to": [ 2.75, 10.5, 9 ],
    "faces": {
        "down":  { "uv": [ 14.25, 9, 13.25, 7 ], "texture": "#texture" },
        "north": { "uv": [ 13.25, 5.5, 14.25, 6 ], "texture": "#texture" },
        "south": { "uv": [ 1.75, 5.5, 2.75, 6 ], "texture": "#texture" },
        "west":  { "uv": [ 7, 5.5, 9, 6 ], "texture": "#texture" },
        "east":  { "uv": [ 7, 5.5, 9, 6 ], "texture": "#texture" }
    }
},
{
    "from": [ 3.25, 10, 7 ],
    "to": [ 4.25, 10.5, 9 ],
    "faces": {
        "down":  { "uv": [ 12.75, 9, 11.75, 7 ], "texture": "#texture" },
        "north": { "uv": [ 11.75, 5.5, 12.75, 6 ], "texture": "#texture" },
        "south": { "uv": [ 3.25, 5.5, 4.25, 6 ], "texture": "#texture" },
        "west":  { "uv": [ 7, 5.5, 9, 6 ], "texture": "#texture" },
        "east":  { "uv": [ 7, 5.5, 9, 6 ], "texture": "#texture" }
    }
},
{
    "from": [ 4.75, 10, 7 ],
    "to": [ 5.75, 10.5, 9 ],
    "faces": {
        "down":  { "uv": [ 11.25, 9, 10.25, 7 ], "texture": "#texture" },
        "north": { "uv": [ 10.25, 5.5, 11.25, 6 ], "texture": "#texture" },
        "south": { "uv": [ 4.75, 5.5, 5.75, 6 ], "texture": "#texture" },
        "west":  { "uv": [ 7, 5.5, 9, 6 ], "texture": "#texture" },
        "east":  { "uv": [ 7, 5.5, 9, 6 ], "texture": "#texture" }
    }
},
{
    "from": [ 6.25, 10, 7 ],
    "to": [ 7.25, 10.5, 9 ],
    "faces": {
        "down":  { "uv": [ 9.75, 9, 8.75, 7 ], "texture": "#texture" },
        "north": { "uv": [ 8.75, 5.5, 9.75, 6 ], "texture": "#texture" },
        "south": { "uv": [ 6.25, 5.5, 7.25, 6 ], "texture": "#texture" },
        "west":  { "uv": [ 7, 5.5, 9, 6 ], "texture": "#texture" },
        "east":  { "uv": [ 7, 5.5, 9, 6 ], "texture": "#texture" }
    }
},
{
    "from": [ 0, 9.5, 7 ],
    "to": [ 0.5, 10, 9 ],
    "faces": {
        "up":    { "uv": [ 0, 7, 0.5, 9 ], "texture": "#texture" },
        "north": { "uv": [ 15.5, 6, 16, 6.5 ], "texture": "#texture" },
        "south": { "uv": [ 0, 6, 0.5, 6.5 ], "texture": "#texture" },
        "west":  { "uv": [ 7, 6, 9, 6.5 ], "texture": "#texture", "cullface": "west" },
        "east":  { "uv": [ 7, 6, 9, 6.5 ], "texture": "#texture" }
    }
},
{
    "from": [ 1, 9.5, 7 ],
    "to": [ 2, 10, 9 ],
    "faces": {
        "up":    { "uv": [ 1, 7, 2, 9 ], "texture": "#texture" },
        "north": { "uv": [ 14, 6, 15, 6.5 ], "texture": "#texture" },
        "south": { "uv": [ 1, 6, 2, 6.5 ], "texture": "#texture" },
        "west":  { "uv": [ 7, 6, 9, 6.5 ], "texture": "#texture" },
        "east":  { "uv": [ 7, 6, 9, 6.5 ], "texture": "#texture" }
    }
},
{
    "from": [ 2.5, 9.5, 7 ],
    "to": [ 3.5, 10, 9 ],
    "faces": {
        "up":    { "uv": [ 2.5, 7, 3.5, 9 ], "texture": "#texture" },
        "north": { "uv": [ 12.5, 6, 13.5, 6.5 ], "texture": "#texture" },
        "south": { "uv": [ 2.5, 6, 3.5, 6.5 ], "texture": "#texture" },
        "west":  { "uv": [ 7, 6, 9, 6.5 ], "texture": "#texture" },
        "east":  { "uv": [ 7, 6, 9, 6.5 ], "texture": "#texture" }
    }
},
{
    "from": [ 4, 9.5, 7 ],
    "to": [ 5, 10, 9 ],
    "faces": {
        "up":    { "uv": [ 4, 7, 5, 9 ], "texture": "#texture" },
        "north": { "uv": [ 11, 6, 12, 6.5 ], "texture": "#texture" },
        "south": { "uv": [ 4, 6, 5, 6.5 ], "texture": "#texture" },
        "west":  { "uv": [ 7, 6, 9, 6.5 ], "texture": "#texture" },
        "east":  { "uv": [ 7, 6, 9, 6.5 ], "texture": "#texture" }
    }
},
{
    "from": [ 5.5, 9.5, 7 ],
    "to": [ 6.5, 10, 9 ],
    "faces": {
        "up":    { "uv": [ 5.5, 7, 6.5, 9 ], "texture": "#texture" },
        "north": { "uv": [ 9.5, 6, 10.5, 6.5 ], "texture": "#texture" },
        "south": { "uv": [ 5.5, 6, 6.5, 6.5 ], "texture": "#texture" },
        "west":  { "uv": [ 7, 6, 9, 6.5 ], "texture": "#texture" },
        "east":  { "uv": [ 7, 6, 9, 6.5 ], "texture": "#texture" }
    }
},
{
    "from": [ 7, 9.5, 7 ],
    "to": [ 8, 10, 9 ],
    "faces": {
        "up":    { "uv": [ 7, 7, 8, 9 ], "texture": "#texture" },
        "north": { "uv": [ 8, 6, 9, 6.5 ], "texture": "#texture" },
        "south": { "uv": [ 7, 6, 8, 6.5 ], "texture": "#texture" },
        "west":  { "uv": [ 7, 6, 9, 6.5 ], "texture": "#texture" },
        "east":  { "uv": [ 7, 6, 9, 6.5 ], "texture": "#texture" }
    }
},
{
    "from": [ 8.5, 9.25, 7 ],
    "to": [ 9.5, 10, 9 ],
    "faces": {
        "down":  { "uv": [ 7.5, 9, 6.5, 7 ], "texture": "#texture" },
        "north": { "uv": [ 6.5, 6, 7.5, 6.75 ], "texture": "#texture" },
        "south": { "uv": [ 8.5, 6, 9.5, 6.75 ], "texture": "#texture" },
        "west":  { "uv": [ 7, 6, 9, 6.75 ], "texture": "#texture" },
        "east":  { "uv": [ 7, 6, 9, 6.75 ], "texture": "#texture" }
    }
},
{
    "from": [ 0, 9.25, 7 ],
    "to": [ 8.5, 9.5, 9 ],
    "faces": {
        "down":  { "uv": [ 16, 9, 7.5, 7 ], "texture": "#texture" },
        "up":    { "uv": [ 0, 7, 8.5, 9 ], "texture": "#texture" },
        "north": { "uv": [ 7.5, 6.5, 16, 6.75 ], "texture": "#texture" },
        "south": { "uv": [ 0, 6.5, 8.5, 6.75 ], "texture": "#texture" },
        "west":  { "uv": [ 7, 6.5, 9, 6.75 ], "texture": "#texture", "cullface": "west" }
    }
},
{
    "from": [ 11, 5, 7.25 ],
    "to": [ 13.5, 7.25, 8.75 ],
    "faces": {
        "down":  { "uv": [ 5, 8.75, 2.5, 7.25 ], "texture": "#texture" },
        "up":    { "uv": [ 11, 7.25, 13.5, 8.75 ], "texture": "#texture" },
        "north": { "uv": [ 2.5, 8.75, 5, 11 ], "texture": "#texture" },
        "south": { "uv": [ 11, 8.75, 13.5, 11 ], "texture": "#texture" },
        "west":  { "uv": [ 7.25, 8.75, 8.75, 11 ], "texture": "#texture" },
        "east":  { "uv": [ 7.25, 8.75, 8.75, 11 ], "texture": "#texture" }
    }
},
{
    "from": [ 11.25, 3.25, 7.25 ],
    "to": [ 13.75, 6, 8.75 ],
    "faces": {
        "down":  { "uv": [ 5, 8.75, 2.5, 7.25 ], "texture": "#texture" },
        "up":    { "uv": [ 11, 7.25, 13.5, 8.75 ], "texture": "#texture" },
        "north": { "uv": [ 2.5, 11, 5, 13.75 ], "texture": "#texture" },
        "south": { "uv": [ 11, 11, 13.5, 13.75 ], "texture": "#texture" },
        "west":  { "uv": [ 7.25, 11, 8.75, 13.75 ], "texture": "#texture" },
        "east":  { "uv": [ 7.25, 11, 8.75, 13.75 ], "texture": "#texture" }
    }
},
{
    "from": [ 13.75, 8.25, 7 ],
    "to": [ 18, 8.75, 9 ],
    "faces": {
        "down":  { "uv": [ 2.25, 9, 0, 7 ], "texture": "#texture", "cullface": "east" },
        "north": { "uv": [ 0, 7.25, 2.25, 7.75 ], "texture": "#texture", "cullface": "east" },
        "south": { "uv": [ 13.75, 7.25, 16, 7.75 ], "texture": "#texture", "cullface": "east" },
        "east":  { "uv": [ 7, 7.25, 9, 7.75 ], "texture": "#texture", "cullface": "east" }
    }
},
{
    "from": [ 13.75, 6.75, 7.5 ],
    "to": [ 14.25, 7.25, 8.5 ],
    "faces": {
        "down":  { "uv": [ 2.25, 8.5, 1.75, 7.5 ], "texture": "#texture" },
        "up":    { "uv": [ 13.75, 7.5, 14.25, 8.5 ], "texture": "#texture" },
        "north": { "uv": [ 1.75, 8.75, 2.25, 9.25 ], "texture": "#texture" },
        "south": { "uv": [ 13.75, 8.75, 14.25, 9.25 ], "texture": "#texture" },
        "east":  { "uv": [ 7.5, 8.75, 8.5, 9.25 ], "texture": "#texture" }
    }
},
{
    "from": [ 14.25, 6.75, 7.75 ],
    "to": [ 16, 7, 8.25 ],
    "faces": {
        "down":  { "uv": [ 1.75, 8.25, 0, 7.75 ], "texture": "#texture" },
        "up":    { "uv": [ 14.25, 7.75, 16, 8.25 ], "texture": "#texture" },
        "north": { "uv": [ 0, 9, 1.75, 9.25 ], "texture": "#texture" },
        "south": { "uv": [ 14.25, 9, 16, 9.25 ], "texture": "#texture" }
    }
},
{
    "from": [ 13.75, 7.75, 7.5 ],
    "to": [ 14.25, 8.25, 8.5 ],
    "faces": {
        "down":  { "uv": [ 2.25, 8.5, 1.75, 7.5 ], "texture": "#texture" },
        "north": { "uv": [ 1.75, 7.75, 2.25, 8.25 ], "texture": "#texture" },
        "south": { "uv": [ 13.75, 7.75, 14.25, 8.25 ], "texture": "#texture" },
        "east":  { "uv": [ 7.5, 7.75, 8.5, 8.25 ], "texture": "#texture" }
    }
},
{
    "from": [ 13.75, 7.25, 7.5 ],
    "to": [ 14, 7.75, 8.5 ],
    "faces": {
        "north": { "uv": [ 2, 8.25, 2.25, 8.75 ], "texture": "#texture" },
        "south": { "uv": [ 13.75, 8.25, 14, 8.75 ], "texture": "#texture" },
        "east":  { "uv": [ 7.5, 8.25, 8.5, 8.75 ], "texture": "#texture" }
    }
},
{
    "from": [ 16, 6.75, 7.5 ],
    "to": [ 16.5, 7.25, 8.5 ],
    "faces": {
        "down":  { "uv": [ 0, 8.5, 0, 7.5 ], "texture": "#texture", "cullface": "east" },
        "up":    { "uv": [ 16, 7.5, 16, 8.5 ], "texture": "#texture", "cullface": "east" },
        "north": { "uv": [ 0, 8.75, 0, 9.25 ], "texture": "#texture", "cullface": "east" },
        "south": { "uv": [ 16, 8.75, 16, 9.25 ], "texture": "#texture", "cullface": "east" },
        "west":  { "uv": [ 7.5, 8.75, 8.5, 9.25 ], "texture": "#texture", "cullface": "east" }
    }
},
{
    "from": [ 16, 7.75, 7.5 ],
    "to": [ 16.5, 8.25, 8.5 ],
    "faces": {
        "down":  { "uv": [ 0, 8.5, 0, 7.5 ], "texture": "#texture", "cullface": "east" },
        "north": { "uv": [ 0, 7.75, 0, 8.25 ], "texture": "#texture", "cullface": "east" },
        "south": { "uv": [ 16, 7.75, 16, 8.25 ], "texture": "#texture", "cullface": "east" },
        "west":  { "uv": [ 7.5, 7.75, 8.5, 8.25 ], "texture": "#texture", "cullface": "east" }
    }
},
{
    "from": [ 16.25, 7.25, 7.5 ],
    "to": [ 16.5, 7.75, 8.5 ],
    "faces": {
        "north": { "uv": [ 0, 8.25, 0, 8.75 ], "texture": "#texture", "cullface": "east" },
        "south": { "uv": [ 16, 8.25, 16, 8.75 ], "texture": "#texture", "cullface": "east" },
        "west":  { "uv": [ 7.5, 8.25, 8.5, 8.75 ], "texture": "#texture", "cullface": "east" }
    }
},
{
    "from": [ 15.5, 7.25, 7.75 ],
    "to": [ 15.75, 8.5, 8.25 ],
    "faces": {
        "down":  { "uv": [ 8.5, 8.25, 8.25, 7.75 ], "texture": "#texture" },
        "up":    { "uv": [ 7.5, 7.75, 7.75, 8.25 ], "texture": "#texture" },
        "north": { "uv": [ 8.25, 0, 8.5, 1.25 ], "texture": "#texture" },
        "south": { "uv": [ 7.5, 0, 7.75, 1.25 ], "texture": "#texture" },
        "west":  { "uv": [ 7.75, 0, 8.25, 1.25 ], "texture": "#texture" },
        "east":  { "uv": [ 7.75, 0, 8.25, 1.25 ], "texture": "#texture" }
    }
},
{
    "from": [ 16.5, 6.75, 7.25 ],
    "to": [ 17.75, 8.25, 8.75 ],
    "faces": {
        "down":  { "uv": [ 0, 8.75, 0, 7.25 ], "texture": "#texture", "cullface": "east" },
        "north": { "uv": [ 0, 7.75, 0, 9.25 ], "texture": "#texture", "cullface": "east" },
        "south": { "uv": [ 16, 7.75, 16, 9.25 ], "texture": "#texture", "cullface": "east" },
        "west":  { "uv": [ 7.25, 7.75, 8.75, 9.25 ], "texture": "#texture", "cullface": "east" },
        "east":  { "uv": [ 7.25, 7.75, 8.75, 9.25 ], "texture": "#texture", "cullface": "east" }
    }
},
{
    "from": [ 16.5, 3.5, 7.25 ],
    "to": [ 17.75, 7.25, 8.75 ],
    "faces": {
        "down":  { "uv": [ 0, 8.75, 0, 7.25 ], "texture": "#texture", "cullface": "east" },
        "up":    { "uv": [ 16, 7.25, 16, 8.75 ], "texture": "#texture", "cullface": "east" },
        "north": { "uv": [ 0, 9.25, 0, 13 ], "texture": "#texture", "cullface": "east" },
        "south": { "uv": [ 16, 9.25, 16, 13 ], "texture": "#texture", "cullface": "east" },
        "west":  { "uv": [ 7.25, 9.25, 8.75, 13 ], "texture": "#texture", "cullface": "east" },
        "east":  { "uv": [ 7.25, 9.25, 8.75, 13 ], "texture": "#texture", "cullface": "east" }
    }
},
{
    "from": [ 16.5, 3.5, 7.25 ],
    "to": [ 16.75, 6.75, 8.75 ],
    "faces": {
        "down":  { "uv": [ 0, 8.75, 0, 7.25 ], "texture": "#texture", "cullface": "east" },
        "north": { "uv": [ 0, 9.25, 0, 12.5 ], "texture": "#texture", "cullface": "east" },
        "south": { "uv": [ 16, 9.25, 16, 12.5 ], "texture": "#texture", "cullface": "east" },
        "west":  { "uv": [ 7.25, 9.25, 8.75, 12.5 ], "texture": "#texture", "cullface": "east" },
        "east":  { "uv": [ 7.25, 9.25, 8.75, 12.5 ], "texture": "#texture", "cullface": "east" }
    }
},
{
    "from": [ 18.25, 9, 7.25 ],
    "to": [ 27, 10.75, 8.75 ],
    "faces": {
        "down":  { "uv": [ 0, 8.75, 0, 7.25 ], "texture": "#texture", "cullface": "east" },
        "up":    { "uv": [ 16, 7.25, 16, 8.75 ], "texture": "#texture", "cullface": "east" },
        "north": { "uv": [ 0, 5.25, 0, 7 ], "texture": "#texture", "cullface": "east" },
        "south": { "uv": [ 16, 5.25, 16, 7 ], "texture": "#texture", "cullface": "east" },
        "east":  { "uv": [ 7.25, 5.25, 8.75, 7 ], "texture": "#texture", "cullface": "east" }
    }
},
{
    "from": [ 19, 8.75, 7.25 ],
    "to": [ 27, 9, 8.75 ],
    "faces": {
        "down":  { "uv": [ 0, 8.75, 0, 7.25 ], "texture": "#texture", "cullface": "east" },
        "north": { "uv": [ 0, 7, 0, 7.25 ], "texture": "#texture", "cullface": "east" },
        "south": { "uv": [ 16, 7, 16, 7.25 ], "texture": "#texture", "cullface": "east" },
        "west":  { "uv": [ 7.25, 7, 8.75, 7.25 ], "texture": "#texture", "cullface": "east" },
        "east":  { "uv": [ 7.25, 7, 8.75, 7.25 ], "texture": "#texture", "cullface": "east" }
    }
},
{
    "from": [ 19.5, 8.75, 7.25 ],
    "to": [ 27.5, 9, 8.75 ],
    "faces": {
        "down":  { "uv": [ 0, 8.75, 0, 7.25 ], "texture": "#texture", "cullface": "east" },
        "up":    { "uv": [ 16, 7.25, 16, 8.75 ], "texture": "#texture", "cullface": "east" },
        "north": { "uv": [ 0, 7.25, 0, 7.5 ], "texture": "#texture", "cullface": "east" },
        "south": { "uv": [ 16, 7.25, 16, 7.5 ], "texture": "#texture", "cullface": "east" },
        "west":  { "uv": [ 7.25, 7.25, 8.75, 7.5 ], "texture": "#texture", "cullface": "east" },
        "east":  { "uv": [ 7.25, 7.25, 8.75, 7.5 ], "texture": "#texture", "cullface": "east" }
    }
},
{
    "from": [ 20.25, 8.5, 7.25 ],
    "to": [ 27, 8.75, 8.75 ],
    "faces": {
        "down":  { "uv": [ 0, 8.75, 0, 7.25 ], "texture": "#texture", "cullface": "east" },
        "north": { "uv": [ 0, 7.25, 0, 7.5 ], "texture": "#texture", "cullface": "east" },
        "south": { "uv": [ 16, 7.25, 16, 7.5 ], "texture": "#texture", "cullface": "east" },
        "west":  { "uv": [ 7.25, 7.25, 8.75, 7.5 ], "texture": "#texture", "cullface": "east" },
        "east":  { "uv": [ 7.25, 7.25, 8.75, 7.5 ], "texture": "#texture", "cullface": "east" }
    }
},
{
    "from": [ 20.75, 8.25, 7.25 ],
    "to": [ 27, 8.5, 8.75 ],
    "faces": {
        "down":  { "uv": [ 0, 8.75, 0, 7.25 ], "texture": "#texture", "cullface": "east" },
        "north": { "uv": [ 0, 7.5, 0, 7.75 ], "texture": "#texture", "cullface": "east" },
        "south": { "uv": [ 16, 7.5, 16, 7.75 ], "texture": "#texture", "cullface": "east" },
        "west":  { "uv": [ 7.25, 7.5, 8.75, 7.75 ], "texture": "#texture", "cullface": "east" },
        "east":  { "uv": [ 7.25, 7.5, 8.75, 7.75 ], "texture": "#texture", "cullface": "east" }
    }
},
{
    "from": [ 21.5, 8, 7.25 ],
    "to": [ 27, 8.25, 8.75 ],
    "faces": {
        "down":  { "uv": [ 0, 8.75, 0, 7.25 ], "texture": "#texture", "cullface": "east" },
        "north": { "uv": [ 0, 7.75, 0, 8 ], "texture": "#texture", "cullface": "east" },
        "south": { "uv": [ 16, 7.75, 16, 8 ], "texture": "#texture", "cullface": "east" },
        "west":  { "uv": [ 7.25, 7.75, 8.75, 8 ], "texture": "#texture", "cullface": "east" },
        "east":  { "uv": [ 7.25, 7.75, 8.75, 8 ], "texture": "#texture", "cullface": "east" }
    }
},
{
    "from": [ 22, 7.75, 7.25 ],
    "to": [ 27, 8, 8.75 ],
    "faces": {
        "down":  { "uv": [ 0, 8.75, 0, 7.25 ], "texture": "#texture", "cullface": "east" },
        "north": { "uv": [ 0, 8, 0, 8.25 ], "texture": "#texture", "cullface": "east" },
        "south": { "uv": [ 16, 8, 16, 8.25 ], "texture": "#texture", "cullface": "east" },
        "west":  { "uv": [ 7.25, 8, 8.75, 8.25 ], "texture": "#texture", "cullface": "east" },
        "east":  { "uv": [ 7.25, 8, 8.75, 8.25 ], "texture": "#texture", "cullface": "east" }
    }
},
{
    "from": [ 22.5, 7.5, 7.25 ],
    "to": [ 27, 7.75, 8.75 ],
    "faces": {
        "down":  { "uv": [ 0, 8.75, 0, 7.25 ], "texture": "#texture", "cullface": "east" },
        "north": { "uv": [ 0, 8.25, 0, 8.5 ], "texture": "#texture", "cullface": "east" },
        "south": { "uv": [ 16, 8.25, 16, 8.5 ], "texture": "#texture", "cullface": "east" },
        "west":  { "uv": [ 7.25, 8.25, 8.75, 8.5 ], "texture": "#texture", "cullface": "east" },
        "east":  { "uv": [ 7.25, 8.25, 8.75, 8.5 ], "texture": "#texture", "cullface": "east" }
    }
},
{
    "from": [ 23.25, 7.25, 7.25 ],
    "to": [ 27, 7.5, 8.75 ],
    "faces": {
        "down":  { "uv": [ 0, 8.75, 0, 7.25 ], "texture": "#texture", "cullface": "east" },
        "north": { "uv": [ 0, 8.5, 0, 8.75 ], "texture": "#texture", "cullface": "east" },
        "south": { "uv": [ 16, 8.5, 16, 8.75 ], "texture": "#texture", "cullface": "east" },
        "west":  { "uv": [ 7.25, 8.5, 8.75, 8.75 ], "texture": "#texture", "cullface": "east" },
        "east":  { "uv": [ 7.25, 8.5, 8.75, 8.75 ], "texture": "#texture", "cullface": "east" }
    }
},
{
    "from": [ 23.75, 7, 7.25 ],
    "to": [ 27, 7.25, 8.75 ],
    "faces": {
        "down":  { "uv": [ 0, 8.75, 0, 7.25 ], "texture": "#texture", "cullface": "east" },
        "north": { "uv": [ 0, 8.75, 0, 9 ], "texture": "#texture", "cullface": "east" },
        "south": { "uv": [ 16, 8.75, 16, 9 ], "texture": "#texture", "cullface": "east" },
        "west":  { "uv": [ 7.25, 8.75, 8.75, 9 ], "texture": "#texture", "cullface": "east" },
        "east":  { "uv": [ 7.25, 8.75, 8.75, 9 ], "texture": "#texture", "cullface": "east" }
    }
},
{
    "from": [ 24.25, 6.75, 7.25 ],
    "to": [ 27, 7, 8.75 ],
    "faces": {
        "down":  { "uv": [ 0, 8.75, 0, 7.25 ], "texture": "#texture", "cullface": "east" },
        "north": { "uv": [ 0, 9, 0, 9.25 ], "texture": "#texture", "cullface": "east" },
        "south": { "uv": [ 16, 9, 16, 9.25 ], "texture": "#texture", "cullface": "east" },
        "west":  { "uv": [ 7.25, 9, 8.75, 9.25 ], "texture": "#texture", "cullface": "east" },
        "east":  { "uv": [ 7.25, 9, 8.75, 9.25 ], "texture": "#texture", "cullface": "east" }
    }
},
{
    "from": [ 25, 6.5, 7.25 ],
    "to": [ 27, 6.75, 8.75 ],
    "faces": {
        "down":  { "uv": [ 0, 8.75, 0, 7.25 ], "texture": "#texture", "cullface": "east" },
        "north": { "uv": [ 0, 9.25, 0, 9.5 ], "texture": "#texture", "cullface": "east" },
        "south": { "uv": [ 16, 9.25, 16, 9.5 ], "texture": "#texture", "cullface": "east" },
        "west":  { "uv": [ 7.25, 9.25, 8.75, 9.5 ], "texture": "#texture", "cullface": "east" },
        "east":  { "uv": [ 7.25, 9.25, 8.75, 9.5 ], "texture": "#texture", "cullface": "east" }
    }
},
{
    "from": [ 25.5, 6.25, 7.25 ],
    "to": [ 27, 6.5, 8.75 ],
    "faces": {
        "down":  { "uv": [ 0, 8.75, 0, 7.25 ], "texture": "#texture", "cullface": "east" },
        "north": { "uv": [ 0, 9.5, 0, 9.75 ], "texture": "#texture", "cullface": "east" },
        "south": { "uv": [ 16, 9.5, 16, 9.75 ], "texture": "#texture", "cullface": "east" },
        "west":  { "uv": [ 7.25, 9.5, 8.75, 9.75 ], "texture": "#texture", "cullface": "east" },
        "east":  { "uv": [ 7.25, 9.5, 8.75, 9.75 ], "texture": "#texture", "cullface": "east" }
    }
},
{
    "from": [ 26, 6, 7.25 ],
    "to": [ 27, 6.25, 8.75 ],
    "faces": {
        "down":  { "uv": [ 0, 8.75, 0, 7.25 ], "texture": "#texture", "cullface": "east" },
        "north": { "uv": [ 0, 9.75, 0, 10 ], "texture": "#texture", "cullface": "east" },
        "south": { "uv": [ 16, 9.75, 16, 10 ], "texture": "#texture", "cullface": "east" },
        "west":  { "uv": [ 7.25, 9.75, 8.75, 10 ], "texture": "#texture", "cullface": "east" },
        "east":  { "uv": [ 7.25, 9.75, 8.75, 10 ], "texture": "#texture", "cullface": "east" }
    }
},
{
    "from": [ 26.75, 5.75, 7.25 ],
    "to": [ 27, 6, 8.75 ],
    "faces": {
        "down":  { "uv": [ 0, 8.75, 0, 7.25 ], "texture": "#texture", "cullface": "east" },
        "north": { "uv": [ 0, 10, 0, 10.25 ], "texture": "#texture", "cullface": "east" },
        "south": { "uv": [ 16, 10, 16, 10.25 ], "texture": "#texture", "cullface": "east" },
        "west":  { "uv": [ 7.25, 10, 8.75, 10.25 ], "texture": "#texture", "cullface": "east" },
        "east":  { "uv": [ 7.25, 10, 8.75, 10.25 ], "texture": "#texture", "cullface": "east" }
    }
},
{
    "from": [ 16.25, 11.5, 7.5 ],
    "to": [ 17.25, 13, 8.5 ],
    "faces": {
        "up":    { "uv": [ 16, 7.5, 16, 8.5 ], "texture": "#texture", "cullface": "east" },
        "north": { "uv": [ 0, 3, 0, 4.5 ], "texture": "#texture", "cullface": "east" },
        "south": { "uv": [ 16, 3, 16, 4.5 ], "texture": "#texture", "cullface": "east" },
        "west":  { "uv": [ 7.5, 3, 8.5, 4.5 ], "texture": "#texture", "cullface": "east" },
        "east":  { "uv": [ 7.5, 3, 8.5, 4.5 ], "texture": "#texture", "cullface": "east" }
    }
},
{
    "from": [ 17.25, 11.5, 7.5 ],
    "to": [ 17.5, 12.75, 8.5 ],
    "faces": {
        "up":    { "uv": [ 16, 7.5, 16, 8.5 ], "texture": "#texture", "cullface": "east" },
        "north": { "uv": [ 0, 3.25, 0, 4.5 ], "texture": "#texture", "cullface": "east" },
        "south": { "uv": [ 16, 3.25, 16, 4.5 ], "texture": "#texture", "cullface": "east" },
        "east":  { "uv": [ 7.5, 3.25, 8.5, 4.5 ], "texture": "#texture", "cullface": "east" }
    }
},
{
    "from": [ 17.5, 11.5, 7.5 ],
    "to": [ 17.75, 12, 8.5 ],
    "faces": {
        "up":    { "uv": [ 16, 7.5, 16, 8.5 ], "texture": "#texture", "cullface": "east" },
        "north": { "uv": [ 0, 4, 0, 4.5 ], "texture": "#texture", "cullface": "east" },
        "south": { "uv": [ 16, 4, 16, 4.5 ], "texture": "#texture", "cullface": "east" },
        "east":  { "uv": [ 7.5, 4, 8.5, 4.5 ], "texture": "#texture", "cullface": "east" }
    }
},
{
    "from": [ 11, 12.5, 7.5 ],
    "to": [ 16.25, 12.75, 8.5 ],
    "faces": {
        "down":  { "uv": [ 5, 8.5, 0, 7.5 ], "texture": "#texture", "cullface": "east" },
        "up":    { "uv": [ 11, 7.5, 16, 8.5 ], "texture": "#texture", "cullface": "east" },
        "north": { "uv": [ 0, 3.25, 5, 3.5 ], "texture": "#texture", "cullface": "east" },
        "south": { "uv": [ 11, 3.25, 16, 3.5 ], "texture": "#texture", "cullface": "east" },
        "west":  { "uv": [ 7.5, 3.25, 8.5, 3.5 ], "texture": "#texture", "cullface": "east" }
    }
},
{
    "from": [ 14, 12.75, 7.5 ],
    "to": [ 16.25, 13, 8.5 ],
    "faces": {
        "up":    { "uv": [ 14, 7.5, 16, 8.5 ], "texture": "#texture", "cullface": "east" },
        "north": { "uv": [ 0, 3, 2, 3.25 ], "texture": "#texture", "cullface": "east" },
        "south": { "uv": [ 14, 3, 16, 3.25 ], "texture": "#texture", "cullface": "east" },
        "west":  { "uv": [ 7.5, 3, 8.5, 3.25 ], "texture": "#texture", "cullface": "east" }
    }
},
{
    "from": [ 10.75, 11.5, 7.5 ],
    "to": [ 11, 12.5, 8.5 ],
    "faces": {
        "up":    { "uv": [ 10.75, 7.5, 11, 8.5 ], "texture": "#texture" },
        "north": { "uv": [ 5, 3.5, 5.25, 4.5 ], "texture": "#texture" },
        "south": { "uv": [ 10.75, 3.5, 11, 4.5 ], "texture": "#texture" },
        "west":  { "uv": [ 7.5, 3.5, 8.5, 4.5 ], "texture": "#texture" },
        "east":  { "uv": [ 7.5, 3.5, 8.5, 4.5 ], "texture": "#texture" }
    }
},
{
    "from": [ 10.75, 11, 7.25 ],
    "to": [ 17.75, 11.5, 8.75 ],
    "faces": {
        "up":    { "uv": [ 10.75, 7.25, 16, 8.75 ], "texture": "#texture", "cullface": "east" },
        "north": { "uv": [ 0, 4.5, 5.25, 5 ], "texture": "#texture", "cullface": "east" },
        "south": { "uv": [ 10.75, 4.5, 16, 5 ], "texture": "#texture", "cullface": "east" },
        "west":  { "uv": [ 7.25, 4.5, 8.75, 5 ], "texture": "#texture", "cullface": "east" },
        "east":  { "uv": [ 7.25, 4.5, 8.75, 5 ], "texture": "#texture", "cullface": "east" }
    }
},
{
    "from": [ 11, 12.25, 7.5 ],
    "to": [ 11.25, 12.5, 8.5 ],
    "faces": {
        "down":  { "uv": [ 5, 8.5, 4.75, 7.5 ], "texture": "#texture" },
        "north": { "uv": [ 4.75, 3.5, 5, 3.75 ], "texture": "#texture" },
        "south": { "uv": [ 11, 3.5, 11.25, 3.75 ], "texture": "#texture" },
        "east":  { "uv": [ 7.5, 3.5, 8.5, 3.75 ], "texture": "#texture" }
    }
}
],
"display": {
    "thirdperson_righthand": {
        "rotation": [ 70, -90, 0 ],
        "translation": [ -1.32, 10.58, -3.21 ],
        "scale": [ 1.5, 1.5, -1.5 ]
    },
    "thirdperson_lefthand": {
        "rotation": [ 70, 90, 0 ],
        "translation": [ -1.32, 10.58, -3.21 ],
        "scale": [ 1.5, 1.5, -1.5 ]
    },
    "ground": {
        "rotation": [ 0, 0, 0 ],
        "translation": [ 0, 0, 0 ],
        "scale": [ 1, 1, 1.5 ]
    },
    "firstperson_righthand": {
        "rotation": [ 0, -92, 3 ],
        "translation": [ -0.76, 1.32, -7.75 ],
        "scale": [ 1.3, 1.3, -1.3 ]
    },
    "firstperson_lefthand": {
        "rotation": [ 0, 92, 3 ],
        "translation": [ -0.76, 1.32, -7.75 ],
        "scale": [ 1.3, 1.3, -1.3 ]
    },
    "gui": {
        "rotation": [ 0, 0, -38 ],
        "translation": [ 0, 0, 0 ],
        "scale": [ 1, 1, 1 ]
    }
}
}