{
"__comment": "Designed by Mrfahrenheid with BDcraft Cubik PRO 0.91 Beta - http://bdcraft.net",
"textures": {
    "particle": "blocks/gray",
    "color": "blocks/gray",
    "light": "3d/light"
},
"elements": [ 
{
    "from": [ 3, 10, 5 ],
    "to": [ 24.5, 14.5, 10.5 ],
    "faces": {
        "down":  { "uv": [ 13, 10.5, 0, 5 ], "texture": "#color" },
        "up":    { "uv": [ 3, 5, 16, 10.5 ], "texture": "#color" },
        "north": { "uv": [ 0, 1.5, 13, 6 ], "texture": "#color" },
        "south": { "uv": [ 3, 1.5, 16, 6 ], "texture": "#color" },
        "west":  { "uv": [ 5, 1.5, 10.5, 6 ], "texture": "#color" },
        "east":  { "uv": [ 5.5, 1.5, 11, 6 ], "texture": "#color" }
    }
},
{
    "from": [ -4, 10, 5 ],
    "to": [ 3, 15.5, 10.5 ],
    "faces": {
        "down":  { "uv": [ 16, 10.5, 13, 5 ], "texture": "#color" },
        "up":    { "uv": [ 0, 5, 3, 10.5 ], "texture": "#color" },
        "north": { "uv": [ 13, 0.5, 16, 6 ], "texture": "#color" },
        "south": { "uv": [ 0, 0.5, 3, 6 ], "texture": "#color" },
        "west":  { "uv": [ 5, 0.5, 10.5, 6 ], "texture": "#color" },
        "east":  { "uv": [ 5.5, 0.5, 11, 6 ], "texture": "#color" }
    }
},
{
    "from": [ -6, 11, 6 ],
    "to": [ -1, 14.5, 9.5 ],
    "faces": {
        "down":  { "uv": [ 16, 9.5, 16, 6 ], "texture": "#color" },
        "up":    { "uv": [ 0, 6, 0, 9.5 ], "texture": "#color" },
        "north": { "uv": [ 16, 1.5, 16, 5 ], "texture": "#color" },
        "south": { "uv": [ 0, 1.5, 0, 5 ], "texture": "#color" },
        "west":  { "uv": [ 6, 1.5, 9.5, 5 ], "texture": "#color" },
        "east":  { "uv": [ 6.5, 1.5, 10, 5 ], "texture": "#color" }
    }
},
{
    "from": [ 3.5, 6.5, 6.5 ],
    "to": [ 6, 12, 9 ],
    "faces": {
        "down":  { "uv": [ 12.5, 9, 10, 6.5 ], "texture": "#color" },
        "up":    { "uv": [ 3.5, 6.5, 6, 9 ], "texture": "#color" },
        "north": { "uv": [ 10, 4, 12.5, 9.5 ], "texture": "#color" },
        "south": { "uv": [ 3.5, 4, 6, 9.5 ], "texture": "#color" },
        "west":  { "uv": [ 6.5, 4, 9, 9.5 ], "texture": "#color" },
        "east":  { "uv": [ 7, 4, 9.5, 9.5 ], "texture": "#color" }
    }
},
{
    "from": [ 11.5, 3, 5.5 ],
    "to": [ 14.5, 14, 10 ],
    "faces": {
        "down":  { "uv": [ 4.5, 10, 0, 4.5 ], "texture": "#color" },
        "up":    { "uv": [ 11.5, 4.5, 16, 10 ], "texture": "#color" },
        "north": { "uv": [ 0, 3, 4.5, 13 ], "texture": "#color" },
        "south": { "uv": [ 11.5, 3, 16, 13 ], "texture": "#color" },
        "west":  { "uv": [ 4.5, 3, 10, 13 ], "texture": "#color" },
        "east":  { "uv": [ 6, 3, 11.5, 13 ], "texture": "#color" }
    }
},
{
    "from": [ 16.5, 5, 5.5 ],
    "to": [ 19, 13, 9.5 ],
    "faces": {
        "down":  { "uv": [ 0, 9.5, 0, 5.5 ], "texture": "#color" },
        "up":    { "uv": [ 16, 5.5, 16, 9.5 ], "texture": "#color" },
        "north": { "uv": [ 0, 3, 0, 11 ], "texture": "#color" },
        "south": { "uv": [ 16, 3, 16, 11 ], "texture": "#color" },
        "west":  { "uv": [ 5.5, 3, 9.5, 11 ], "texture": "#color" },
        "east":  { "uv": [ 6.5, 3, 10.5, 11 ], "texture": "#color" }
    }
},
{
    "from": [ 10.5, 8.5, 5.5 ],
    "to": [ 14.5, 13.5, 10 ],
    "faces": {
        "down":  { "uv": [ 4.5, 10, 0, 4.5 ], "texture": "#color" },
        "up":    { "uv": [ 11.5, 4.5, 16, 10 ], "texture": "#color" },
        "north": { "uv": [ 0, 3, 4.5, 13 ], "texture": "#color" },
        "south": { "uv": [ 11.5, 3, 16, 13 ], "texture": "#color" },
        "west":  { "uv": [ 4.5, 3, 10, 13 ], "texture": "#color" },
        "east":  { "uv": [ 6, 3, 11.5, 13 ], "texture": "#color" }
    }
},
{
    "from": [ -9.5, 12, 6.75 ],
    "to": [ -2.5, 13.5, 8.75 ],
    "faces": {
        "down":  { "uv": [ 16, 9, 16, 6.5 ], "texture": "#color" },
        "up":    { "uv": [ 0, 6.5, 0, 9 ], "texture": "#color" },
        "north": { "uv": [ 16, 2.5, 16, 4.5 ], "texture": "#color" },
        "south": { "uv": [ 0, 2.5, 0, 4.5 ], "texture": "#color" },
        "west":  { "uv": [ 6.5, 2.5, 9, 4.5 ], "texture": "#color" },
        "east":  { "uv": [ 7, 2.5, 9.5, 4.5 ], "texture": "#color" }
    }
},
{
    "from": [ -3, 11.5, 4.5 ],
    "to": [ 24, 14, 11 ],
    "faces": {
        "down":  { "uv": [ 16, 11, 0, 4.5 ], "texture": "#color" },
        "up":    { "uv": [ 0, 4.5, 16, 11 ], "texture": "#color" },
        "north": { "uv": [ 0, 2, 16, 4.5 ], "texture": "#color" },
        "south": { "uv": [ 0, 2, 16, 4.5 ], "texture": "#color" },
        "west":  { "uv": [ 4.5, 2, 11, 4.5 ], "texture": "#color" },
        "east":  { "uv": [ 5, 2, 11.5, 4.5 ], "texture": "#color" }
    }
},
{
    "from": [ 1, 11.5, 6 ],
    "to": [ 2, 16.5, 9.5 ],
    "faces": {
        "down":  { "uv": [ 13, 9.5, 12, 6 ], "texture": "#color" },
        "up":    { "uv": [ 3, 6, 4, 9.5 ], "texture": "#color" },
        "north": { "uv": [ 12, 0, 13, 2.5 ], "texture": "#color" },
        "south": { "uv": [ 3, 0, 4, 2.5 ], "texture": "#color" },
        "west":  { "uv": [ 6, 0, 9.5, 2.5 ], "texture": "#color" },
        "east":  { "uv": [ 6.5, 0, 10, 2.5 ], "texture": "#color" }
    }
},
{
    "from": [ 18.5, 11, 6 ],
    "to": [ 19.5, 16, 9.5 ],
    "faces": {
        "down":  { "uv": [ 13, 9.5, 12, 6 ], "texture": "#color" },
        "up":    { "uv": [ 3, 6, 4, 9.5 ], "texture": "#color" },
        "north": { "uv": [ 12, 0, 13, 2.5 ], "texture": "#color" },
        "south": { "uv": [ 3, 0, 4, 2.5 ], "texture": "#color" },
        "west":  { "uv": [ 6, 0, 9.5, 2.5 ], "texture": "#color" },
        "east":  { "uv": [ 6.5, 0, 10, 2.5 ], "texture": "#color" }
    }
},
{
    "from": [ 1, 15.5, 6 ],
    "to": [ 19.5, 16.5, 9.5 ],
    "faces": {
        "down":  { "uv": [ 15, 9.5, 0, 6 ], "texture": "#color" },
        "up":    { "uv": [ 1, 6, 16, 9.5 ], "texture": "#color" },
        "north": { "uv": [ 0, 0, 15, 0.5 ], "texture": "#color" },
        "south": { "uv": [ 1, 0, 16, 0.5 ], "texture": "#color" },
        "west":  { "uv": [ 6, 0, 9.5, 0.5 ], "texture": "#color" },
        "east":  { "uv": [ 6.5, 0, 10, 0.5 ], "texture": "#color" }
    }
},
{
    "from": [ 2, 15.5, 6.5 ],
    "to": [ 2.5, 17, 9 ],
    "faces": {
        "down":  { "uv": [ 14, 9, 13.5, 6.5 ], "texture": "#light" },
        "up":    { "uv": [ 2, 6.5, 2.5, 9 ], "texture": "#light" },
        "north": { "uv": [ 13.5, 0, 14, 0.5 ], "texture": "#light" },
        "south": { "uv": [ 2, 0, 2.5, 0.5 ], "texture": "#light" },
        "west":  { "uv": [ 6.5, 0, 9, 0.5 ], "texture": "#light" },
        "east":  { "uv": [ 7, 0, 9.5, 0.5 ], "texture": "#light" }
    }
},
{
    "from": [ 3.5, 15.5, 6.5 ],
    "to": [ 4, 17, 9 ],
    "faces": {
        "down":  { "uv": [ 12.5, 9, 12, 6.5 ], "texture": "#light" },
        "up":    { "uv": [ 3.5, 6.5, 4, 9 ], "texture": "#light" },
        "north": { "uv": [ 12, 0, 12.5, 0.5 ], "texture": "#light" },
        "south": { "uv": [ 3.5, 0, 4, 0.5 ], "texture": "#light" },
        "west":  { "uv": [ 6.5, 0, 9, 0.5 ], "texture": "#light" },
        "east":  { "uv": [ 7, 0, 9.5, 0.5 ], "texture": "#light" }
    }
},
{
    "from": [ 5, 15.5, 6.5 ],
    "to": [ 5.5, 17, 9 ],
    "faces": {
        "down":  { "uv": [ 11, 9, 10.5, 6.5 ], "texture": "#light" },
        "up":    { "uv": [ 5, 6.5, 5.5, 9 ], "texture": "#light" },
        "north": { "uv": [ 10.5, 0, 11, 0.5 ], "texture": "#light" },
        "south": { "uv": [ 5, 0, 5.5, 0.5 ], "texture": "#light" },
        "west":  { "uv": [ 6.5, 0, 9, 0.5 ], "texture": "#light" },
        "east":  { "uv": [ 7, 0, 9.5, 0.5 ], "texture": "#light" }
    }
},
{
    "from": [ 6.5, 15.5, 6.5 ],
    "to": [ 7, 17, 9 ],
    "faces": {
        "down":  { "uv": [ 9.5, 9, 9, 6.5 ], "texture": "#light" },
        "up":    { "uv": [ 6.5, 6.5, 7, 9 ], "texture": "#light" },
        "north": { "uv": [ 9, 0, 9.5, 0.5 ], "texture": "#light" },
        "south": { "uv": [ 6.5, 0, 7, 0.5 ], "texture": "#light" },
        "west":  { "uv": [ 6.5, 0, 9, 0.5 ], "texture": "#light" },
        "east":  { "uv": [ 7, 0, 9.5, 0.5 ], "texture": "#light" }
    }
},
{
    "from": [ 8, 15.5, 6.5 ],
    "to": [ 8.5, 17, 9 ],
    "faces": {
        "down":  { "uv": [ 8, 9, 7.5, 6.5 ], "texture": "#light" },
        "up":    { "uv": [ 8, 6.5, 8.5, 9 ], "texture": "#light" },
        "north": { "uv": [ 7.5, 0, 8, 0.5 ], "texture": "#light" },
        "south": { "uv": [ 8, 0, 8.5, 0.5 ], "texture": "#light" },
        "west":  { "uv": [ 6.5, 0, 9, 0.5 ], "texture": "#light" },
        "east":  { "uv": [ 7, 0, 9.5, 0.5 ], "texture": "#light" }
    }
},
{
    "from": [ 9.5, 15.5, 6.5 ],
    "to": [ 10, 17, 9 ],
    "faces": {
        "down":  { "uv": [ 6.5, 9, 6, 6.5 ], "texture": "#light" },
        "up":    { "uv": [ 9.5, 6.5, 10, 9 ], "texture": "#light" },
        "north": { "uv": [ 6, 0, 6.5, 0.5 ], "texture": "#light" },
        "south": { "uv": [ 9.5, 0, 10, 0.5 ], "texture": "#light" },
        "west":  { "uv": [ 6.5, 0, 9, 0.5 ], "texture": "#light" },
        "east":  { "uv": [ 7, 0, 9.5, 0.5 ], "texture": "#light" }
    }
},
{
    "from": [ 11, 15.5, 6.5 ],
    "to": [ 11.5, 17, 9 ],
    "faces": {
        "down":  { "uv": [ 5, 9, 4.5, 6.5 ], "texture": "#light" },
        "up":    { "uv": [ 11, 6.5, 11.5, 9 ], "texture": "#light" },
        "north": { "uv": [ 4.5, 0, 5, 0.5 ], "texture": "#light" },
        "south": { "uv": [ 11, 0, 11.5, 0.5 ], "texture": "#light" },
        "west":  { "uv": [ 6.5, 0, 9, 0.5 ], "texture": "#light" },
        "east":  { "uv": [ 7, 0, 9.5, 0.5 ], "texture": "#light" }
    }
},
{
    "from": [ 12.5, 15.5, 6.5 ],
    "to": [ 13, 17, 9 ],
    "faces": {
        "down":  { "uv": [ 3.5, 9, 3, 6.5 ], "texture": "#light" },
        "up":    { "uv": [ 12.5, 6.5, 13, 9 ], "texture": "#light" },
        "north": { "uv": [ 3, 0, 3.5, 0.5 ], "texture": "#light" },
        "south": { "uv": [ 12.5, 0, 13, 0.5 ], "texture": "#light" },
        "west":  { "uv": [ 6.5, 0, 9, 0.5 ], "texture": "#light" },
        "east":  { "uv": [ 7, 0, 9.5, 0.5 ], "texture": "#light" }
    }
},
{
    "from": [ 14, 15.5, 6.5 ],
    "to": [ 14.5, 17, 9 ],
    "faces": {
        "down":  { "uv": [ 2, 9, 1.5, 6.5 ], "texture": "#light" },
        "up":    { "uv": [ 14, 6.5, 14.5, 9 ], "texture": "#light" },
        "north": { "uv": [ 1.5, 0, 2, 0.5 ], "texture": "#light" },
        "south": { "uv": [ 14, 0, 14.5, 0.5 ], "texture": "#light" },
        "west":  { "uv": [ 6.5, 0, 9, 0.5 ], "texture": "#light" },
        "east":  { "uv": [ 7, 0, 9.5, 0.5 ], "texture": "#light" }
    }
},
{
    "from": [ 15.5, 15.5, 6.5 ],
    "to": [ 16, 17, 9 ],
    "faces": {
        "down":  { "uv": [ 0.5, 9, 0, 6.5 ], "texture": "#light" },
        "up":    { "uv": [ 15.5, 6.5, 16, 9 ], "texture": "#light" },
        "north": { "uv": [ 0, 0, 0.5, 0.5 ], "texture": "#light" },
        "south": { "uv": [ 15.5, 0, 16, 0.5 ], "texture": "#light" },
        "west":  { "uv": [ 6.5, 0, 9, 0.5 ], "texture": "#light" },
        "east":  { "uv": [ 7, 0, 9.5, 0.5 ], "texture": "#light" }
    }
},
{
    "from": [ 17, 15.5, 6.5 ],
    "to": [ 17.5, 17, 9 ],
    "faces": {
        "down":  { "uv": [ 0, 9, 0, 6.5 ], "texture": "#light" },
        "up":    { "uv": [ 16, 6.5, 16, 9 ], "texture": "#light" },
        "north": { "uv": [ 0, 0, 0, 0.5 ], "texture": "#light" },
        "south": { "uv": [ 16, 0, 16, 0.5 ], "texture": "#light" },
        "west":  { "uv": [ 6.5, 0, 9, 0.5 ], "texture": "#light" },
        "east":  { "uv": [ 7, 0, 9.5, 0.5 ], "texture": "#light" }
    }
},
{
    "from": [ 16.5, 13, 5.5 ],
    "to": [ 28, 14, 9.5 ],
    "faces": {
        "down":  { "uv": [ 0, 9.5, 0, 5.5 ], "texture": "#color" },
        "up":    { "uv": [ 16, 5.5, 16, 9.5 ], "texture": "#color" },
        "north": { "uv": [ 0, 2, 0, 3 ], "texture": "#color" },
        "south": { "uv": [ 16, 2, 16, 3 ], "texture": "#color" },
        "west":  { "uv": [ 5.5, 2, 9.5, 3 ], "texture": "#color" },
        "east":  { "uv": [ 6.5, 2, 10.5, 3 ], "texture": "#color" }
    }
},
{
    "from": [ 19, 10.5, 5.5 ],
    "to": [ 32, 11.5, 9.5 ],
    "faces": {
        "down":  { "uv": [ 0, 9.5, 0, 5.5 ], "texture": "#color" },
        "up":    { "uv": [ 16, 5.5, 16, 9.5 ], "texture": "#color" },
        "north": { "uv": [ 0, 4.5, 0, 5.5 ], "texture": "#color" },
        "south": { "uv": [ 16, 4.5, 16, 5.5 ], "texture": "#color" },
        "west":  { "uv": [ 5.5, 4.5, 9.5, 5.5 ], "texture": "#color" },
        "east":  { "uv": [ 6.5, 4.5, 10.5, 5.5 ], "texture": "#color" }
    }
},
{
    "from": [ 26.5, 13, 5.5 ],
    "to": [ 31.5, 14, 9.5 ],
    "faces": {
        "down":  { "uv": [ 0, 9.5, 0, 5.5 ], "texture": "#color" },
        "up":    { "uv": [ 16, 5.5, 16, 9.5 ], "texture": "#color" },
        "north": { "uv": [ 0, 1, 0, 2 ], "texture": "#color" },
        "south": { "uv": [ 16, 1, 16, 2 ], "texture": "#color" },
        "west":  { "uv": [ 5.5, 1, 9.5, 2 ], "texture": "#color" },
        "east":  { "uv": [ 6.5, 1, 10.5, 2 ], "texture": "#color" }
    }
},
{
    "from": [ 31, 10.5, 5.5 ],
    "to": [ 32, 16, 9.5 ],
    "faces": {
        "down":  { "uv": [ 0, 9.5, 0, 5.5 ], "texture": "#color" },
        "up":    { "uv": [ 16, 5.5, 16, 9.5 ], "texture": "#color" },
        "north": { "uv": [ 0, 1, 0, 2 ], "texture": "#color" },
        "south": { "uv": [ 16, 1, 16, 2 ], "texture": "#color" },
        "west":  { "uv": [ 5.5, 1, 9.5, 2 ], "texture": "#color" },
        "east":  { "uv": [ 6.5, 1, 10.5, 2 ], "texture": "#color" }
    }
},
{
    "from": [ 13.5, 10, 7 ],
    "to": [ 15.5, 10.5, 8 ],
    "faces": {
        "down":  { "uv": [ 3, 6.5, 1, 5.5 ], "texture": "#color" },
        "up":    { "uv": [ 13, 5.5, 15, 6.5 ], "texture": "#color" },
        "north": { "uv": [ 1, 7, 3, 7.5 ], "texture": "#color" },
        "south": { "uv": [ 13, 7, 15, 7.5 ], "texture": "#color" },
        "west":  { "uv": [ 5.5, 7, 6.5, 7.5 ], "texture": "#color" },
        "east":  { "uv": [ 9.5, 7, 10.5, 7.5 ], "texture": "#color" }
    }
},
{
    "from": [ 14.5, 8.5, 7 ],
    "to": [ 16.5, 9, 8 ],
    "faces": {
        "down":  { "uv": [ 3, 6.5, 1, 5.5 ], "texture": "#color" },
        "up":    { "uv": [ 13, 5.5, 15, 6.5 ], "texture": "#color" },
        "north": { "uv": [ 1, 7, 3, 7.5 ], "texture": "#color" },
        "south": { "uv": [ 13, 7, 15, 7.5 ], "texture": "#color" },
        "west":  { "uv": [ 5.5, 7, 6.5, 7.5 ], "texture": "#color" },
        "east":  { "uv": [ 9.5, 7, 10.5, 7.5 ], "texture": "#color" }
    }
},
{
    "from": [ 15, 9.5, 7 ],
    "to": [ 15.5, 11.5, 8 ],
    "faces": {
        "down":  { "uv": [ 3, 6.5, 1, 5.5 ], "texture": "#color" },
        "up":    { "uv": [ 13, 5.5, 15, 6.5 ], "texture": "#color" },
        "north": { "uv": [ 1, 7, 3, 7.5 ], "texture": "#color" },
        "south": { "uv": [ 13, 7, 15, 7.5 ], "texture": "#color" },
        "west":  { "uv": [ 5.5, 7, 6.5, 7.5 ], "texture": "#color" },
        "east":  { "uv": [ 9.5, 7, 10.5, 7.5 ], "texture": "#color" }
    }
},
{
    "from": [ 2, 14, 6.5 ],
    "to": [ 23.5, 15, 9 ],
    "faces": {
        "down":  { "uv": [ 14, 9, 0, 6.5 ], "texture": "#color" },
        "up":    { "uv": [ 2, 6.5, 16, 9 ], "texture": "#color" },
        "north": { "uv": [ 0, 1, 14, 2 ], "texture": "#color" },
        "south": { "uv": [ 2, 1, 16, 2 ], "texture": "#color" },
        "west":  { "uv": [ 6.5, 1, 9, 2 ], "texture": "#color" },
        "east":  { "uv": [ 7, 1, 9.5, 2 ], "texture": "#color" }
    }
},
{
    "from": [ -3.5, 15, 6.5 ],
    "to": [ 1, 16, 9 ],
    "faces": {
        "down":  { "uv": [ 16, 9, 15, 6.5 ], "texture": "#color" },
        "up":    { "uv": [ 0, 6.5, 1, 9 ], "texture": "#color" },
        "north": { "uv": [ 15, 0, 16, 1 ], "texture": "#color" },
        "south": { "uv": [ 0, 0, 1, 1 ], "texture": "#color" },
        "west":  { "uv": [ 6.5, 0, 9, 1 ], "texture": "#color" },
        "east":  { "uv": [ 7, 0, 9.5, 1 ], "texture": "#color" }
    }
},
{
    "from": [ 3, 14.5, 5 ],
    "to": [ 3.5, 15, 10.5 ],
    "faces": {
        "down":  { "uv": [ 13, 10.5, 12.5, 5 ], "texture": "#color" },
        "up":    { "uv": [ 3, 5, 3.5, 10.5 ], "texture": "#color" },
        "north": { "uv": [ 12.5, 1, 13, 1.5 ], "texture": "#color" },
        "south": { "uv": [ 3, 1, 3.5, 1.5 ], "texture": "#color" },
        "west":  { "uv": [ 5, 1, 10.5, 1.5 ], "texture": "#color" },
        "east":  { "uv": [ 5.5, 1, 11, 1.5 ], "texture": "#color" }
    }
},
{
    "from": [ -3, 9.5, 6 ],
    "to": [ 3.5, 10, 9 ],
    "faces": {
        "down":  { "uv": [ 16, 9, 12.5, 6 ], "texture": "#color" },
        "up":    { "uv": [ 0, 6, 3.5, 9 ], "texture": "#color" },
        "north": { "uv": [ 12.5, 6, 16, 6.5 ], "texture": "#color" },
        "south": { "uv": [ 0, 6, 3.5, 6.5 ], "texture": "#color" },
        "west":  { "uv": [ 6, 6, 9, 6.5 ], "texture": "#color" },
        "east":  { "uv": [ 7, 6, 10, 6.5 ], "texture": "#color" }
    }
},
{
    "from": [ 4, 5, 7 ],
    "to": [ 5.5, 12, 8.5 ],
    "faces": {
        "down":  { "uv": [ 12, 8.5, 10.5, 7 ], "texture": "#color" },
        "up":    { "uv": [ 4, 7, 5.5, 8.5 ], "texture": "#color" },
        "north": { "uv": [ 10.5, 4, 12, 11 ], "texture": "#color" },
        "south": { "uv": [ 4, 4, 5.5, 11 ], "texture": "#color" },
        "west":  { "uv": [ 7, 4, 8.5, 11 ], "texture": "#color" },
        "east":  { "uv": [ 7.5, 4, 9, 11 ], "texture": "#color" }
    }
},
{
    "from": [ 16, 8.5, 5 ],
    "to": [ 19.5, 10, 10 ],
    "faces": {
        "down":  { "uv": [ 0, 10, 0, 5 ], "texture": "#color" },
        "up":    { "uv": [ 16, 5, 16, 10 ], "texture": "#color" },
        "north": { "uv": [ 0, 6, 0, 7.5 ], "texture": "#color" },
        "south": { "uv": [ 16, 6, 16, 7.5 ], "texture": "#color" },
        "west":  { "uv": [ 5, 6, 10, 7.5 ], "texture": "#color" },
        "east":  { "uv": [ 6, 6, 11, 7.5 ], "texture": "#color" }
    }
},
{
    "from": [ 31, 11.5, 6 ],
    "to": [ 31.5, 12, 9 ],
    "faces": {
        "down":  { "uv": [ 0, 9, 0, 6 ], "texture": "#color" },
        "up":    { "uv": [ 16, 6, 16, 9 ], "texture": "#color" },
        "north": { "uv": [ 0, 4, 0, 4.5 ], "texture": "#color" },
        "south": { "uv": [ 16, 4, 16, 4.5 ], "texture": "#color" },
        "west":  { "uv": [ 6, 4, 9, 4.5 ], "texture": "#color" },
        "east":  { "uv": [ 7, 4, 10, 4.5 ], "texture": "#color" }
    }
},
{
    "from": [ 29.5, 11.5, 6 ],
    "to": [ 30, 12, 9 ],
    "faces": {
        "down":  { "uv": [ 0, 9, 0, 6 ], "texture": "#color" },
        "up":    { "uv": [ 16, 6, 16, 9 ], "texture": "#color" },
        "north": { "uv": [ 0, 4, 0, 4.5 ], "texture": "#color" },
        "south": { "uv": [ 16, 4, 16, 4.5 ], "texture": "#color" },
        "west":  { "uv": [ 6, 4, 9, 4.5 ], "texture": "#color" },
        "east":  { "uv": [ 7, 4, 10, 4.5 ], "texture": "#color" }
    }
},
{
    "from": [ 28, 11.5, 6 ],
    "to": [ 28.5, 12, 9 ],
    "faces": {
        "down":  { "uv": [ 0, 9, 0, 6 ], "texture": "#color" },
        "up":    { "uv": [ 16, 6, 16, 9 ], "texture": "#color" },
        "north": { "uv": [ 0, 4, 0, 4.5 ], "texture": "#color" },
        "south": { "uv": [ 16, 4, 16, 4.5 ], "texture": "#color" },
        "west":  { "uv": [ 6, 4, 9, 4.5 ], "texture": "#color" },
        "east":  { "uv": [ 7, 4, 10, 4.5 ], "texture": "#color" }
    }
},
{
    "from": [ 26.5, 11.5, 6 ],
    "to": [ 27, 12, 9 ],
    "faces": {
        "down":  { "uv": [ 0, 9, 0, 6 ], "texture": "#color" },
        "up":    { "uv": [ 16, 6, 16, 9 ], "texture": "#color" },
        "north": { "uv": [ 0, 4, 0, 4.5 ], "texture": "#color" },
        "south": { "uv": [ 16, 4, 16, 4.5 ], "texture": "#color" },
        "west":  { "uv": [ 6, 4, 9, 4.5 ], "texture": "#color" },
        "east":  { "uv": [ 7, 4, 10, 4.5 ], "texture": "#color" }
    }
},
{
    "from": [ 25, 11.5, 6 ],
    "to": [ 25.5, 12, 9 ],
    "faces": {
        "down":  { "uv": [ 0, 9, 0, 6 ], "texture": "#color" },
        "up":    { "uv": [ 16, 6, 16, 9 ], "texture": "#color" },
        "north": { "uv": [ 0, 4, 0, 4.5 ], "texture": "#color" },
        "south": { "uv": [ 16, 4, 16, 4.5 ], "texture": "#color" },
        "west":  { "uv": [ 6, 4, 9, 4.5 ], "texture": "#color" },
        "east":  { "uv": [ 7, 4, 10, 4.5 ], "texture": "#color" }
    }
},
{
    "from": [ 25, 11.5, 6 ],
    "to": [ 25.5, 12, 9 ],
    "faces": {
        "down":  { "uv": [ 0, 9, 0, 6 ], "texture": "#color" },
        "up":    { "uv": [ 16, 6, 16, 9 ], "texture": "#color" },
        "north": { "uv": [ 0, 4, 0, 4.5 ], "texture": "#color" },
        "south": { "uv": [ 16, 4, 16, 4.5 ], "texture": "#color" },
        "west":  { "uv": [ 6, 4, 9, 4.5 ], "texture": "#color" },
        "east":  { "uv": [ 7, 4, 10, 4.5 ], "texture": "#color" }
    }
},
{
    "from": [ -3, 10.5, 4.5 ],
    "to": [ 11, 11, 11 ],
    "faces": {
        "down":  { "uv": [ 16, 11, 5, 4.5 ], "texture": "#color" },
        "up":    { "uv": [ 0, 4.5, 11, 11 ], "texture": "#color" },
        "north": { "uv": [ 5, 5, 16, 5.5 ], "texture": "#color" },
        "south": { "uv": [ 0, 5, 11, 5.5 ], "texture": "#color" },
        "west":  { "uv": [ 4.5, 5, 11, 5.5 ], "texture": "#color" },
        "east":  { "uv": [ 5, 5, 11.5, 5.5 ], "texture": "#color" }
    }
},
{
    "from": [ 18, 16, 7.5 ],
    "to": [ 18.5, 17.5, 8.5 ],
    "faces": {
        "down":  { "uv": [ 0, 8.5, 0, 7.5 ], "texture": "#color" },
        "up":    { "uv": [ 16, 7.5, 16, 8.5 ], "texture": "#color" },
        "north": { "uv": [ 0, 0, 0, 0 ], "texture": "#color" },
        "south": { "uv": [ 16, 0, 16, 0 ], "texture": "#color" },
        "west":  { "uv": [ 7.5, 0, 8.5, 0 ], "texture": "#color" },
        "east":  { "uv": [ 7.5, 0, 8.5, 0 ], "texture": "#color" }
    }
},
{
    "from": [ -1, 15.5, 7.5 ],
    "to": [ -0.5, 17, 8.5 ],
    "faces": {
        "down":  { "uv": [ 16, 8.5, 16, 7.5 ], "texture": "#color" },
        "up":    { "uv": [ 0, 7.5, 0, 8.5 ], "texture": "#color" },
        "north": { "uv": [ 16, 0, 16, 0.5 ], "texture": "#color" },
        "south": { "uv": [ 0, 0, 0, 0.5 ], "texture": "#color" },
        "west":  { "uv": [ 7.5, 0, 8.5, 0.5 ], "texture": "#color" },
        "east":  { "uv": [ 7.5, 0, 8.5, 0.5 ], "texture": "#color" }
    }
}
],
"display": {
    "thirdperson_righthand": {
        "rotation": [ 70, -90, 0 ],
        "translation": [ -1.89, 5.86, 0 ],
        "scale": [ 0.8, 0.8, 0.8 ]
    },
    "thirdperson_lefthand": {
        "rotation": [ 70, 90, 0 ],
        "translation": [ -1.89, 5.86, 0 ],
        "scale": [ 0.8, 0.8, 0.8 ]
    },
    "ground": {
        "rotation": [ 0, 0, 0 ],
        "translation": [ 0, 1.89, 0 ],
        "scale": [ 1, 1, 1 ]
    },
    "firstperson_righthand": {
        "rotation": [ 0, -92, 0 ],
        "translation": [ 2.83, -2.08, -8.69 ],
        "scale": [ 0.9, 0.9, 0.9 ]
    },
    "firstperson_lefthand": {
        "rotation": [ 0, 92, 0 ],
        "translation": [ 2.83, -2.08, -8.69 ],
        "scale": [ 0.9, 0.9, 0.9 ]
    },
    "gui": {
        "rotation": [ 0, 0, -37 ],
        "translation": [ -4.54, -0.94, 0 ],
        "scale": [ 0.8, 0.8, 0.8 ]
    }
}
}