{
"__comment": "Designed by Corporalblober with BDcraft Cubik PRO 0.95 Beta - http://bdcraft.net",
"textures": {
    "texture": "blocks/anvil 1",
    "anvil 1": "blocks/anvil 1",
    "hardened clay stained blue": "blocks/hardened clay stained orange"
},
"elements": [ 
{
    "from": [ -6.25, 8.5, 7.5 ],
    "to": [ -1.75, 10, 8.5 ],
    "faces": {
        "down":  { "uv": [ 16, 8.5, 16, 7.5 ], "texture": "#texture", "cullface": "west" },
        "up":    { "uv": [ 0, 7.5, 0, 8.5 ], "texture": "#texture", "cullface": "west" },
        "north": { "uv": [ 16, 6, 16, 7.5 ], "texture": "#texture", "cullface": "west" },
        "south": { "uv": [ 0, 6, 0, 7.5 ], "texture": "#texture", "cullface": "west" },
        "west":  { "uv": [ 7.5, 6, 8.5, 7.5 ], "texture": "#texture", "cullface": "west" },
        "east":  { "uv": [ 7.5, 6, 8.5, 7.5 ], "texture": "#texture", "cullface": "west" }
    }
},
{
    "from": [ -1.75, 9.25, 7 ],
    "to": [ 1.25, 9.5, 9 ],
    "faces": {
        "down":  { "uv": [ 16, 9, 14.75, 7 ], "texture": "#texture", "cullface": "west" },
        "north": { "uv": [ 14.75, 6.5, 16, 6.75 ], "texture": "#texture", "cullface": "west" },
        "south": { "uv": [ 0, 6.5, 1.25, 6.75 ], "texture": "#texture", "cullface": "west" },
        "west":  { "uv": [ 7, 6.5, 9, 6.75 ], "texture": "#texture", "cullface": "west" },
        "east":  { "uv": [ 7, 6.5, 9, 6.75 ], "texture": "#texture", "cullface": "west" }
    }
},
{
    "from": [ 0, 9.75, 6.75 ],
    "to": [ 0.75, 10.5, 9.25 ],
    "faces": {
        "down":  { "uv": [ 16, 9.25, 15.25, 6.75 ], "texture": "#texture" },
        "up":    { "uv": [ 0, 6.75, 0.75, 9.25 ], "texture": "#texture" },
        "north": { "uv": [ 15.25, 5.5, 16, 6.25 ], "texture": "#texture" },
        "south": { "uv": [ 0, 5.5, 0.75, 6.25 ], "texture": "#texture" },
        "west":  { "uv": [ 6.75, 5.5, 9.25, 6.25 ], "texture": "#texture", "cullface": "west" },
        "east":  { "uv": [ 6.75, 5.5, 9.25, 6.25 ], "texture": "#texture" }
    }
},
{
    "from": [ 2.5, 9.75, 6.75 ],
    "to": [ 3.25, 10.5, 9.25 ],
    "faces": {
        "down":  { "uv": [ 13.5, 9.25, 12.75, 6.75 ], "texture": "#texture" },
        "up":    { "uv": [ 2.5, 6.75, 3.25, 9.25 ], "texture": "#texture" },
        "north": { "uv": [ 12.75, 5.5, 13.5, 6.25 ], "texture": "#texture" },
        "south": { "uv": [ 2.5, 5.5, 3.25, 6.25 ], "texture": "#texture" },
        "west":  { "uv": [ 6.75, 5.5, 9.25, 6.25 ], "texture": "#texture" },
        "east":  { "uv": [ 6.75, 5.5, 9.25, 6.25 ], "texture": "#texture" }
    }
},
{
    "from": [ 5, 9.75, 6.75 ],
    "to": [ 5.75, 10.5, 9.25 ],
    "faces": {
        "down":  { "uv": [ 11, 9.25, 10.25, 6.75 ], "texture": "#texture" },
        "up":    { "uv": [ 5, 6.75, 5.75, 9.25 ], "texture": "#texture" },
        "north": { "uv": [ 10.25, 5.5, 11, 6.25 ], "texture": "#texture" },
        "south": { "uv": [ 5, 5.5, 5.75, 6.25 ], "texture": "#texture" },
        "west":  { "uv": [ 6.75, 5.5, 9.25, 6.25 ], "texture": "#texture" },
        "east":  { "uv": [ 6.75, 5.5, 9.25, 6.25 ], "texture": "#texture" }
    }
},
{
    "from": [ 7.5, 9.75, 6.75 ],
    "to": [ 8.25, 10.5, 9.25 ],
    "faces": {
        "down":  { "uv": [ 8.5, 9.25, 7.75, 6.75 ], "texture": "#texture" },
        "up":    { "uv": [ 7.5, 6.75, 8.25, 9.25 ], "texture": "#texture" },
        "north": { "uv": [ 7.75, 5.5, 8.5, 6.25 ], "texture": "#texture" },
        "south": { "uv": [ 7.5, 5.5, 8.25, 6.25 ], "texture": "#texture" },
        "west":  { "uv": [ 6.75, 5.5, 9.25, 6.25 ], "texture": "#texture" },
        "east":  { "uv": [ 6.75, 5.5, 9.25, 6.25 ], "texture": "#texture" }
    }
},
{
    "from": [ -1.75, 9.5, 7 ],
    "to": [ 9.25, 10.25, 9 ],
    "faces": {
        "down":  { "uv": [ 16, 9, 6.75, 7 ], "texture": "#texture", "cullface": "west" },
        "up":    { "uv": [ 0, 7, 9.25, 9 ], "texture": "#texture", "cullface": "west" },
        "north": { "uv": [ 6.75, 5.75, 16, 6.5 ], "texture": "#texture", "cullface": "west" },
        "south": { "uv": [ 0, 5.75, 9.25, 6.5 ], "texture": "#texture", "cullface": "west" },
        "west":  { "uv": [ 7, 5.75, 9, 6.5 ], "texture": "#texture", "cullface": "west" },
        "east":  { "uv": [ 7, 5.75, 9, 6.5 ], "texture": "#texture", "cullface": "west" }
    }
},
{
    "from": [ -1.75, 9, 7.25 ],
    "to": [ -0.25, 9.25, 8.75 ],
    "faces": {
        "down":  { "uv": [ 16, 8.75, 16, 7.25 ], "texture": "#texture", "cullface": "west" },
        "north": { "uv": [ 16, 6.75, 16, 7 ], "texture": "#texture", "cullface": "west" },
        "south": { "uv": [ 0, 6.75, 0, 7 ], "texture": "#texture", "cullface": "west" },
        "east":  { "uv": [ 7.25, 6.75, 8.75, 7 ], "texture": "#texture", "cullface": "west" }
    }
},
{
    "from": [ -1.75, 8.25, 7.5 ],
    "to": [ -1.5, 9, 8.5 ],
    "faces": {
        "down":  { "uv": [ 16, 8.5, 16, 7.5 ], "texture": "#texture", "cullface": "west" },
        "north": { "uv": [ 16, 7, 16, 7.75 ], "texture": "#texture", "cullface": "west" },
        "south": { "uv": [ 0, 7, 0, 7.75 ], "texture": "#texture", "cullface": "west" },
        "west":  { "uv": [ 7.5, 7, 8.5, 7.75 ], "texture": "#texture", "cullface": "west" },
        "east":  { "uv": [ 7.5, 7, 8.5, 7.75 ], "texture": "#texture", "cullface": "west" }
    }
},
{
    "from": [ -7, 8.5, 7.75 ],
    "to": [ -6.25, 8.75, 8.25 ],
    "faces": {
        "down":  { "uv": [ 16, 8.25, 16, 7.75 ], "texture": "#texture", "cullface": "west" },
        "up":    { "uv": [ 0, 7.75, 0, 8.25 ], "texture": "#texture", "cullface": "west" },
        "north": { "uv": [ 16, 7.25, 16, 7.5 ], "texture": "#texture", "cullface": "west" },
        "south": { "uv": [ 0, 7.25, 0, 7.5 ], "texture": "#texture", "cullface": "west" }
    }
},
{
    "from": [ -7, 9.75, 7.75 ],
    "to": [ -6.25, 10, 8.25 ],
    "faces": {
        "down":  { "uv": [ 16, 8.25, 16, 7.75 ], "texture": "#texture", "cullface": "west" },
        "up":    { "uv": [ 0, 7.75, 0, 8.25 ], "texture": "#texture", "cullface": "west" },
        "north": { "uv": [ 16, 6, 16, 6.25 ], "texture": "#texture", "cullface": "west" },
        "south": { "uv": [ 0, 6, 0, 6.25 ], "texture": "#texture", "cullface": "west" }
    }
},
{
    "from": [ -7, 9, 7.25 ],
    "to": [ -6.25, 9.5, 7.5 ],
    "faces": {
        "down":  { "uv": [ 16, 7.5, 16, 7.25 ], "texture": "#texture", "cullface": "west" },
        "up":    { "uv": [ 0, 7.25, 0, 7.5 ], "texture": "#texture", "cullface": "west" },
        "north": { "uv": [ 16, 6.5, 16, 7 ], "texture": "#texture", "cullface": "west" },
        "south": { "uv": [ 0, 6.5, 0, 7 ], "texture": "#texture", "cullface": "west" }
    }
},
{
    "from": [ -7, 9, 8.5 ],
    "to": [ -6.25, 9.5, 8.75 ],
    "faces": {
        "down":  { "uv": [ 16, 8.75, 16, 8.5 ], "texture": "#texture", "cullface": "west" },
        "up":    { "uv": [ 0, 8.5, 0, 8.75 ], "texture": "#texture", "cullface": "west" },
        "north": { "uv": [ 16, 6.5, 16, 7 ], "texture": "#texture", "cullface": "west" },
        "south": { "uv": [ 0, 6.5, 0, 7 ], "texture": "#texture", "cullface": "west" }
    }
},
{
    "from": [ 10, 9.5, 7.5 ],
    "to": [ 13.75, 10, 8.5 ],
    "faces": {
        "up":    { "uv": [ 10, 7.5, 13.75, 8.5 ], "texture": "#texture" },
        "north": { "uv": [ 2.25, 6, 6, 6.5 ], "texture": "#texture" },
        "south": { "uv": [ 10, 6, 13.75, 6.5 ], "texture": "#texture" }
    }
},
{
    "from": [ 10, 10, 7.75 ],
    "to": [ 13.5, 10.25, 8.25 ],
    "faces": {
        "up":    { "uv": [ 10, 7.75, 13.5, 8.25 ], "texture": "#texture" },
        "north": { "uv": [ 2.5, 5.75, 6, 6 ], "texture": "#texture" },
        "south": { "uv": [ 10, 5.75, 13.5, 6 ], "texture": "#texture" },
        "east":  { "uv": [ 7.75, 5.75, 8.25, 6 ], "texture": "#texture" }
    }
},
{
    "from": [ 13.75, 8.25, 7.5 ],
    "to": [ 14.75, 10, 8.5 ],
    "faces": {
        "up":    { "uv": [ 13.75, 7.5, 14.75, 8.5 ], "texture": "#anvil 1" },
        "north": { "uv": [ 1.25, 6, 2.25, 7.75 ], "texture": "#anvil 1" },
        "south": { "uv": [ 13.75, 6, 14.75, 7.75 ], "texture": "#anvil 1" },
        "west":  { "uv": [ 7.5, 6, 8.5, 7.75 ], "texture": "#anvil 1" },
        "east":  { "uv": [ 7.5, 6, 8.5, 7.75 ], "texture": "#anvil 1" }
    }
},
{
    "from": [ 14.75, 8, 7.5 ],
    "to": [ 15.25, 9.75, 8.5 ],
    "faces": {
        "down":  { "uv": [ 1.25, 8.5, 0.75, 7.5 ], "texture": "#anvil 1" },
        "up":    { "uv": [ 14.75, 7.5, 15.25, 8.5 ], "texture": "#anvil 1" },
        "north": { "uv": [ 0.75, 6.25, 1.25, 8 ], "texture": "#anvil 1" },
        "south": { "uv": [ 14.75, 6.25, 15.25, 8 ], "texture": "#anvil 1" },
        "west":  { "uv": [ 7.5, 6.25, 8.5, 8 ], "texture": "#anvil 1" },
        "east":  { "uv": [ 7.5, 6.25, 8.5, 8 ], "texture": "#anvil 1" }
    }
},
{
    "from": [ 15.25, 8.25, 7.5 ],
    "to": [ 15.5, 9.5, 8.5 ],
    "faces": {
        "down":  { "uv": [ 0.75, 8.5, 0.5, 7.5 ], "texture": "#anvil 1" },
        "up":    { "uv": [ 15.25, 7.5, 15.5, 8.5 ], "texture": "#anvil 1" },
        "north": { "uv": [ 0.5, 6.5, 0.75, 7.75 ], "texture": "#anvil 1" },
        "south": { "uv": [ 15.25, 6.5, 15.5, 7.75 ], "texture": "#anvil 1" },
        "east":  { "uv": [ 7.5, 6.5, 8.5, 7.75 ], "texture": "#anvil 1" }
    }
},
{
    "from": [ 12.75, 7.75, 7.5 ],
    "to": [ 14.75, 8.25, 8.5 ],
    "faces": {
        "down":  { "uv": [ 12.75, 7.5, 14.75, 8.5 ], "texture": "#anvil 1" },
        "up":    { "uv": [ 12.75, 7.5, 14.75, 8.5 ], "texture": "#anvil 1" },
        "north": { "uv": [ 12.75, 7.75, 14.75, 8.25 ], "texture": "#anvil 1" },
        "south": { "uv": [ 12.75, 7.75, 14.75, 8.25 ], "texture": "#anvil 1" },
        "west":  { "uv": [ 7.5, 7.75, 8.5, 8.25 ], "texture": "#anvil 1" },
        "east":  { "uv": [ 7.5, 7.75, 8.5, 8.25 ], "texture": "#anvil 1" }
    }
},
{
    "from": [ 11.25, 7, 7.75 ],
    "to": [ 13.25, 7.25, 8.25 ],
    "faces": {
        "down":  { "uv": [ 4.75, 8.25, 2.75, 7.75 ], "texture": "#anvil 1" },
        "up":    { "uv": [ 11.25, 7.75, 13.25, 8.25 ], "texture": "#anvil 1" },
        "north": { "uv": [ 2.75, 8.75, 4.75, 9 ], "texture": "#anvil 1" },
        "south": { "uv": [ 11.25, 8.75, 13.25, 9 ], "texture": "#anvil 1" },
        "west":  { "uv": [ 7.75, 8.75, 8.25, 9 ], "texture": "#anvil 1" },
        "east":  { "uv": [ 7.75, 8.75, 8.25, 9 ], "texture": "#anvil 1" }
    }
},
{
    "from": [ 12.25, 7.5, 7.75 ],
    "to": [ 12.5, 8.5, 8.25 ],
    "faces": {
        "down":  { "uv": [ 1.75, 8.25, 1.5, 7.75 ], "texture": "#anvil 1" },
        "up":    { "uv": [ 14.25, 7.75, 14.5, 8.25 ], "texture": "#anvil 1" },
        "north": { "uv": [ 1.5, 7.5, 1.75, 8.5 ], "texture": "#anvil 1" },
        "south": { "uv": [ 14.25, 7.5, 14.5, 8.5 ], "texture": "#anvil 1" },
        "west":  { "uv": [ 7.75, 7.5, 8.25, 8.5 ], "texture": "#anvil 1" },
        "east":  { "uv": [ 7.75, 7.5, 8.25, 8.5 ], "texture": "#anvil 1" }
    }
},
{
    "from": [ 9.25, 6.25, 7.5 ],
    "to": [ 11.5, 8.25, 8.5 ],
    "faces": {
        "down":  { "uv": [ 6.75, 8.5, 4.5, 7.5 ], "texture": "#anvil 1" },
        "north": { "uv": [ 4.5, 7.75, 6.75, 9.75 ], "texture": "#anvil 1" },
        "south": { "uv": [ 9.25, 7.75, 11.5, 9.75 ], "texture": "#anvil 1" },
        "west":  { "uv": [ 7.5, 7.75, 8.5, 9.75 ], "texture": "#anvil 1" },
        "east":  { "uv": [ 7.5, 7.75, 8.5, 9.75 ], "texture": "#anvil 1" }
    }
},
{
    "from": [ 14.75, 9.75, 7.5 ],
    "to": [ 15, 10, 8.5 ],
    "faces": {
        "up":    { "uv": [ 14.75, 7.5, 15, 8.5 ], "texture": "#texture" },
        "north": { "uv": [ 1, 6, 1.25, 6.25 ], "texture": "#texture" },
        "south": { "uv": [ 14.75, 6, 15, 6.25 ], "texture": "#texture" },
        "east":  { "uv": [ 7.5, 6, 8.5, 6.25 ], "texture": "#texture" }
    }
},
{
    "from": [ 9.25, 8.75, 7.25 ],
    "to": [ 13.75, 9.5, 8.75 ],
    "faces": {
        "up":    { "uv": [ 9.25, 7.25, 13.75, 8.75 ], "texture": "#texture" },
        "north": { "uv": [ 2.25, 6.5, 6.75, 7.25 ], "texture": "#texture" },
        "south": { "uv": [ 9.25, 6.5, 13.75, 7.25 ], "texture": "#texture" },
        "west":  { "uv": [ 7.25, 6.5, 8.75, 7.25 ], "texture": "#texture" },
        "east":  { "uv": [ 7.25, 6.5, 8.75, 7.25 ], "texture": "#texture" }
    }
},
{
    "from": [ 9.25, 8.25, 7.25 ],
    "to": [ 13.75, 8.75, 8.75 ],
    "faces": {
        "down":  { "uv": [ 6.75, 8.75, 2.25, 7.25 ], "texture": "#texture" },
        "north": { "uv": [ 2.25, 7.25, 6.75, 7.75 ], "texture": "#texture" },
        "south": { "uv": [ 9.25, 7.25, 13.75, 7.75 ], "texture": "#texture" },
        "west":  { "uv": [ 7.25, 7.25, 8.75, 7.75 ], "texture": "#texture" },
        "east":  { "uv": [ 7.25, 7.25, 8.75, 7.75 ], "texture": "#texture" }
    }
},
{
    "from": [ 12.75, 4.25, 7.5 ],
    "to": [ 14.5, 8, 8.5 ],
    "faces": {
        "down":  { "uv": [ 14.25, 7.5, 16, 8.5 ], "texture": "#anvil 1" },
        "up":    { "uv": [ 14.25, 7.5, 16, 8.5 ], "texture": "#anvil 1" },
        "north": { "uv": [ 14.25, 8.25, 16, 12 ], "texture": "#anvil 1" },
        "south": { "uv": [ 14.25, 8.25, 16, 12 ], "texture": "#anvil 1" },
        "west":  { "uv": [ 7.5, 8.25, 8.5, 12 ], "texture": "#anvil 1" },
        "east":  { "uv": [ 7.5, 8.25, 8.5, 12 ], "texture": "#anvil 1" }
    }
},
{
    "from": [ 9, 8.5, 7.5 ],
    "to": [ 9.25, 9, 8.5 ],
    "faces": {
        "down":  { "uv": [ 7, 8.5, 6.75, 7.5 ], "texture": "#texture" },
        "north": { "uv": [ 6.75, 7, 7, 7.5 ], "texture": "#texture" },
        "south": { "uv": [ 9, 7, 9.25, 7.5 ], "texture": "#texture" },
        "west":  { "uv": [ 7.5, 7, 8.5, 7.5 ], "texture": "#texture" },
        "east":  { "uv": [ 7.5, 7, 8.5, 7.5 ], "texture": "#texture" }
    }
},
{
    "from": [ 7.75, 9, 7.25 ],
    "to": [ 9.25, 9.25, 8.75 ],
    "faces": {
        "down":  { "uv": [ 8.25, 8.75, 6.75, 7.25 ], "texture": "#texture" },
        "north": { "uv": [ 6.75, 6.75, 8.25, 7 ], "texture": "#texture" },
        "south": { "uv": [ 7.75, 6.75, 9.25, 7 ], "texture": "#texture" },
        "west":  { "uv": [ 7.25, 6.75, 8.75, 7 ], "texture": "#texture" }
    }
},
{
    "from": [ 6.25, 9.25, 7 ],
    "to": [ 9.25, 9.5, 9 ],
    "faces": {
        "down":  { "uv": [ 9.75, 9, 6.75, 7 ], "texture": "#texture" },
        "north": { "uv": [ 6.75, 6.5, 9.75, 6.75 ], "texture": "#texture" },
        "south": { "uv": [ 6.25, 6.5, 9.25, 6.75 ], "texture": "#texture" },
        "west":  { "uv": [ 7, 6.5, 9, 6.75 ], "texture": "#texture" },
        "east":  { "uv": [ 7, 6.5, 9, 6.75 ], "texture": "#texture" }
    }
},
{
    "from": [ -6.25, 8.75, 7.25 ],
    "to": [ -1.75, 9.75, 8.75 ],
    "faces": {
        "down":  { "uv": [ 16, 8.75, 16, 7.25 ], "texture": "#texture", "cullface": "west" },
        "up":    { "uv": [ 0, 7.25, 0, 8.75 ], "texture": "#texture", "cullface": "west" },
        "north": { "uv": [ 16, 6.25, 16, 7.25 ], "texture": "#texture", "cullface": "west" },
        "south": { "uv": [ 0, 6.25, 0, 7.25 ], "texture": "#texture", "cullface": "west" },
        "west":  { "uv": [ 7.25, 6.25, 8.75, 7.25 ], "texture": "#texture", "cullface": "west" },
        "east":  { "uv": [ 7.25, 6.25, 8.75, 7.25 ], "texture": "#texture", "cullface": "west" }
    }
},
{
    "from": [ -7.5, 8.5, 7.5 ],
    "to": [ -7, 8.75, 8.5 ],
    "faces": {
        "down":  { "uv": [ 16, 8.5, 16, 7.5 ], "texture": "#texture", "cullface": "west" },
        "up":    { "uv": [ 0, 7.5, 0, 8.5 ], "texture": "#texture", "cullface": "west" },
        "north": { "uv": [ 16, 7.25, 16, 7.5 ], "texture": "#texture", "cullface": "west" },
        "south": { "uv": [ 0, 7.25, 0, 7.5 ], "texture": "#texture", "cullface": "west" },
        "west":  { "uv": [ 7.5, 7.25, 8.5, 7.5 ], "texture": "#texture", "cullface": "west" },
        "east":  { "uv": [ 7.5, 7.25, 8.5, 7.5 ], "texture": "#texture", "cullface": "west" }
    }
},
{
    "from": [ -7.5, 8.75, 7.25 ],
    "to": [ -7, 9.75, 7.5 ],
    "faces": {
        "down":  { "uv": [ 16, 7.5, 16, 7.25 ], "texture": "#texture", "cullface": "west" },
        "up":    { "uv": [ 0, 7.25, 0, 7.5 ], "texture": "#texture", "cullface": "west" },
        "north": { "uv": [ 16, 6.25, 16, 7.25 ], "texture": "#texture", "cullface": "west" },
        "south": { "uv": [ 0, 6.25, 0, 7.25 ], "texture": "#texture", "cullface": "west" },
        "west":  { "uv": [ 7.25, 6.25, 7.5, 7.25 ], "texture": "#texture", "cullface": "west" },
        "east":  { "uv": [ 8.5, 6.25, 8.75, 7.25 ], "texture": "#texture", "cullface": "west" }
    }
},
{
    "from": [ -7.5, 8.75, 8.5 ],
    "to": [ -7, 9.75, 8.75 ],
    "faces": {
        "down":  { "uv": [ 16, 8.75, 16, 8.5 ], "texture": "#texture", "cullface": "west" },
        "up":    { "uv": [ 0, 8.5, 0, 8.75 ], "texture": "#texture", "cullface": "west" },
        "north": { "uv": [ 16, 6.25, 16, 7.25 ], "texture": "#texture", "cullface": "west" },
        "south": { "uv": [ 0, 6.25, 0, 7.25 ], "texture": "#texture", "cullface": "west" },
        "west":  { "uv": [ 8.5, 6.25, 8.75, 7.25 ], "texture": "#texture", "cullface": "west" },
        "east":  { "uv": [ 7.25, 6.25, 7.5, 7.25 ], "texture": "#texture", "cullface": "west" }
    }
},
{
    "from": [ -7.5, 9.75, 7.5 ],
    "to": [ -7, 10, 8.5 ],
    "faces": {
        "down":  { "uv": [ 16, 8.5, 16, 7.5 ], "texture": "#texture", "cullface": "west" },
        "up":    { "uv": [ 0, 7.5, 0, 8.5 ], "texture": "#texture", "cullface": "west" },
        "north": { "uv": [ 16, 6, 16, 6.25 ], "texture": "#texture", "cullface": "west" },
        "south": { "uv": [ 0, 6, 0, 6.25 ], "texture": "#texture", "cullface": "west" },
        "west":  { "uv": [ 7.5, 6, 8.5, 6.25 ], "texture": "#texture", "cullface": "west" },
        "east":  { "uv": [ 7.5, 6, 8.5, 6.25 ], "texture": "#texture", "cullface": "west" }
    }
},
{
    "from": [ 8.75, 7, 7.5 ],
    "to": [ 9.25, 8, 8.5 ],
    "faces": {
        "down":  { "uv": [ 7.25, 8.5, 6.75, 7.5 ], "texture": "#texture" },
        "up":    { "uv": [ 8.75, 7.5, 9.25, 8.5 ], "texture": "#texture" },
        "north": { "uv": [ 6.75, 8, 7.25, 9 ], "texture": "#texture" },
        "south": { "uv": [ 8.75, 8, 9.25, 9 ], "texture": "#texture" }
    }
},
{
    "from": [ 9.25, 10, 7.5 ],
    "to": [ 10, 10.25, 8.5 ],
    "faces": {
        "up":    { "uv": [ 9.25, 7.5, 10, 8.5 ], "texture": "#texture" },
        "north": { "uv": [ 6, 5.75, 6.75, 6 ], "texture": "#texture" },
        "south": { "uv": [ 9.25, 5.75, 10, 6 ], "texture": "#texture" },
        "east":  { "uv": [ 7.5, 5.75, 8.5, 6 ], "texture": "#texture" }
    }
},
{
    "from": [ 9.25, 9.5, 7.25 ],
    "to": [ 10, 10, 8.75 ],
    "faces": {
        "up":    { "uv": [ 9.25, 7.25, 10, 8.75 ], "texture": "#texture" },
        "north": { "uv": [ 6, 6, 6.75, 6.5 ], "texture": "#texture" },
        "south": { "uv": [ 9.25, 6, 10, 6.5 ], "texture": "#texture" },
        "east":  { "uv": [ 7.25, 6, 8.75, 6.5 ], "texture": "#texture" }
    }
},
{
    "from": [ 8, 6.75, 7.25 ],
    "to": [ 8.75, 8.25, 8.75 ],
    "faces": {
        "down":  { "uv": [ 8, 8.75, 7.25, 7.25 ], "texture": "#hardened clay stained blue" },
        "up":    { "uv": [ 8, 7.25, 8.75, 8.75 ], "texture": "#hardened clay stained blue" },
        "north": { "uv": [ 7.25, 7.75, 8, 9.25 ], "texture": "#hardened clay stained blue" },
        "south": { "uv": [ 8, 7.75, 8.75, 9.25 ], "texture": "#hardened clay stained blue" },
        "east":  { "uv": [ 7.25, 7.75, 8.75, 9.25 ], "texture": "#hardened clay stained blue" }
    }
},
{
    "from": [ 6.5, 6.5, 7.25 ],
    "to": [ 8, 8.5, 8.75 ],
    "faces": {
        "down":  { "uv": [ 9.5, 8.75, 8, 7.25 ], "texture": "#hardened clay stained blue" },
        "up":    { "uv": [ 6.5, 7.25, 8, 8.75 ], "texture": "#hardened clay stained blue" },
        "north": { "uv": [ 8, 7.5, 9.5, 9.5 ], "texture": "#hardened clay stained blue" },
        "south": { "uv": [ 6.5, 7.5, 8, 9.5 ], "texture": "#hardened clay stained blue" },
        "east":  { "uv": [ 7.25, 7.5, 8.75, 9.5 ], "texture": "#hardened clay stained blue" }
    }
},
{
    "from": [ -1.25, 6.75, 7.25 ],
    "to": [ -0.5, 8.25, 8.75 ],
    "faces": {
        "down":  { "uv": [ 16, 8.75, 16, 7.25 ], "texture": "#hardened clay stained blue", "cullface": "west" },
        "up":    { "uv": [ 0, 7.25, 0, 8.75 ], "texture": "#hardened clay stained blue", "cullface": "west" },
        "north": { "uv": [ 16, 7.75, 16, 9.25 ], "texture": "#hardened clay stained blue", "cullface": "west" },
        "south": { "uv": [ 0, 7.75, 0, 9.25 ], "texture": "#hardened clay stained blue", "cullface": "west" },
        "west":  { "uv": [ 7.25, 7.75, 8.75, 9.25 ], "texture": "#hardened clay stained blue", "cullface": "west" }
    }
},
{
    "from": [ -0.5, 6.5, 7.25 ],
    "to": [ 1, 8.5, 8.75 ],
    "faces": {
        "down":  { "uv": [ 16, 8.75, 15, 7.25 ], "texture": "#hardened clay stained blue", "cullface": "west" },
        "up":    { "uv": [ 0, 7.25, 1, 8.75 ], "texture": "#hardened clay stained blue", "cullface": "west" },
        "north": { "uv": [ 15, 7.5, 16, 9.5 ], "texture": "#hardened clay stained blue", "cullface": "west" },
        "south": { "uv": [ 0, 7.5, 1, 9.5 ], "texture": "#hardened clay stained blue", "cullface": "west" },
        "west":  { "uv": [ 7.25, 7.5, 8.75, 9.5 ], "texture": "#hardened clay stained blue", "cullface": "west" }
    }
},
{
    "from": [ -0.5, 6.75, 7 ],
    "to": [ 8, 8.25, 9 ],
    "faces": {
        "down":  { "uv": [ 16, 9, 8, 7 ], "texture": "#hardened clay stained blue", "cullface": "west" },
        "up":    { "uv": [ 0, 7, 8, 9 ], "texture": "#hardened clay stained blue", "cullface": "west" },
        "north": { "uv": [ 8, 7.75, 16, 9.25 ], "texture": "#hardened clay stained blue", "cullface": "west" },
        "south": { "uv": [ 0, 7.75, 8, 9.25 ], "texture": "#hardened clay stained blue", "cullface": "west" },
        "west":  { "uv": [ 7, 7.75, 9, 9.25 ], "texture": "#hardened clay stained blue", "cullface": "west" },
        "east":  { "uv": [ 7, 7.75, 9, 9.25 ], "texture": "#hardened clay stained blue", "cullface": "west" }
    }
},
{
    "from": [ 1, 6.25, 7 ],
    "to": [ 6.5, 8.75, 9 ],
    "faces": {
        "down":  { "uv": [ 15, 9, 9.5, 7 ], "texture": "#hardened clay stained blue" },
        "up":    { "uv": [ 1, 7, 6.5, 9 ], "texture": "#hardened clay stained blue" },
        "north": { "uv": [ 9.5, 7.25, 15, 9.75 ], "texture": "#hardened clay stained blue" },
        "south": { "uv": [ 1, 7.25, 6.5, 9.75 ], "texture": "#hardened clay stained blue" },
        "west":  { "uv": [ 7, 7.25, 9, 9.75 ], "texture": "#hardened clay stained blue" },
        "east":  { "uv": [ 7, 7.25, 9, 9.75 ], "texture": "#hardened clay stained blue" }
    }
},
{
    "from": [ 1.25, 6.5, 6.75 ],
    "to": [ 6.25, 8.5, 9.25 ],
    "faces": {
        "down":  { "uv": [ 14.75, 9.25, 9.75, 6.75 ], "texture": "#hardened clay stained blue" },
        "up":    { "uv": [ 1.25, 6.75, 6.25, 9.25 ], "texture": "#hardened clay stained blue" },
        "north": { "uv": [ 9.75, 7.5, 14.75, 9.5 ], "texture": "#hardened clay stained blue" },
        "south": { "uv": [ 1.25, 7.5, 6.25, 9.5 ], "texture": "#hardened clay stained blue" },
        "west":  { "uv": [ 6.75, 7.5, 9.25, 9.5 ], "texture": "#hardened clay stained blue" },
        "east":  { "uv": [ 6.75, 7.5, 9.25, 9.5 ], "texture": "#hardened clay stained blue" }
    }
},
{
    "from": [ 1.5, 9, 6.5 ],
    "to": [ 2.5, 9.5, 7 ],
    "faces": {
        "down":  { "uv": [ 14.5, 7, 13.5, 6.5 ], "texture": "#texture" },
        "up":    { "uv": [ 1.5, 6.5, 2.5, 7 ], "texture": "#texture" },
        "north": { "uv": [ 13.5, 6.5, 14.5, 7 ], "texture": "#texture" },
        "south": { "uv": [ 1.5, 6.5, 2.5, 7 ], "texture": "#texture" },
        "west":  { "uv": [ 6.5, 6.5, 7, 7 ], "texture": "#texture" },
        "east":  { "uv": [ 9, 6.5, 9.5, 7 ], "texture": "#texture" }
    }
},
{
    "from": [ 1.5, 9, 9 ],
    "to": [ 2.5, 9.5, 9.5 ],
    "faces": {
        "down":  { "uv": [ 14.5, 9.5, 13.5, 9 ], "texture": "#texture" },
        "up":    { "uv": [ 1.5, 9, 2.5, 9.5 ], "texture": "#texture" },
        "north": { "uv": [ 13.5, 6.5, 14.5, 7 ], "texture": "#texture" },
        "south": { "uv": [ 1.5, 6.5, 2.5, 7 ], "texture": "#texture" },
        "west":  { "uv": [ 9, 6.5, 9.5, 7 ], "texture": "#texture" },
        "east":  { "uv": [ 6.5, 6.5, 7, 7 ], "texture": "#texture" }
    }
},
{
    "from": [ 1.5, 5.75, 6.75 ],
    "to": [ 2.5, 6.25, 9.25 ],
    "faces": {
        "down":  { "uv": [ 14.5, 9.25, 13.5, 6.75 ], "texture": "#texture" },
        "up":    { "uv": [ 1.5, 6.75, 2.5, 9.25 ], "texture": "#texture" },
        "north": { "uv": [ 13.5, 9.75, 14.5, 10.25 ], "texture": "#texture" },
        "south": { "uv": [ 1.5, 9.75, 2.5, 10.25 ], "texture": "#texture" },
        "west":  { "uv": [ 6.75, 9.75, 9.25, 10.25 ], "texture": "#texture" },
        "east":  { "uv": [ 6.75, 9.75, 9.25, 10.25 ], "texture": "#texture" }
    }
},
{
    "from": [ 1.5, 6.25, 9.25 ],
    "to": [ 2.5, 9.25, 9.75 ],
    "faces": {
        "down":  { "uv": [ 14.5, 9.75, 13.5, 9.25 ], "texture": "#texture" },
        "up":    { "uv": [ 1.5, 9.25, 2.5, 9.75 ], "texture": "#texture" },
        "north": { "uv": [ 13.5, 6.75, 14.5, 9.75 ], "texture": "#texture" },
        "south": { "uv": [ 1.5, 6.75, 2.5, 9.75 ], "texture": "#texture" },
        "west":  { "uv": [ 9.25, 6.75, 9.75, 9.75 ], "texture": "#texture" },
        "east":  { "uv": [ 6.25, 6.75, 6.75, 9.75 ], "texture": "#texture" }
    }
},
{
    "from": [ 1.5, 6.25, 6.25 ],
    "to": [ 2.5, 9.25, 6.75 ],
    "faces": {
        "down":  { "uv": [ 14.5, 6.75, 13.5, 6.25 ], "texture": "#texture" },
        "up":    { "uv": [ 1.5, 6.25, 2.5, 6.75 ], "texture": "#texture" },
        "north": { "uv": [ 13.5, 6.75, 14.5, 9.75 ], "texture": "#texture" },
        "south": { "uv": [ 1.5, 6.75, 2.5, 9.75 ], "texture": "#texture" },
        "west":  { "uv": [ 6.25, 6.75, 6.75, 9.75 ], "texture": "#texture" },
        "east":  { "uv": [ 9.25, 6.75, 9.75, 9.75 ], "texture": "#texture" }
    }
},
{
    "from": [ 1.5, 6, 6.5 ],
    "to": [ 2.5, 6.5, 9.5 ],
    "faces": {
        "down":  { "uv": [ 14.5, 9.5, 13.5, 6.5 ], "texture": "#texture" },
        "up":    { "uv": [ 1.5, 6.5, 2.5, 9.5 ], "texture": "#texture" },
        "north": { "uv": [ 13.5, 9.5, 14.5, 10 ], "texture": "#texture" },
        "south": { "uv": [ 1.5, 9.5, 2.5, 10 ], "texture": "#texture" },
        "west":  { "uv": [ 6.5, 9.5, 9.5, 10 ], "texture": "#texture" },
        "east":  { "uv": [ 6.5, 9.5, 9.5, 10 ], "texture": "#texture" }
    }
},
{
    "from": [ -1.75, 7, 7.5 ],
    "to": [ -1.25, 8, 8.5 ],
    "faces": {
        "down":  { "uv": [ 16, 8.5, 16, 7.5 ], "texture": "#texture", "cullface": "west" },
        "up":    { "uv": [ 0, 7.5, 0, 8.5 ], "texture": "#texture", "cullface": "west" },
        "north": { "uv": [ 16, 8, 16, 9 ], "texture": "#texture", "cullface": "west" },
        "south": { "uv": [ 0, 8, 0, 9 ], "texture": "#texture", "cullface": "west" },
        "west":  { "uv": [ 7.5, 8, 8.5, 9 ], "texture": "#texture", "cullface": "west" }
    }
},
{
    "from": [ -7.75, 7.25, 7.75 ],
    "to": [ -1.75, 7.75, 8.25 ],
    "faces": {
        "down":  { "uv": [ 16, 8.25, 16, 7.75 ], "texture": "#texture", "cullface": "west" },
        "up":    { "uv": [ 0, 7.75, 0, 8.25 ], "texture": "#texture", "cullface": "west" },
        "north": { "uv": [ 16, 8.25, 16, 8.75 ], "texture": "#texture", "cullface": "west" },
        "south": { "uv": [ 0, 8.25, 0, 8.75 ], "texture": "#texture", "cullface": "west" }
    }
},
{
    "from": [ -8.5, 6.75, 7.75 ],
    "to": [ -7.75, 8.25, 8.25 ],
    "faces": {
        "down":  { "uv": [ 16, 8.5, 16, 7.5 ], "texture": "#texture", "cullface": "west" },
        "up":    { "uv": [ 0, 7.5, 0, 8.5 ], "texture": "#texture", "cullface": "west" },
        "north": { "uv": [ 16, 7, 16, 8.5 ], "texture": "#texture", "cullface": "west" },
        "south": { "uv": [ 0, 7, 0, 8.5 ], "texture": "#texture", "cullface": "west" },
        "west":  { "uv": [ 7.5, 7, 8.5, 8.5 ], "texture": "#texture", "cullface": "west" },
        "east":  { "uv": [ 7.5, 7, 8.5, 8.5 ], "texture": "#texture", "cullface": "west" }
    }
},
{
    "from": [ -5.5, 7, 7.5 ],
    "to": [ -5, 8.5, 8.5 ],
    "faces": {
        "down":  { "uv": [ 16, 8.5, 16, 7.5 ], "texture": "#texture", "cullface": "west" },
        "north": { "uv": [ 16, 7.5, 16, 9 ], "texture": "#texture", "cullface": "west" },
        "south": { "uv": [ 0, 7.5, 0, 9 ], "texture": "#texture", "cullface": "west" },
        "west":  { "uv": [ 7.5, 7.5, 8.5, 9 ], "texture": "#texture", "cullface": "west" },
        "east":  { "uv": [ 7.5, 7.5, 8.5, 9 ], "texture": "#texture", "cullface": "west" }
    }
}
],
"display": {
    "thirdperson_righthand": {
        "rotation": [ 0, -90, -65 ],
        "translation": [ -1.32, 4.91, -1.7 ],
        "scale": [ 1.5, 1.5, 1.5 ]
    },
    "thirdperson_lefthand": {
        "rotation": [ 0, 90, 65 ],
        "translation": [ -1.32, 4.54, -1.7 ],
        "scale": [ 1.5, 1.5, 1.5 ]
    },
    "ground": {
        "rotation": [ 0, 0, 0 ],
        "translation": [ 0, 0, 0 ],
        "scale": [ 2, 1.5, 1.5 ]
    },
    "firstperson_righthand": {
        "rotation": [ 0, -98, -1 ],
        "translation": [ 2.08, -0.57, -7.56 ],
        "scale": [ 1.5, 1.5, 1.2 ]
    },
    "firstperson_lefthand": {
        "rotation": [ 0, 98, 1 ],
        "translation": [ 2.08, -0.19, -7.56 ],
        "scale": [ 1.5, 1.5, 1.2 ]
    },
    "gui": {
        "rotation": [ 7, 4, -43 ],
        "translation": [ 3.21, -3.4, 0 ],
        "scale": [ 1.2, 1.2, 1.2 ]
    }
}
}