{
"__comment": "Designed by FirecatHD",
"textures": {
    "texture": "jhsy/jian/multielement_spear_all",
    "red-blue_swirl": "jhsy/red-blue_swirl",
    "green-yellow_swirl": "jhsy/green-yellow_swirl"
},
"elements": [ 
{
    "from": [ 1.25, 7.5, 7.75 ],
    "to": [ 6, 8.5, 8.75 ],
    "faces": {
        "down":  { "uv": [ 0, 6.25, 4.5, 7.75 ], "texture": "#texture" },
        "up":    { "uv": [ 0, 6.25, 4.5, 7.75 ], "texture": "#texture" },
        "north": { "uv": [ 0, 4.5, 4.5, 6 ], "texture": "#texture" },
        "south": { "uv": [ 0, 4.5, 4.5, 6 ], "texture": "#texture" },
        "west":  { "uv": [ 3, 4.5, 4.5, 6 ], "texture": "#texture" },
        "east":  { "uv": [ 3, 4.5, 4.5, 6 ], "texture": "#texture" }
    }
},
{
    "from": [ -0.25, 7.25, 7.5 ],
    "to": [ 4.25, 8.75, 9 ],
    "faces": {
        "down":  { "uv": [ 0, 6.25, 4.5, 7.75 ], "texture": "#texture" },
        "up":    { "uv": [ 0, 6.25, 4.5, 7.75 ], "texture": "#texture" },
        "north": { "uv": [ 0, 4.5, 4.5, 6 ], "texture": "#texture" },
        "south": { "uv": [ 0, 4.5, 4.5, 6 ], "texture": "#texture" },
        "west":  { "uv": [ 3, 4.5, 4.5, 6 ], "texture": "#texture" },
        "east":  { "uv": [ 3, 4.5, 4.5, 6 ], "texture": "#texture" }
    }
},
{
    "from": [ 0, 7, 7.25 ],
    "to": [ 2.75, 9, 9.25 ],
    "faces": {
        "down":  { "uv": [ 8.75, 12.5, 13.25, 14 ], "texture": "#texture" },
        "up":    { "uv": [ 8.75, 12.5, 13.25, 14 ], "texture": "#texture" },
        "north": { "uv": [ 2.25, 13.25, 6.75, 14.75 ], "texture": "#texture" },
        "south": { "uv": [ 2.25, 13.25, 6.75, 14.75 ], "texture": "#texture" },
        "west":  { "uv": [ 11.25, 14.25, 12.75, 15.75 ], "texture": "#texture" },
        "east":  { "uv": [ 11.25, 14.25, 12.75, 15.75 ], "texture": "#texture" }
    }
},
{
    "from": [ 0.25, 6.75, 7.5 ],
    "to": [ 1.75, 9.25, 9 ],
    "faces": {
        "down":  { "uv": [ 0, 6.25, 4.5, 7.75 ], "texture": "#texture" },
        "up":    { "uv": [ 0, 6.25, 4.5, 7.75 ], "texture": "#texture" },
        "north": { "uv": [ 0, 4.5, 4.5, 6 ], "texture": "#texture" },
        "south": { "uv": [ 0, 4.5, 4.5, 6 ], "texture": "#texture" },
        "west":  { "uv": [ 3, 4.5, 4.5, 6 ], "texture": "#texture" },
        "east":  { "uv": [ 3, 4.5, 4.5, 6 ], "texture": "#texture" }
    }
},
{
    "from": [ 0.25, 7.25, 7 ],
    "to": [ 1.75, 8.75, 9.5 ],
    "faces": {
        "down":  { "uv": [ 0, 6.25, 4.5, 7.75 ], "texture": "#texture" },
        "up":    { "uv": [ 0, 6.25, 4.5, 7.75 ], "texture": "#texture" },
        "north": { "uv": [ 0, 4.5, 4.5, 6 ], "texture": "#texture" },
        "south": { "uv": [ 0, 4.5, 4.5, 6 ], "texture": "#texture" },
        "west":  { "uv": [ 3, 4.5, 4.5, 6 ], "texture": "#texture" },
        "east":  { "uv": [ 3, 4.5, 4.5, 6 ], "texture": "#texture" }
    }
},
{
    "from": [ -9.375, 6.875, 8.1875 ],
    "to": [ -1.875, 9.125, 8.5625 ],
    "faces": {
        "down":  { "uv": [ 1.5, 1.25, 9, 1.625 ], "texture": "#texture" },
        "up":    { "uv": [ 1.5, 1.25, 9, 1.625 ], "texture": "#texture" },
        "north": { "uv": [ 2.75, 0, 10.25, 2.25 ], "texture": "#texture" },
        "south": { "uv": [ 2.75, 0, 10.25, 2.25 ], "texture": "#texture" },
        "west":  { "uv": [ 9.25, 0.5, 9.625, 2.75 ], "texture": "#texture" },
        "east":  { "uv": [ 9.25, 0.5, 9.625, 2.75 ], "texture": "#texture" }
    }
},
{
    "from": [ 19.5, 7.25, 7.5 ],
    "to": [ 21.25, 8.75, 9 ],
    "faces": {
        "down":  { "uv": [ 8.75, 12.5, 13.25, 14 ], "texture": "#texture" },
        "up":    { "uv": [ 8.75, 12.5, 13.25, 14 ], "texture": "#texture" },
        "north": { "uv": [ 2.25, 13.25, 6.75, 14.75 ], "texture": "#texture" },
        "south": { "uv": [ 2.25, 13.25, 6.75, 14.75 ], "texture": "#texture" },
        "west":  { "uv": [ 11.25, 14.25, 12.75, 15.75 ], "texture": "#texture" },
        "east":  { "uv": [ 11.25, 14.25, 12.75, 15.75 ], "texture": "#texture" }
    }
},
{
    "from": [ 21.75, 6.5, 8 ],
    "to": [ 24, 7.25, 8.5 ],
    "rotation": { "origin": [ 21.75, 7.25, 8 ], "axis": "z", "angle": -45 },
    "faces": {
        "down":  { "uv": [ 8.25, 5.25, 10.5, 5.75 ], "texture": "#texture" },
        "up":    { "uv": [ 8.25, 5.25, 10.5, 5.75 ], "texture": "#texture" },
        "north": { "uv": [ 8, 6.75, 10.25, 7.5 ], "texture": "#texture" },
        "south": { "uv": [ 8, 6.75, 10.25, 7.5 ], "texture": "#texture" },
        "west":  { "uv": [ 9.25, 5.5, 9.75, 6.25 ], "texture": "#texture" },
        "east":  { "uv": [ 9.25, 5.5, 9.75, 6.25 ], "texture": "#texture" }
    }
},
{
    "from": [ 21.1875, 8.5625, 8 ],
    "to": [ 23.4375, 9.3125, 8.5 ],
    "rotation": { "origin": [ 21.1875, 9.3125, 8 ], "axis": "z", "angle": 45 },
    "faces": {
        "down":  { "uv": [ 2.25, 10.5, 4.5, 11 ], "texture": "#texture" },
        "up":    { "uv": [ 2.25, 10.5, 4.5, 11 ], "texture": "#texture" },
        "north": { "uv": [ 2, 8.5, 4.25, 9.25 ], "texture": "#texture" },
        "south": { "uv": [ 2, 8.5, 4.25, 9.25 ], "texture": "#texture" },
        "west":  { "uv": [ 4.25, 8.5, 4.75, 9.25 ], "texture": "#texture" },
        "east":  { "uv": [ 4.25, 8.5, 4.75, 9.25 ], "texture": "#texture" }
    }
},
{
    "from": [ 21.75, 7.625, 7.75 ],
    "to": [ 24.5, 8.375, 8.75 ],
    "faces": {
        "down":  { "uv": [ 10.75, 1.25, 13, 1.75 ], "texture": "#texture" },
        "up":    { "uv": [ 10.75, 1.25, 13, 1.75 ], "texture": "#texture" },
        "north": { "uv": [ 7.25, 2.25, 9.5, 3 ], "texture": "#texture" },
        "south": { "uv": [ 7.25, 2.25, 9.5, 3 ], "texture": "#texture" },
        "west":  { "uv": [ 8.75, 1.75, 9.25, 2.5 ], "texture": "#texture" },
        "east":  { "uv": [ 8.75, 1.75, 9.25, 2.5 ], "texture": "#texture" }
    }
},
{
    "from": [ 20, 7, 7.75 ],
    "to": [ 21, 9, 8.75 ],
    "faces": {
        "down":  { "uv": [ 0, 6.25, 4.5, 7.75 ], "texture": "#texture" },
        "up":    { "uv": [ 0, 6.25, 4.5, 7.75 ], "texture": "#texture" },
        "north": { "uv": [ 0, 4.5, 4.5, 6 ], "texture": "#texture" },
        "south": { "uv": [ 0, 4.5, 4.5, 6 ], "texture": "#texture" },
        "west":  { "uv": [ 3, 4.5, 4.5, 6 ], "texture": "#texture" },
        "east":  { "uv": [ 3, 4.5, 4.5, 6 ], "texture": "#texture" }
    }
},
{
    "from": [ 19.25, 7.5, 7.75 ],
    "to": [ 21.5, 8.5, 8.75 ],
    "faces": {
        "down":  { "uv": [ 0, 6.25, 4.5, 7.75 ], "texture": "#texture" },
        "up":    { "uv": [ 0, 6.25, 4.5, 7.75 ], "texture": "#texture" },
        "north": { "uv": [ 0, 4.5, 4.5, 6 ], "texture": "#texture" },
        "south": { "uv": [ 0, 4.5, 4.5, 6 ], "texture": "#texture" },
        "west":  { "uv": [ 3, 4.5, 4.5, 6 ], "texture": "#texture" },
        "east":  { "uv": [ 3, 4.5, 4.5, 6 ], "texture": "#texture" }
    }
},
{
    "from": [ 20, 7.5, 7.25 ],
    "to": [ 21, 8.5, 9.25 ],
    "faces": {
        "down":  { "uv": [ 0, 6.25, 4.5, 7.75 ], "texture": "#texture" },
        "up":    { "uv": [ 0, 6.25, 4.5, 7.75 ], "texture": "#texture" },
        "north": { "uv": [ 0, 4.5, 4.5, 6 ], "texture": "#texture" },
        "south": { "uv": [ 0, 4.5, 4.5, 6 ], "texture": "#texture" },
        "west":  { "uv": [ 3, 4.5, 4.5, 6 ], "texture": "#texture" },
        "east":  { "uv": [ 3, 4.5, 4.5, 6 ], "texture": "#texture" }
    }
},
{
    "from": [ 5.75, 7.75, 8 ],
    "to": [ 19.5, 8.25, 8.5 ],
    "faces": {
        "down":  { "uv": [ 10.75, 2.25, 15.25, 2.75 ], "texture": "#texture" },
        "up":    { "uv": [ 10.75, 2.25, 15.25, 2.75 ], "texture": "#texture" },
        "north": { "uv": [ 9.5, 2.25, 14, 2.75 ], "texture": "#texture" },
        "south": { "uv": [ 9.5, 2.25, 14, 2.75 ], "texture": "#texture" },
        "west":  { "uv": [ 12.5, 2.5, 14, 3 ], "texture": "#texture" },
        "east":  { "uv": [ 12.5, 2.5, 14, 3 ], "texture": "#texture" }
    }
},
{
    "from": [ 10, 7.625, 7.875 ],
    "to": [ 11.25, 8.375, 8.625 ],
    "faces": {
        "down":  { "uv": [ 0, 6.25, 4.5, 7.75 ], "texture": "#texture" },
        "up":    { "uv": [ 0, 6.25, 4.5, 7.75 ], "texture": "#texture" },
        "north": { "uv": [ 0, 4.5, 4.5, 6 ], "texture": "#texture" },
        "south": { "uv": [ 0, 4.5, 4.5, 6 ], "texture": "#texture" },
        "west":  { "uv": [ 3, 4.5, 4.5, 6 ], "texture": "#texture" },
        "east":  { "uv": [ 3, 4.5, 4.5, 6 ], "texture": "#texture" }
    }
},
{
    "from": [ 11.5, 7.625, 7.875 ],
    "to": [ 12, 8.375, 8.625 ],
    "faces": {
        "down":  { "uv": [ 8.75, 12.5, 13.25, 14 ], "texture": "#texture" },
        "up":    { "uv": [ 8.75, 12.5, 13.25, 14 ], "texture": "#texture" },
        "north": { "uv": [ 2.25, 13.25, 6.75, 14.75 ], "texture": "#texture" },
        "south": { "uv": [ 2.25, 13.25, 6.75, 14.75 ], "texture": "#texture" },
        "west":  { "uv": [ 11.25, 14.25, 12.75, 15.75 ], "texture": "#texture" },
        "east":  { "uv": [ 11.25, 14.25, 12.75, 15.75 ], "texture": "#texture" }
    }
},
{
    "from": [ 12.25, 7.625, 7.875 ],
    "to": [ 12.75, 8.375, 8.625 ],
    "faces": {
        "down":  { "uv": [ 8.75, 12.5, 13.25, 14 ], "texture": "#texture" },
        "up":    { "uv": [ 8.75, 12.5, 13.25, 14 ], "texture": "#texture" },
        "north": { "uv": [ 2.25, 13.25, 6.75, 14.75 ], "texture": "#texture" },
        "south": { "uv": [ 2.25, 13.25, 6.75, 14.75 ], "texture": "#texture" },
        "west":  { "uv": [ 11.25, 14.25, 12.75, 15.75 ], "texture": "#texture" },
        "east":  { "uv": [ 11.25, 14.25, 12.75, 15.75 ], "texture": "#texture" }
    }
},
{
    "from": [ 13.75, 7.625, 7.875 ],
    "to": [ 15, 8.375, 8.625 ],
    "faces": {
        "down":  { "uv": [ 0, 6.25, 4.5, 7.75 ], "texture": "#texture" },
        "up":    { "uv": [ 0, 6.25, 4.5, 7.75 ], "texture": "#texture" },
        "north": { "uv": [ 0, 4.5, 4.5, 6 ], "texture": "#texture" },
        "south": { "uv": [ 0, 4.5, 4.5, 6 ], "texture": "#texture" },
        "west":  { "uv": [ 3, 4.5, 4.5, 6 ], "texture": "#texture" },
        "east":  { "uv": [ 3, 4.5, 4.5, 6 ], "texture": "#texture" }
    }
},
{
    "from": [ 15.25, 7.75, 7.5 ],
    "to": [ 16.25, 8.25, 9 ],
    "faces": {
        "down":  { "uv": [ 0, 6.25, 4.5, 7.75 ], "texture": "#texture" },
        "up":    { "uv": [ 0, 6.25, 4.5, 7.75 ], "texture": "#texture" },
        "north": { "uv": [ 0, 4.5, 4.5, 6 ], "texture": "#texture" },
        "south": { "uv": [ 0, 4.5, 4.5, 6 ], "texture": "#texture" },
        "west":  { "uv": [ 3, 4.5, 4.5, 6 ], "texture": "#texture" },
        "east":  { "uv": [ 3, 4.5, 4.5, 6 ], "texture": "#texture" }
    }
},
{
    "from": [ 15, 7.5, 7.75 ],
    "to": [ 16.5, 8.5, 8.75 ],
    "faces": {
        "down":  { "uv": [ 8.75, 12.5, 13.25, 14 ], "texture": "#texture" },
        "up":    { "uv": [ 8.75, 12.5, 13.25, 14 ], "texture": "#texture" },
        "north": { "uv": [ 2.25, 13.25, 6.75, 14.75 ], "texture": "#texture" },
        "south": { "uv": [ 2.25, 13.25, 6.75, 14.75 ], "texture": "#texture" },
        "west":  { "uv": [ 11.25, 14.25, 12.75, 15.75 ], "texture": "#texture" },
        "east":  { "uv": [ 11.25, 14.25, 12.75, 15.75 ], "texture": "#texture" }
    }
},
{
    "from": [ 15.25, 7.25, 8 ],
    "to": [ 16.25, 8.75, 8.5 ],
    "faces": {
        "down":  { "uv": [ 0, 6.25, 4.5, 7.75 ], "texture": "#texture" },
        "up":    { "uv": [ 0, 6.25, 4.5, 7.75 ], "texture": "#texture" },
        "north": { "uv": [ 0, 4.5, 4.5, 6 ], "texture": "#texture" },
        "south": { "uv": [ 0, 4.5, 4.5, 6 ], "texture": "#texture" },
        "west":  { "uv": [ 3, 4.5, 4.5, 6 ], "texture": "#texture" },
        "east":  { "uv": [ 3, 4.5, 4.5, 6 ], "texture": "#texture" }
    }
},
{
    "from": [ 8.75, 7.25, 8 ],
    "to": [ 9.75, 8.75, 8.5 ],
    "faces": {
        "down":  { "uv": [ 0, 6.25, 4.5, 7.75 ], "texture": "#texture" },
        "up":    { "uv": [ 0, 6.25, 4.5, 7.75 ], "texture": "#texture" },
        "north": { "uv": [ 0, 4.5, 4.5, 6 ], "texture": "#texture" },
        "south": { "uv": [ 0, 4.5, 4.5, 6 ], "texture": "#texture" },
        "west":  { "uv": [ 3, 4.5, 4.5, 6 ], "texture": "#texture" },
        "east":  { "uv": [ 3, 4.5, 4.5, 6 ], "texture": "#texture" }
    }
},
{
    "from": [ 8.5, 7.5, 7.75 ],
    "to": [ 10, 8.5, 8.75 ],
    "faces": {
        "down":  { "uv": [ 8.75, 12.5, 13.25, 14 ], "texture": "#texture" },
        "up":    { "uv": [ 8.75, 12.5, 13.25, 14 ], "texture": "#texture" },
        "north": { "uv": [ 2.25, 13.25, 6.75, 14.75 ], "texture": "#texture" },
        "south": { "uv": [ 2.25, 13.25, 6.75, 14.75 ], "texture": "#texture" },
        "west":  { "uv": [ 11.25, 14.25, 12.75, 15.75 ], "texture": "#texture" },
        "east":  { "uv": [ 11.25, 14.25, 12.75, 15.75 ], "texture": "#texture" }
    }
},
{
    "from": [ 8.75, 7.75, 7.5 ],
    "to": [ 9.75, 8.25, 9 ],
    "faces": {
        "down":  { "uv": [ 0, 6.25, 4.5, 7.75 ], "texture": "#texture" },
        "up":    { "uv": [ 0, 6.25, 4.5, 7.75 ], "texture": "#texture" },
        "north": { "uv": [ 0, 4.5, 4.5, 6 ], "texture": "#texture" },
        "south": { "uv": [ 0, 4.5, 4.5, 6 ], "texture": "#texture" },
        "west":  { "uv": [ 3, 4.5, 4.5, 6 ], "texture": "#texture" },
        "east":  { "uv": [ 3, 4.5, 4.5, 6 ], "texture": "#texture" }
    }
},
{
    "from": [ -9.375, 7.25, 8 ],
    "to": [ -0.75, 8.75, 8.75 ],
    "faces": {
        "down":  { "uv": [ 1.5, 1.25, 9, 1.625 ], "texture": "#texture" },
        "up":    { "uv": [ 1.5, 1.25, 9, 1.625 ], "texture": "#texture" },
        "north": { "uv": [ 2.75, 0, 10.25, 2.25 ], "texture": "#texture" },
        "south": { "uv": [ 2.75, 0, 10.25, 2.25 ], "texture": "#texture" },
        "west":  { "uv": [ 9.25, 0.5, 9.625, 2.75 ], "texture": "#texture" },
        "east":  { "uv": [ 9.25, 0.5, 9.625, 2.75 ], "texture": "#texture" }
    }
},
{
    "from": [ -1.875, 8, 8.1875 ],
    "to": [ -0.375, 9.125, 8.5625 ],
    "rotation": { "origin": [ -1.875, 9.125, 8.1875 ], "axis": "z", "angle": -45 },
    "faces": {
        "down":  { "uv": [ 1.5, 1.25, 9, 1.625 ], "texture": "#texture" },
        "up":    { "uv": [ 1.5, 1.25, 9, 1.625 ], "texture": "#texture" },
        "north": { "uv": [ 2.75, 0, 10.25, 2.25 ], "texture": "#texture" },
        "south": { "uv": [ 2.75, 0, 10.25, 2.25 ], "texture": "#texture" },
        "west":  { "uv": [ 9.25, 0.5, 9.625, 2.75 ], "texture": "#texture" },
        "east":  { "uv": [ 9.25, 0.5, 9.625, 2.75 ], "texture": "#texture" }
    }
},
{
    "from": [ -2.34375, 6.6875, 8.1875 ],
    "to": [ -0.84375, 7.4375, 8.5625 ],
    "rotation": { "origin": [ -2.34375, 7.4375, 8.1875 ], "axis": "z", "angle": 45 },
    "faces": {
        "down":  { "uv": [ 1.5, 1.25, 9, 1.625 ], "texture": "#texture" },
        "up":    { "uv": [ 1.5, 1.25, 9, 1.625 ], "texture": "#texture" },
        "north": { "uv": [ 2.75, 0, 10.25, 2.25 ], "texture": "#texture" },
        "south": { "uv": [ 2.75, 0, 10.25, 2.25 ], "texture": "#texture" },
        "west":  { "uv": [ 9.25, 0.5, 9.625, 2.75 ], "texture": "#texture" },
        "east":  { "uv": [ 9.25, 0.5, 9.625, 2.75 ], "texture": "#texture" }
    }
},
{
    "from": [ -10.5, 7.4075, 8.1875 ],
    "to": [ -9, 8.1575, 8.5625 ],
    "rotation": { "origin": [ -10.5, 8.1575, 8.1875 ], "axis": "z", "angle": -22.5 },
    "faces": {
        "down":  { "uv": [ 10.25, 1.5, 11, 2.25 ], "texture": "#texture" },
        "up":    { "uv": [ 10.25, 1.5, 11, 2.25 ], "texture": "#texture" },
        "north": { "uv": [ 10, 2, 10.75, 2.75 ], "texture": "#texture" },
        "south": { "uv": [ 10, 2, 10.75, 2.75 ], "texture": "#texture" },
        "west":  { "uv": [ 3.75, 3.25, 4.5, 4 ], "texture": "#texture" },
        "east":  { "uv": [ 3.75, 3.25, 4.5, 4 ], "texture": "#texture" }
    }
},
{
    "from": [ -11.125, 7.3125, 8.1875 ],
    "to": [ -10.625, 7.8125, 8.5625 ],
    "rotation": { "origin": [ -11.125, 7.8125, 8.1875 ], "axis": "z", "angle": 45 },
    "faces": {
        "down":  { "uv": [ 10.25, 1.5, 11, 2.25 ], "texture": "#texture" },
        "up":    { "uv": [ 10.25, 1.5, 11, 2.25 ], "texture": "#texture" },
        "north": { "uv": [ 10, 2, 10.75, 2.75 ], "texture": "#texture" },
        "south": { "uv": [ 10, 2, 10.75, 2.75 ], "texture": "#texture" },
        "west":  { "uv": [ 3.75, 3.25, 4.5, 4 ], "texture": "#texture" },
        "east":  { "uv": [ 3.75, 3.25, 4.5, 4 ], "texture": "#texture" }
    }
},
{
    "from": [ -10.75, 7.8125, 8 ],
    "to": [ -9.25, 8.1875, 8.75 ],
    "rotation": { "origin": [ -10.75, 8.1875, 8 ], "axis": "z", "angle": 22.5 },
    "faces": {
        "down":  { "uv": [ 10.25, 1.5, 11, 2.25 ], "texture": "#texture" },
        "up":    { "uv": [ 10.25, 1.5, 11, 2.25 ], "texture": "#texture" },
        "north": { "uv": [ 10, 2, 10.75, 2.75 ], "texture": "#texture" },
        "south": { "uv": [ 10, 2, 10.75, 2.75 ], "texture": "#texture" },
        "west":  { "uv": [ 3.75, 3.25, 4.5, 4 ], "texture": "#texture" },
        "east":  { "uv": [ 3.75, 3.25, 4.5, 4 ], "texture": "#texture" }
    }
},
{
    "from": [ -10.5938, 7.7825, 8 ],
    "to": [ -9.09375, 8.1575, 8.75 ],
    "rotation": { "origin": [ -10.5938, 8.1575, 8 ], "axis": "z", "angle": -22.5 },
    "faces": {
        "down":  { "uv": [ 10.25, 1.5, 11, 2.25 ], "texture": "#texture" },
        "up":    { "uv": [ 10.25, 1.5, 11, 2.25 ], "texture": "#texture" },
        "north": { "uv": [ 10, 2, 10.75, 2.75 ], "texture": "#texture" },
        "south": { "uv": [ 10, 2, 10.75, 2.75 ], "texture": "#texture" },
        "west":  { "uv": [ 3.75, 3.25, 4.5, 4 ], "texture": "#texture" },
        "east":  { "uv": [ 3.75, 3.25, 4.5, 4 ], "texture": "#texture" }
    }
},
{
    "from": [ -10.75, 7.90625, 8 ],
    "to": [ -10.4688, 8.1875, 8.75 ],
    "rotation": { "origin": [ -10.75, 8.1875, 8 ], "axis": "z", "angle": -45 },
    "faces": {
        "down":  { "uv": [ 10.25, 1.5, 11, 2.25 ], "texture": "#texture" },
        "up":    { "uv": [ 10.25, 1.5, 11, 2.25 ], "texture": "#texture" },
        "north": { "uv": [ 10, 2, 10.75, 2.75 ], "texture": "#texture" },
        "south": { "uv": [ 10, 2, 10.75, 2.75 ], "texture": "#texture" },
        "west":  { "uv": [ 3.75, 3.25, 4.5, 4 ], "texture": "#texture" },
        "east":  { "uv": [ 3.75, 3.25, 4.5, 4 ], "texture": "#texture" }
    }
},
{
    "from": [ -10, 7.625, 8 ],
    "to": [ -9.25, 8.375, 8.75 ],
    "faces": {
        "down":  { "uv": [ 10.25, 1.5, 11, 2.25 ], "texture": "#texture" },
        "up":    { "uv": [ 10.25, 1.5, 11, 2.25 ], "texture": "#texture" },
        "north": { "uv": [ 10, 2, 10.75, 2.75 ], "texture": "#texture" },
        "south": { "uv": [ 10, 2, 10.75, 2.75 ], "texture": "#texture" },
        "west":  { "uv": [ 3.75, 3.25, 4.5, 4 ], "texture": "#texture" },
        "east":  { "uv": [ 3.75, 3.25, 4.5, 4 ], "texture": "#texture" }
    }
},
{
    "from": [ -10.6875, 7.8125, 8.1875 ],
    "to": [ -9.1875, 8.5625, 8.5625 ],
    "rotation": { "origin": [ -10.6875, 8.5625, 8.1875 ], "axis": "z", "angle": 22.5 },
    "faces": {
        "down":  { "uv": [ 10.25, 1.5, 11, 2.25 ], "texture": "#texture" },
        "up":    { "uv": [ 10.25, 1.5, 11, 2.25 ], "texture": "#texture" },
        "north": { "uv": [ 10, 2, 10.75, 2.75 ], "texture": "#texture" },
        "south": { "uv": [ 10, 2, 10.75, 2.75 ], "texture": "#texture" },
        "west":  { "uv": [ 3.75, 3.25, 4.5, 4 ], "texture": "#texture" },
        "east":  { "uv": [ 3.75, 3.25, 4.5, 4 ], "texture": "#texture" }
    }
},
{
    "from": [ -11.2725, 7.73, 8.1875 ],
    "to": [ -10.46, 7.98, 8.5625 ],
    "rotation": { "origin": [ -11.2725, 7.98, 8.1875 ], "axis": "z", "angle": 45 },
    "faces": {
        "down":  { "uv": [ 10.25, 1.5, 11, 2.25 ], "texture": "#texture" },
        "up":    { "uv": [ 10.25, 1.5, 11, 2.25 ], "texture": "#texture" },
        "north": { "uv": [ 10, 2, 10.75, 2.75 ], "texture": "#texture" },
        "south": { "uv": [ 10, 2, 10.75, 2.75 ], "texture": "#texture" },
        "west":  { "uv": [ 3.75, 3.25, 4.5, 4 ], "texture": "#texture" },
        "east":  { "uv": [ 3.75, 3.25, 4.5, 4 ], "texture": "#texture" }
    }
},
{
    "from": [ -10.6875, 8.1875, 8.1875 ],
    "to": [ -10.4375, 8.4375, 8.5625 ],
    "faces": {
        "down":  { "uv": [ 1.5, 1.25, 9, 1.625 ], "texture": "#texture" },
        "up":    { "uv": [ 1.5, 1.25, 9, 1.625 ], "texture": "#texture" },
        "north": { "uv": [ 2.75, 0, 10.25, 2.25 ], "texture": "#texture" },
        "south": { "uv": [ 2.75, 0, 10.25, 2.25 ], "texture": "#texture" },
        "west":  { "uv": [ 9.25, 0.5, 9.625, 2.75 ], "texture": "#texture" },
        "east":  { "uv": [ 9.25, 0.5, 9.625, 2.75 ], "texture": "#texture" }
    }
},
{
    "from": [ 7.25, 7.625, 7.875 ],
    "to": [ 8.5, 8.375, 8.625 ],
    "faces": {
        "down":  { "uv": [ 0, 6.25, 4.5, 7.75 ], "texture": "#texture" },
        "up":    { "uv": [ 0, 6.25, 4.5, 7.75 ], "texture": "#texture" },
        "north": { "uv": [ 0, 4.5, 4.5, 6 ], "texture": "#texture" },
        "south": { "uv": [ 0, 4.5, 4.5, 6 ], "texture": "#texture" },
        "west":  { "uv": [ 3, 4.5, 4.5, 6 ], "texture": "#texture" },
        "east":  { "uv": [ 3, 4.5, 4.5, 6 ], "texture": "#texture" }
    }
},
{
    "from": [ 16.5, 7.625, 7.875 ],
    "to": [ 18, 8.375, 8.625 ],
    "faces": {
        "down":  { "uv": [ 0, 6.25, 4.5, 7.75 ], "texture": "#texture" },
        "up":    { "uv": [ 0, 6.25, 4.5, 7.75 ], "texture": "#texture" },
        "north": { "uv": [ 0, 4.5, 4.5, 6 ], "texture": "#texture" },
        "south": { "uv": [ 0, 4.5, 4.5, 6 ], "texture": "#texture" },
        "west":  { "uv": [ 3, 4.5, 4.5, 6 ], "texture": "#texture" },
        "east":  { "uv": [ 3, 4.5, 4.5, 6 ], "texture": "#texture" }
    }
},
{
    "from": [ 18.5, 7.625, 7.875 ],
    "to": [ 20, 8.375, 8.625 ],
    "faces": {
        "down":  { "uv": [ 0, 6.25, 4.5, 7.75 ], "texture": "#texture" },
        "up":    { "uv": [ 0, 6.25, 4.5, 7.75 ], "texture": "#texture" },
        "north": { "uv": [ 0, 4.5, 4.5, 6 ], "texture": "#texture" },
        "south": { "uv": [ 0, 4.5, 4.5, 6 ], "texture": "#texture" },
        "west":  { "uv": [ 3, 4.5, 4.5, 6 ], "texture": "#texture" },
        "east":  { "uv": [ 3, 4.5, 4.5, 6 ], "texture": "#texture" }
    }
},
{
    "from": [ 5.5, 7.625, 7.875 ],
    "to": [ 6.75, 8.375, 8.625 ],
    "faces": {
        "down":  { "uv": [ 0, 6.25, 4.5, 7.75 ], "texture": "#texture" },
        "up":    { "uv": [ 0, 6.25, 4.5, 7.75 ], "texture": "#texture" },
        "north": { "uv": [ 0, 4.5, 4.5, 6 ], "texture": "#texture" },
        "south": { "uv": [ 0, 4.5, 4.5, 6 ], "texture": "#texture" },
        "west":  { "uv": [ 3, 4.5, 4.5, 6 ], "texture": "#texture" },
        "east":  { "uv": [ 3, 4.5, 4.5, 6 ], "texture": "#texture" }
    }
},
{
    "from": [ 0.75, 5.75, 8 ],
    "to": [ 1.25, 10.5, 8.5 ],
    "faces": {
        "down":  { "uv": [ 4.75, 8.5, 5.25, 9 ], "texture": "#texture" },
        "up":    { "uv": [ 4.75, 8.5, 5.25, 9 ], "texture": "#texture" },
        "north": { "uv": [ 3.25, 8.25, 3.75, 12 ], "texture": "#texture" },
        "south": { "uv": [ 3.25, 8.25, 3.75, 12 ], "texture": "#texture" },
        "west":  { "uv": [ 3.75, 8.25, 4.25, 11.75 ], "texture": "#texture" },
        "east":  { "uv": [ 3.75, 8.25, 4.25, 11.75 ], "texture": "#texture" }
    }
},
{
    "from": [ 0.75, 7.75, 5.75 ],
    "to": [ 1.25, 8.25, 10.75 ],
    "faces": {
        "down":  { "uv": [ 7.25, 4.25, 7.5, 7.5 ], "texture": "#texture" },
        "up":    { "uv": [ 7.25, 4.25, 7.5, 7.5 ], "texture": "#texture" },
        "north": { "uv": [ 6.5, 4.25, 7, 4.75 ], "texture": "#texture" },
        "south": { "uv": [ 6.5, 4.25, 7, 4.75 ], "texture": "#texture" },
        "west":  { "uv": [ 5.5, 5.75, 10.5, 6.25 ], "texture": "#texture" },
        "east":  { "uv": [ 5.5, 5.75, 10.5, 6.25 ], "texture": "#texture" }
    }
},
{
    "from": [ 0.75, 3.6875, 5.9375 ],
    "to": [ 1.25, 9.9375, 6.4375 ],
    "rotation": { "origin": [ 0.75, 9.9375, 5.9375 ], "axis": "x", "angle": -45 },
    "faces": {
        "down":  { "uv": [ 13.25, 9.5, 13.75, 10 ], "texture": "#texture" },
        "up":    { "uv": [ 13.25, 9.5, 13.75, 10 ], "texture": "#texture" },
        "north": { "uv": [ 12.75, 8.25, 13, 12 ], "texture": "#texture" },
        "south": { "uv": [ 12.75, 8.25, 13, 12 ], "texture": "#texture" },
        "west":  { "uv": [ 13.25, 8.25, 13.5, 11.75 ], "texture": "#texture" },
        "east":  { "uv": [ 13.25, 8.25, 13.5, 11.75 ], "texture": "#texture" }
    }
},
{
    "from": [ 0.75, 4.0625, 10.1875 ],
    "to": [ 1.25, 10.3125, 10.6875 ],
    "rotation": { "origin": [ 0.75, 10.3125, 10.1875 ], "axis": "x", "angle": 45 },
    "faces": {
        "down":  { "uv": [ 6.75, 10.1875, 7.25, 10.6875 ], "texture": "#texture" },
        "up":    { "uv": [ 6.75, 10.1875, 7.25, 10.6875 ], "texture": "#texture" },
        "north": { "uv": [ 7.75, 8.25, 8, 11.75 ], "texture": "#texture" },
        "south": { "uv": [ 7.75, 8.25, 8, 11.75 ], "texture": "#texture" },
        "west":  { "uv": [ 9.25, 8.25, 9.5, 12 ], "texture": "#texture" },
        "east":  { "uv": [ 9.25, 8.25, 9.5, 12 ], "texture": "#texture" }
    }
},
{
    "from": [ 20, 7.625, 7.875 ],
    "to": [ 20.5, 8.375, 8.625 ],
    "faces": {
        "down":  { "uv": [ 1.25, 13.25, 5.75, 14.75 ], "texture": "#texture" },
        "up":    { "uv": [ 1.25, 13.25, 5.75, 14.75 ], "texture": "#texture" },
        "north": { "uv": [ 0.75, 13.25, 5.25, 14.75 ], "texture": "#texture" },
        "south": { "uv": [ 0.75, 13.25, 5.25, 14.75 ], "texture": "#texture" },
        "west":  { "uv": [ 3, 13.25, 4.5, 14.75 ], "texture": "#texture" },
        "east":  { "uv": [ 3, 13.25, 4.5, 14.75 ], "texture": "#texture" }
    }
},
{
    "from": [ 4.625, 3.75, 5 ],
    "to": [ 4.6875, 12.5, 14.5 ],
    "rotation": { "origin": [ 4.625, 3.75, 5 ], "axis": "y", "angle": -45 },
    "faces": {
        "down":  { "uv": [ 0, 0, 0, 0 ], "texture": "#red-blue_swirl" },
        "up":    { "uv": [ 0, 0, 0, 0 ], "texture": "#red-blue_swirl" },
        "north": { "uv": [ 0, 0, 0, 0 ], "texture": "#red-blue_swirl" },
        "south": { "uv": [ 0, 0, 0, 0 ], "texture": "#red-blue_swirl" },
        "west":  { "uv": [ 0, 0, 16, 16 ], "rotation": 270, "texture": "#red-blue_swirl" },
        "east":  { "uv": [ 16, 0, 0, 16 ], "rotation": 90, "texture": "#red-blue_swirl" }
    }
},
{
    "from": [ -2.25, 3.75, 4.98169 ],
    "to": [ -2.1875, 12.5, 14.4817 ],
    "rotation": { "origin": [ -2.25, 3.75, 4.98169 ], "axis": "y", "angle": 45 },
    "faces": {
        "down":  { "uv": [ 0, 0, 0, 0 ], "texture": "#green-yellow_swirl" },
        "up":    { "uv": [ 0, 0, 0, 0 ], "texture": "#green-yellow_swirl" },
        "north": { "uv": [ 0, 0, 0, 0 ], "texture": "#green-yellow_swirl" },
        "south": { "uv": [ 0, 0, 0, 0 ], "texture": "#green-yellow_swirl" },
        "west":  { "uv": [ 0, 0, 16, 16 ], "texture": "#green-yellow_swirl" },
        "east":  { "uv": [ 16, 0, 0.75, 16 ], "texture": "#green-yellow_swirl" }
    }
},
{
    "from": [ -10.3125, 7.9375, 8 ],
    "to": [ -9.9375, 8.1875, 8.75 ],
    "faces": {
        "down":  { "uv": [ 10.25, 1.5, 11, 2.25 ], "texture": "#texture" },
        "up":    { "uv": [ 10.25, 1.5, 11, 2.25 ], "texture": "#texture" },
        "north": { "uv": [ 10, 2, 10.75, 2.75 ], "texture": "#texture" },
        "south": { "uv": [ 10, 2, 10.75, 2.75 ], "texture": "#texture" },
        "west":  { "uv": [ 3.75, 3.25, 4.5, 4 ], "texture": "#texture" },
        "east":  { "uv": [ 3.75, 3.25, 4.5, 4 ], "texture": "#texture" }
    }
},
{
    "from": [ 13, 7.625, 7.875 ],
    "to": [ 13.5, 8.375, 8.625 ],
    "faces": {
        "down":  { "uv": [ 8.75, 12.5, 13.25, 14 ], "texture": "#texture" },
        "up":    { "uv": [ 8.75, 12.5, 13.25, 14 ], "texture": "#texture" },
        "north": { "uv": [ 2.25, 13.25, 6.75, 14.75 ], "texture": "#texture" },
        "south": { "uv": [ 2.25, 13.25, 6.75, 14.75 ], "texture": "#texture" },
        "west":  { "uv": [ 11.25, 14.25, 12.75, 15.75 ], "texture": "#texture" },
        "east":  { "uv": [ 11.25, 14.25, 12.75, 15.75 ], "texture": "#texture" }
    }
}
],
"display": {
    "thirdperson_righthand": {
        "rotation": [ 180, -90, 90 ],
        "translation": [ 0.38, 5.48, 1.89 ],
        "scale": [ 1.7, 1.7, 1.7 ]
    },
    "thirdperson_lefthand": {
        "rotation": [ 180, -90, -90 ],
        "translation": [ 0.38, 5.48, 1.89 ],
        "scale": [ 1.7, 1.7, 1.7 ]
    },
    "head": {
        "rotation": [ 0, 0, 0 ],
        "translation": [ 0, 0, 0 ],
        "scale": [ 1, 1, 1 ]
    },
    "ground": {
        "rotation": [ -10, -13, -13 ],
        "translation": [ 0, 4.72, 0 ],
        "scale": [ 0.82, 0.82, 0.82 ]
    },
    "fixed": {
        "rotation": [ 0, 0, 0 ],
        "translation": [ 0, 0, 0 ],
        "scale": [ 1, 1, 1 ]
    },
    "firstperson_righthand": {
        "rotation": [ -6, -88, -82 ],
        "translation": [ 1.89, 0.76, -1.32 ],
        "scale": [ 1.01, 1.01, 1.01 ]
    },
    "firstperson_lefthand": {
        "rotation": [ -6, -88, 90 ],
        "translation": [ 3.21, 0, -3.21 ],
        "scale": [ 1.01, 1.01, 1.01 ]
    },
    "gui": {
        "rotation": [ 24, -4, -45 ],
        "translation": [ 0, 0, -4.34 ],
        "scale": [ 0.57, 0.57, 0.57 ]
    }
}
}