{
    "__createdwith": "opl's Model Creator",
    "ambientocclusion": false,
    "textures": {
		"particle": "3d/red",
        "up": "3d/red"
    },
    "elements": [
        {
            "from": [1,-0.75,1],
            "to": [4,0.25,2],
            "faces": {
                "up": {
                    "texture": "#up"
                },
                "west": {
                    "uv": [14,1,15,2],
                    "texture": "#up"
                },
                "east": {
                    "uv": [14,1,15,2],
                    "texture": "#up"
                },
                "north": {
                    "uv": [12,14,15,15],
                    "texture": "#up"
                },
                "south": {
                    "uv": [12,14,15,15],
                    "texture": "#up"
                }
            }
        },
        {
            "from": [1,-0.75,2],
            "to": [2,0.25,4],
            "faces": {
                "up": {
                    "texture": "#up"
                },
                "west": {
                    "uv": [13,1,15,2],
                    "texture": "#up"
                },
                "east": {
                    "uv": [13,1,15,2],
                    "texture": "#up"
                },
                "south": {
                    "uv": [14,14,15,15],
                    "texture": "#up"
                }
            }
        },
        {
            "from": [12,-0.75,1],
            "to": [15,0.25,2],
            "faces": {
                "up": {
                    "uv": [1,1,4,2],
                    "texture": "#up"
                },
                "west": {
                    "uv": [14,1,15,2],
                    "texture": "#up"
                },
                "east": {
                    "uv": [14,1,15,2],
                    "texture": "#up"
                },
                "north": {
                    "uv": [12,14,15,15],
                    "texture": "#up"
                },
                "south": {
                    "uv": [12,14,15,15],
                    "texture": "#up"
                }
            }
        },
        {
            "from": [12,-0.75,14],
            "to": [15,0.25,15],
            "faces": {
                "up": {
                    "uv": [1,1,4,2],
                    "texture": "#up"
                },
                "west": {
                    "uv": [14,1,15,2],
                    "texture": "#up"
                },
                "east": {
                    "uv": [14,1,15,2],
                    "texture": "#up"
                },
                "north": {
                    "uv": [12,14,15,15],
                    "texture": "#up"
                },
                "south": {
                    "uv": [12,14,15,15],
                    "texture": "#up"
                }
            }
        },
        {
            "from": [1,-0.75,14],
            "to": [4,0.25,15],
            "faces": {
                "up": {
                    "uv": [1,1,4,2],
                    "texture": "#up"
                },
                "west": {
                    "uv": [14,1,15,2],
                    "texture": "#up"
                },
                "east": {
                    "uv": [14,1,15,2],
                    "texture": "#up"
                },
                "north": {
                    "uv": [12,14,15,15],
                    "texture": "#up"
                },
                "south": {
                    "uv": [12,14,15,15],
                    "texture": "#up"
                }
            }
        },
        {
            "from": [14,-0.75,2],
            "to": [15,0.25,4],
            "faces": {
                "up": {
                    "uv": [1,1,2,3],
                    "texture": "#up"
                },
                "west": {
                    "uv": [13,1,15,2],
                    "texture": "#up"
                },
                "east": {
                    "uv": [13,1,15,2],
                    "texture": "#up"
                },
                "south": {
                    "uv": [14,14,15,15],
                    "texture": "#up"
                }
            }
        },
        {
            "from": [14,-0.75,12],
            "to": [15,0.25,14],
            "faces": {
                "up": {
                    "uv": [1,1,2,3],
                    "texture": "#up"
                },
                "west": {
                    "uv": [13,1,15,2],
                    "texture": "#up"
                },
                "east": {
                    "uv": [13,1,15,2],
                    "texture": "#up"
                },
                "north": {
                    "uv": [14,14,15,15],
                    "texture": "#up"
                },
                "south": {
                    "uv": [14,14,15,15],
                    "texture": "#up"
                }
            }
        },
        {
            "from": [1,-0.75,12],
            "to": [2,0.25,14],
            "faces": {
                "up": {
                    "uv": [1,1,2,3],
                    "texture": "#up"
                },
                "west": {
                    "uv": [13,1,15,2],
                    "texture": "#up"
                },
                "east": {
                    "uv": [13,1,15,2],
                    "texture": "#up"
                },
                "north": {
                    "uv": [14,14,15,15],
                    "texture": "#up"
                },
                "south": {
                    "uv": [14,14,15,15],
                    "texture": "#up"
                }
            }
        }
    ],
	"display": {
		"gui": {
			"rotation":  [ 90, 0, 0 ],
			"translation":  [ 0, 0, 0 ],
			"scale":  [ 1, 1, 1 ]
		}
	}
}