{
    "parent": "item/jhsy/wand_air_3",
    "display": {
		"firstperson_righthand": {
            "rotation": [ 0, -60, 0 ],
            "translation": [ -0.2, 0, 0 ],
            "scale": [ 0.65, 0.65, 0.65 ]
		},
        "thirdperson_righthand": {
            "rotation": [ 15, 0, 0 ],
            "translation": [ -0.5, 3, 2.5 ],
            "scale": [ 1, 1, 1 ]
		},
		"gui": {
			"rotation": [ 45, 25, -45 ],
			"translation": [ 0, 0, 0 ],
			"scale": [ 0.6, 0.6, 0.6 ]
		},
        "ground": {
            "rotation": [ 0, 0, 0 ],
            "translation": [ 0, 4, 0 ],
            "scale": [ 0.5, 0.5, 0.5 ]
        }
    }
}
