{
"__comment": "Designed by Glitcherdotbe with BDcraft Cubik PRO 0.95 Beta - http://bdcraft.net",
"textures": {
    "particle": "3D/shijian1",
    "wooden_sword_texture1": "3D/shijian1",
    "wooden_sword_texture2": "3D/shijian2"
},
"elements": [ 
{
    "__comment": "Blade",
    "from": [ 7.5, 8, -8 ],
    "to": [ 8.5, 8.5, 8 ],
    "faces": {
        "down":  { "uv": [ 3.5, 16, 2.5, 0 ], "texture": "#wooden_sword_texture1" },
        "up":    { "uv": [ 2.5, 0, 3.5, 16 ], "texture": "#wooden_sword_texture1" },
        "north": { "uv": [ 2.5, 0, 3.5, 0.5 ], "texture": "#wooden_sword_texture1" },
        "south": { "uv": [ 2.5, 15.5, 3.5, 16 ], "texture": "#wooden_sword_texture1" },
        "west":  { "uv": [ 0, 3, 16, 3.5 ], "texture": "#wooden_sword_texture2" },
        "east":  { "uv": [ 0, 2.5, 16, 3 ], "texture": "#wooden_sword_texture2" }
    }
},
{
    "__comment": "Blade",
    "from": [ 7, 8, -7.5 ],
    "to": [ 7.5, 8.5, 8 ],
    "faces": {
        "down":  { "uv": [ 2.5, 16, 2, 0.5 ], "texture": "#wooden_sword_texture1" },
        "up":    { "uv": [ 2, 0.5, 2.5, 16 ], "texture": "#wooden_sword_texture1" },
        "north": { "uv": [ 2, 15.5, 2.5, 16 ], "texture": "#wooden_sword_texture1" },
        "south": { "uv": [ 2, 0.5, 2.5, 1 ], "texture": "#wooden_sword_texture1" },
        "west":  { "uv": [ 0, 2, 15.5, 2.5 ], "texture": "#wooden_sword_texture2" },
        "east":  { "uv": [ 0, 2, 15.5, 2.5 ], "texture": "#wooden_sword_texture2" }
    }
},
{
    "__comment": "Blade",
    "from": [ 8.5, 8, -7.5 ],
    "to": [ 9, 8.5, 8 ],
    "faces": {
        "down":  { "uv": [ 4, 16, 3.5, 0.5 ], "texture": "#wooden_sword_texture1" },
        "up":    { "uv": [ 3.5, 0.5, 4, 16 ], "texture": "#wooden_sword_texture1" },
        "north": { "uv": [ 3.5, 0.5, 4, 1 ], "texture": "#wooden_sword_texture1" },
        "south": { "uv": [ 3.5, 15.5, 4, 16 ], "texture": "#wooden_sword_texture1" },
        "west":  { "uv": [ 0, 3.5, 15.5, 4 ], "texture": "#wooden_sword_texture2" },
        "east":  { "uv": [ 0, 3.5, 15.5, 4 ], "texture": "#wooden_sword_texture2" }
    }
},
{
    "__comment": "Blade",
    "from": [ 9, 8, -6.5 ],
    "to": [ 9.5, 8.5, 8 ],
    "faces": {
        "down":  { "uv": [ 3, 16, 2.5, 0.5 ], "texture": "#wooden_sword_texture1" },
        "up":    { "uv": [ 4, 1.5, 4.5, 16 ], "texture": "#wooden_sword_texture1" },
        "north": { "uv": [ 4, 1.5, 4.5, 2 ], "texture": "#wooden_sword_texture1" },
        "south": { "uv": [ 4, 15.5, 4.5, 16 ], "texture": "#wooden_sword_texture1" },
        "west":  { "uv": [ 0, 4, 14.5, 4.5 ], "texture": "#wooden_sword_texture2" },
        "east":  { "uv": [ 0, 4, 14.5, 4.5 ], "texture": "#wooden_sword_texture2" }
    }
},
{
    "__comment": "Blade",
    "from": [ 6.5, 8, -6.5 ],
    "to": [ 7, 8.5, 8 ],
    "faces": {
        "down":  { "uv": [ 2, 16, 1.5, 1.5 ], "texture": "#wooden_sword_texture1" },
        "up":    { "uv": [ 1.5, 1.5, 2, 16 ], "texture": "#wooden_sword_texture1" },
        "north": { "uv": [ 1.5, 1.5, 2, 2 ], "texture": "#wooden_sword_texture1" },
        "south": { "uv": [ 1.5, 15.5, 2, 16 ], "texture": "#wooden_sword_texture1" },
        "west":  { "uv": [ 0, 1.5, 14.5, 2 ], "texture": "#wooden_sword_texture2" },
        "east":  { "uv": [ 0, 1.5, 14.5, 2 ], "texture": "#wooden_sword_texture2" }
    }
},
{
    "__comment": "Blade",
    "from": [ 6, 8, -5 ],
    "to": [ 6.5, 8.5, 8 ],
    "faces": {
        "down":  { "uv": [ 1.5, 16, 1, 3 ], "texture": "#wooden_sword_texture1" },
        "up":    { "uv": [ 1, 3, 1.5, 16 ], "texture": "#wooden_sword_texture1" },
        "north": { "uv": [ 1, 3, 1.5, 3.5 ], "texture": "#wooden_sword_texture1" },
        "south": { "uv": [ 1, 15.5, 1.5, 16 ], "texture": "#wooden_sword_texture1" },
        "west":  { "uv": [ 0, 1, 13, 1.5 ], "texture": "#wooden_sword_texture2" },
        "east":  { "uv": [ 0, 1, 13, 1.5 ], "texture": "#wooden_sword_texture2" }
    }
},
{
    "__comment": "Blade",
    "from": [ 9.5, 8, -5 ],
    "to": [ 10, 8.5, 8 ],
    "faces": {
        "down":  { "uv": [ 5, 16, 4.5, 3 ], "texture": "#wooden_sword_texture1" },
        "up":    { "uv": [ 4.5, 3, 5, 16 ], "texture": "#wooden_sword_texture1" },
        "north": { "uv": [ 4.5, 3, 5, 3.5 ], "texture": "#wooden_sword_texture1" },
        "south": { "uv": [ 4.5, 15.5, 5, 16 ], "texture": "#wooden_sword_texture1" },
        "west":  { "uv": [ 0, 4.5, 13, 5 ], "texture": "#wooden_sword_texture2" },
        "east":  { "uv": [ 0, 4.5, 13, 5 ], "texture": "#wooden_sword_texture2" }
    }
},
{
    "__comment": "Handle",
    "from": [ 7, 8, 9.5 ],
    "to": [ 9, 8.5, 13.5 ],
    "faces": {
        "down":  { "uv": [ 11, 9.5, 13, 13.5 ], "texture": "#wooden_sword_texture1" },
        "up":    { "uv": [ 11, 9.5, 13, 13.5 ], "texture": "#wooden_sword_texture1" },
        "north": { "uv": [ 11, 9.5, 13, 10 ], "texture": "#wooden_sword_texture1" },
        "south": { "uv": [ 11, 13, 13, 13.5 ], "texture": "#wooden_sword_texture1" },
        "west":  { "uv": [ 2.5, 11.5, 6.5, 12 ], "texture": "#wooden_sword_texture2" },
        "east":  { "uv": [ 2.5, 11.5, 6.5, 12 ], "texture": "#wooden_sword_texture2" }
    }
},
{
    "__comment": "Pommel",
    "from": [ 6.5, 8, 14 ],
    "to": [ 9.5, 8.5, 14.5 ],
    "faces": {
        "down":  { "uv": [ 10.5, 14.5, 13.5, 14 ], "texture": "#wooden_sword_texture1" },
        "up":    { "uv": [ 10.5, 14, 13.5, 14.5 ], "texture": "#wooden_sword_texture1" },
        "north": { "uv": [ 10.5, 14, 13.5, 14.5 ], "texture": "#wooden_sword_texture1" },
        "south": { "uv": [ 10.5, 14, 13.5, 14.5 ], "texture": "#wooden_sword_texture1" },
        "west":  { "uv": [ 10.5, 14, 11, 14.5 ], "texture": "#wooden_sword_texture1" },
        "east":  { "uv": [ 13, 14, 13.5, 14.5 ], "texture": "#wooden_sword_texture1" }
    }
},
{
    "__comment": "Pommel",
    "from": [ 6.5, 8, 14.5 ],
    "to": [ 9.5, 8.5, 15 ],
    "faces": {
        "down":  { "uv": [ 10.5, 15, 13.5, 14.5 ], "texture": "#wooden_sword_texture1" },
        "up":    { "uv": [ 10.5, 14.5, 13.5, 15 ], "texture": "#wooden_sword_texture1" },
        "north": { "uv": [ 10.5, 14.5, 13.5, 15 ], "texture": "#wooden_sword_texture1" },
        "south": { "uv": [ 10.5, 14.5, 13.5, 15 ], "texture": "#wooden_sword_texture1" },
        "west":  { "uv": [ 13, 14.5, 13.5, 15 ], "texture": "#wooden_sword_texture1" },
        "east":  { "uv": [ 10.5, 14.5, 11, 15 ], "texture": "#wooden_sword_texture1" }
    }
},
{
    "__comment": "Pommel",
    "from": [ 6.5, 8, 15 ],
    "to": [ 9.5, 8.5, 15.5 ],
    "faces": {
        "down":  { "uv": [ 10.5, 15.5, 13.5, 15 ], "texture": "#wooden_sword_texture1" },
        "up":    { "uv": [ 10.5, 15, 13.5, 15.5 ], "texture": "#wooden_sword_texture1" },
        "north": { "uv": [ 10.5, 15, 13.5, 15.5 ], "texture": "#wooden_sword_texture1" },
        "south": { "uv": [ 10.5, 15, 13.5, 15.5 ], "texture": "#wooden_sword_texture1" },
        "west":  { "uv": [ 10.5, 15, 11, 15.5 ], "texture": "#wooden_sword_texture1" },
        "east":  { "uv": [ 13, 15, 13.5, 15.5 ], "texture": "#wooden_sword_texture1" }
    }
},
{
    "__comment": "Pommel",
    "from": [ 7, 8, 15.5 ],
    "to": [ 9, 8.5, 16 ],
    "faces": {
        "down":  { "uv": [ 11, 16, 13, 15.5 ], "texture": "#wooden_sword_texture1" },
        "up":    { "uv": [ 11, 15.5, 13, 16 ], "texture": "#wooden_sword_texture1" },
        "north": { "uv": [ 11, 15.5, 13, 16 ], "texture": "#wooden_sword_texture1" },
        "south": { "uv": [ 11, 15.5, 13, 16 ], "texture": "#wooden_sword_texture1" },
        "west":  { "uv": [ 12.5, 15.5, 13, 16 ], "texture": "#wooden_sword_texture1" },
        "east":  { "uv": [ 11, 15.5, 11.5, 16 ], "texture": "#wooden_sword_texture1" }
    }
},
{
    "__comment": "Pommel",
    "from": [ 6.5, 8.5, 14.5 ],
    "to": [ 9.5, 9, 15 ],
    "faces": {
        "down":  { "uv": [ 13.5, 15, 10.5, 14.5 ], "texture": "#wooden_sword_texture1" },
        "up":    { "uv": [ 10.5, 14.5, 13.5, 15 ], "texture": "#wooden_sword_texture1" },
        "north": { "uv": [ 10.5, 14.5, 13.5, 15 ], "texture": "#wooden_sword_texture1" },
        "south": { "uv": [ 10.5, 14.5, 13.5, 15 ], "texture": "#wooden_sword_texture1" },
        "west":  { "uv": [ 13, 14.5, 13.5, 15 ], "texture": "#wooden_sword_texture1" },
        "east":  { "uv": [ 10.5, 14.5, 11, 15 ], "texture": "#wooden_sword_texture1" }
    }
},
{
    "__comment": "Pommel",
    "from": [ 7, 8.5, 15 ],
    "to": [ 9, 9, 15.5 ],
    "faces": {
        "down":  { "uv": [ 13, 15.5, 11, 15 ], "texture": "#wooden_sword_texture1" },
        "up":    { "uv": [ 11, 15, 13, 15.5 ], "texture": "#wooden_sword_texture1" },
        "north": { "uv": [ 11, 15, 13, 15.5 ], "texture": "#wooden_sword_texture1" },
        "south": { "uv": [ 11, 15, 13, 15.5 ], "texture": "#wooden_sword_texture1" },
        "west":  { "uv": [ 11, 15, 11.5, 15.5 ], "texture": "#wooden_sword_texture1" },
        "east":  { "uv": [ 12.5, 15, 13, 15.5 ], "texture": "#wooden_sword_texture1" }
    }
},
{
    "__comment": "Pommel",
    "from": [ 7, 8.5, 14 ],
    "to": [ 9, 9, 14.5 ],
    "faces": {
        "down":  { "uv": [ 13, 14.5, 11, 14 ], "texture": "#wooden_sword_texture1" },
        "up":    { "uv": [ 11, 14, 13, 14.5 ], "texture": "#wooden_sword_texture1" },
        "north": { "uv": [ 11, 14, 13, 14.5 ], "texture": "#wooden_sword_texture1" },
        "south": { "uv": [ 11, 14, 13, 14.5 ], "texture": "#wooden_sword_texture1" },
        "west":  { "uv": [ 12.5, 14, 13, 14.5 ], "texture": "#wooden_sword_texture1" },
        "east":  { "uv": [ 11, 14, 11.5, 14.5 ], "texture": "#wooden_sword_texture1" }
    }
},
{
    "__comment": "Pommel",
    "from": [ 7.5, 8.5, 15.5 ],
    "to": [ 8.5, 9, 16 ],
    "faces": {
        "down":  { "uv": [ 12.5, 16, 11.5, 15.5 ], "texture": "#wooden_sword_texture1" },
        "up":    { "uv": [ 11.5, 15.5, 12.5, 16 ], "texture": "#wooden_sword_texture1" },
        "north": { "uv": [ 11.5, 15.5, 12.5, 16 ], "texture": "#wooden_sword_texture1" },
        "south": { "uv": [ 11.5, 15.5, 12.5, 16 ], "texture": "#wooden_sword_texture1" },
        "west":  { "uv": [ 11.5, 15.5, 12, 16 ], "texture": "#wooden_sword_texture1" },
        "east":  { "uv": [ 12, 15.5, 12.5, 16 ], "texture": "#wooden_sword_texture1" }
    }
},
{
    "__comment": "Pommel",
    "from": [ 7.5, 8.5, 13.5 ],
    "to": [ 8.5, 9, 14 ],
    "faces": {
        "down":  { "uv": [ 12.5, 14, 11.5, 13.5 ], "texture": "#wooden_sword_texture1" },
        "up":    { "uv": [ 11.5, 13.5, 12.5, 14 ], "texture": "#wooden_sword_texture1" },
        "north": { "uv": [ 11.5, 13.5, 12.5, 14 ], "texture": "#wooden_sword_texture1" },
        "south": { "uv": [ 11.5, 13.5, 12.5, 14 ], "texture": "#wooden_sword_texture1" },
        "west":  { "uv": [ 12, 13.5, 12.5, 14 ], "texture": "#wooden_sword_texture1" },
        "east":  { "uv": [ 11.5, 13.5, 12, 14 ], "texture": "#wooden_sword_texture1" }
    }
},
{
    "__comment": "Handle",
    "from": [ 7.5, 8.5, 9.5 ],
    "to": [ 8.5, 8.75, 13.5 ],
    "faces": {
        "down":  { "uv": [ 11.5, 9.5, 12.5, 13.5 ], "texture": "#wooden_sword_texture1" },
        "up":    { "uv": [ 11.5, 9.5, 12.5, 13.5 ], "texture": "#wooden_sword_texture1" },
        "north": { "uv": [ 11.5, 9.5, 12.5, 10 ], "texture": "#wooden_sword_texture1" },
        "south": { "uv": [ 11.5, 13, 12.5, 13.5 ], "texture": "#wooden_sword_texture1" },
        "west":  { "uv": [ 2.5, 11.5, 6.5, 12 ], "texture": "#wooden_sword_texture2" },
        "east":  { "uv": [ 2.5, 12, 6.5, 12.5 ], "texture": "#wooden_sword_texture2" }
    }
},
{
    "__comment": "Handle",
    "from": [ 7.5, 7.75, 9.5 ],
    "to": [ 8.5, 8, 13.5 ],
    "faces": {
        "down":  { "uv": [ 11.5, 9.5, 12.5, 13.5 ], "texture": "#wooden_sword_texture1" },
        "up":    { "uv": [ 11.5, 9.5, 12.5, 13.5 ], "texture": "#wooden_sword_texture1" },
        "north": { "uv": [ 11.5, 9.5, 12.5, 10 ], "texture": "#wooden_sword_texture1" },
        "south": { "uv": [ 11.5, 13, 12.5, 13.5 ], "texture": "#wooden_sword_texture1" },
        "west":  { "uv": [ 2.5, 12, 6.5, 12.5 ], "texture": "#wooden_sword_texture2" },
        "east":  { "uv": [ 2.5, 11.5, 6.5, 12 ], "texture": "#wooden_sword_texture2" }
    }
},
{
    "__comment": "Pommel",
    "from": [ 7, 8, 13.5 ],
    "to": [ 9, 8.5, 14 ],
    "faces": {
        "down":  { "uv": [ 11, 14, 13, 13.5 ], "texture": "#wooden_sword_texture1" },
        "up":    { "uv": [ 11, 13.5, 13, 14 ], "texture": "#wooden_sword_texture1" },
        "north": { "uv": [ 11, 13.5, 13, 14 ], "texture": "#wooden_sword_texture1" },
        "south": { "uv": [ 11, 13.5, 13, 14 ], "texture": "#wooden_sword_texture1" },
        "west":  { "uv": [ 12.5, 13.5, 13, 14 ], "texture": "#wooden_sword_texture1" },
        "east":  { "uv": [ 11, 13.5, 11.5, 14 ], "texture": "#wooden_sword_texture1" }
    }
},
{
    "__comment": "Pommel*",
    "from": [ 7.5, 7.5, 13.5 ],
    "to": [ 8.5, 8, 14 ],
    "faces": {
        "down":  { "uv": [ 12.5, 14, 11.5, 13.5 ], "texture": "#wooden_sword_texture1" },
        "up":    { "uv": [ 11.5, 13.5, 12.5, 14 ], "texture": "#wooden_sword_texture1" },
        "north": { "uv": [ 11.5, 13.5, 12.5, 14 ], "texture": "#wooden_sword_texture1" },
        "south": { "uv": [ 11.5, 13.5, 12.5, 14 ], "texture": "#wooden_sword_texture1" },
        "west":  { "uv": [ 12, 13.5, 12.5, 14 ], "texture": "#wooden_sword_texture1" },
        "east":  { "uv": [ 11.5, 13.5, 12, 14 ], "texture": "#wooden_sword_texture1" }
    }
},
{
    "__comment": "Pommel*",
    "from": [ 7, 7.5, 14 ],
    "to": [ 9, 8, 14.5 ],
    "faces": {
        "down":  { "uv": [ 13, 14.5, 11, 14 ], "texture": "#wooden_sword_texture1" },
        "up":    { "uv": [ 11, 14, 13, 14.5 ], "texture": "#wooden_sword_texture1" },
        "north": { "uv": [ 11, 14, 13, 14.5 ], "texture": "#wooden_sword_texture1" },
        "south": { "uv": [ 11, 14, 13, 14.5 ], "texture": "#wooden_sword_texture1" },
        "west":  { "uv": [ 12.5, 14, 13, 14.5 ], "texture": "#wooden_sword_texture1" },
        "east":  { "uv": [ 11, 14, 11.5, 14.5 ], "texture": "#wooden_sword_texture1" }
    }
},
{
    "__comment": "Pommel*",
    "from": [ 6.5, 7.5, 14.5 ],
    "to": [ 9.5, 8, 15 ],
    "faces": {
        "down":  { "uv": [ 13.5, 15, 10.5, 14.5 ], "texture": "#wooden_sword_texture1" },
        "up":    { "uv": [ 10.5, 14.5, 13.5, 15 ], "texture": "#wooden_sword_texture1" },
        "north": { "uv": [ 10.5, 14.5, 13.5, 15 ], "texture": "#wooden_sword_texture1" },
        "south": { "uv": [ 10.5, 14.5, 13.5, 15 ], "texture": "#wooden_sword_texture1" },
        "west":  { "uv": [ 13, 14.5, 13.5, 15 ], "texture": "#wooden_sword_texture1" },
        "east":  { "uv": [ 10.5, 14.5, 11, 15 ], "texture": "#wooden_sword_texture1" }
    }
},
{
    "__comment": "Pommel*",
    "from": [ 7, 7.5, 15 ],
    "to": [ 9, 8, 15.5 ],
    "faces": {
        "down":  { "uv": [ 13, 15.5, 11, 15 ], "texture": "#wooden_sword_texture1" },
        "up":    { "uv": [ 11, 15, 13, 15.5 ], "texture": "#wooden_sword_texture1" },
        "north": { "uv": [ 11, 15, 13, 15.5 ], "texture": "#wooden_sword_texture1" },
        "south": { "uv": [ 11, 15, 13, 15.5 ], "texture": "#wooden_sword_texture1" },
        "west":  { "uv": [ 11, 15, 11.5, 15.5 ], "texture": "#wooden_sword_texture1" },
        "east":  { "uv": [ 12.5, 15, 13, 15.5 ], "texture": "#wooden_sword_texture1" }
    }
},
{
    "__comment": "Pommel*",
    "from": [ 7.5, 7.5, 15.5 ],
    "to": [ 8.5, 8, 16 ],
    "faces": {
        "down":  { "uv": [ 12.5, 16, 11.5, 15.5 ], "texture": "#wooden_sword_texture1" },
        "up":    { "uv": [ 11.5, 15.5, 12.5, 16 ], "texture": "#wooden_sword_texture1" },
        "north": { "uv": [ 11.5, 15.5, 12.5, 16 ], "texture": "#wooden_sword_texture1" },
        "south": { "uv": [ 11.5, 15.5, 12.5, 16 ], "texture": "#wooden_sword_texture1" },
        "west":  { "uv": [ 11.5, 15.5, 12, 16 ], "texture": "#wooden_sword_texture1" },
        "east":  { "uv": [ 12, 15.5, 12.5, 16 ], "texture": "#wooden_sword_texture1" }
    }
},
{
    "from": [ 5.5, 7.5, 9 ],
    "to": [ 10.5, 9, 9.5 ],
    "faces": {
        "down":  { "uv": [ 14.5, 9.5, 9.5, 9 ], "texture": "#wooden_sword_texture1" },
        "up":    { "uv": [ 9.5, 9, 14.5, 9.5 ], "texture": "#wooden_sword_texture1" },
        "north": { "uv": [ 9.5, 7.5, 14.5, 9 ], "texture": "#wooden_sword_texture1" },
        "south": { "uv": [ 9.5, 7.5, 14.5, 9 ], "texture": "#wooden_sword_texture1" },
        "west":  { "uv": [ 14, 8, 14.5, 9.5 ], "texture": "#wooden_sword_texture1" },
        "east":  { "uv": [ 9.5, 8, 10, 9.5 ], "texture": "#wooden_sword_texture1" }
    }
},
{
    "from": [ 4.5, 7.5, 8.5 ],
    "to": [ 11.5, 9, 9 ],
    "faces": {
        "down":  { "uv": [ 8.5, 8.5, 15.5, 9 ], "texture": "#wooden_sword_texture1" },
        "up":    { "uv": [ 8.5, 8.5, 15.5, 9 ], "texture": "#wooden_sword_texture1" },
        "north": { "uv": [ 8.5, 7.5, 15.5, 9 ], "texture": "#wooden_sword_texture1" },
        "south": { "uv": [ 8.5, 7.5, 15.5, 9 ], "texture": "#wooden_sword_texture1" },
        "west":  { "uv": [ 9.5, 8, 10, 9.5 ], "texture": "#wooden_sword_texture1" },
        "east":  { "uv": [ 14, 8, 14.5, 9.5 ], "texture": "#wooden_sword_texture1" }
    }
},
{
    "from": [ 4, 7.5, 8 ],
    "to": [ 12, 9, 8.5 ],
    "faces": {
        "down":  { "uv": [ 8, 8, 16, 8.5 ], "texture": "#wooden_sword_texture1" },
        "up":    { "uv": [ 8, 8, 16, 8.5 ], "texture": "#wooden_sword_texture1" },
        "north": { "uv": [ 8, 7.5, 16, 8.5 ], "texture": "#wooden_sword_texture1" },
        "south": { "uv": [ 8, 7.5, 16, 8.5 ], "texture": "#wooden_sword_texture1" },
        "west":  { "uv": [ 9.5, 7, 10, 8.5 ], "texture": "#wooden_sword_texture1" },
        "east":  { "uv": [ 14.5, 7.5, 15, 9 ], "texture": "#wooden_sword_texture1" }
    }
},
{
    "__comment": "Blade*",
    "from": [ 5.5, 8, 5 ],
    "to": [ 6, 8.5, 7 ],
    "faces": {
        "down":  { "uv": [ 0.5, 13, 1, 15 ], "texture": "#wooden_sword_texture1" },
        "up":    { "uv": [ 0.5, 13, 1, 15 ], "texture": "#wooden_sword_texture1" },
        "north": { "uv": [ 0.5, 13, 1, 13.5 ], "texture": "#wooden_sword_texture1" },
        "south": { "uv": [ 0.5, 14.5, 1, 15 ], "texture": "#wooden_sword_texture1" },
        "west":  { "uv": [ 1, 0.5, 3, 1 ], "texture": "#wooden_sword_texture2" },
        "east":  { "uv": [ 1, 5, 3, 5.5 ], "texture": "#wooden_sword_texture2" }
    }
},
{
    "__comment": "Blade*",
    "from": [ 10, 8, 5 ],
    "to": [ 10.5, 8.5, 7 ],
    "faces": {
        "down":  { "uv": [ 5, 13, 5.5, 15 ], "texture": "#wooden_sword_texture1" },
        "up":    { "uv": [ 5, 13, 5.5, 15 ], "texture": "#wooden_sword_texture1" },
        "north": { "uv": [ 5, 13, 5.5, 13.5 ], "texture": "#wooden_sword_texture1" },
        "south": { "uv": [ 5, 14.5, 5.5, 15 ], "texture": "#wooden_sword_texture1" },
        "west":  { "uv": [ 1, 5, 3, 5.5 ], "texture": "#wooden_sword_texture2" },
        "east":  { "uv": [ 1, 5, 3, 5.5 ], "texture": "#wooden_sword_texture2" }
    }
},
{
    "__comment": "Blade*",
    "from": [ 5, 8, 6 ],
    "to": [ 5.5, 8.5, 6.5 ],
    "faces": {
        "down":  { "uv": [ 0, 14, 0.5, 14.5 ], "texture": "#wooden_sword_texture1" },
        "up":    { "uv": [ 0, 14, 0.5, 14.5 ], "texture": "#wooden_sword_texture1" },
        "north": { "uv": [ 0, 14, 0.5, 14.5 ], "texture": "#wooden_sword_texture1" },
        "south": { "uv": [ 0, 14, 0.5, 14.5 ], "texture": "#wooden_sword_texture1" },
        "west":  { "uv": [ 1.5, 0, 2, 0.5 ], "texture": "#wooden_sword_texture2" },
        "east":  { "uv": [ 1.5, 0, 2, 0.5 ], "texture": "#wooden_sword_texture2" }
    }
},
{
    "__comment": "Blade*",
    "from": [ 10.5, 8, 6 ],
    "to": [ 11, 8.5, 6.5 ],
    "faces": {
        "down":  { "uv": [ 5.5, 14, 6, 14.5 ], "texture": "#wooden_sword_texture1" },
        "up":    { "uv": [ 5.5, 14, 6, 14.5 ], "texture": "#wooden_sword_texture1" },
        "north": { "uv": [ 5.5, 14, 6, 14.5 ], "texture": "#wooden_sword_texture1" },
        "south": { "uv": [ 5.5, 14, 6, 14.5 ], "texture": "#wooden_sword_texture1" },
        "west":  { "uv": [ 1.5, 5.5, 2, 6 ], "texture": "#wooden_sword_texture2" },
        "east":  { "uv": [ 1.5, 5.5, 2, 6 ], "texture": "#wooden_sword_texture2" }
    }
},
{
    "from": [ 7.5, 8.5, -7 ],
    "to": [ 8.5, 8.75, 8 ],
    "faces": {
        "down":  { "uv": [ 3.5, 16, 2.5, 1 ], "texture": "#wooden_sword_texture1" },
        "up":    { "uv": [ 2.5, 1, 3.5, 16 ], "texture": "#wooden_sword_texture1" },
        "north": { "uv": [ 2.5, 1, 3.5, 1.25 ], "texture": "#wooden_sword_texture1" },
        "south": { "uv": [ 2.5, 15.75, 3.5, 16 ], "texture": "#wooden_sword_texture1" },
        "west":  { "uv": [ 0, 2.5, 15, 2.5 ], "texture": "#wooden_sword_texture2" },
        "east":  { "uv": [ 0, 3, 15, 3 ], "texture": "#wooden_sword_texture2" }
    }
},
{
    "from": [ 7.5, 7.75, -7 ],
    "to": [ 8.5, 8, 8 ],
    "faces": {
        "down":  { "uv": [ 3.5, 16, 2.5, 1 ], "texture": "#wooden_sword_texture1" },
        "up":    { "uv": [ 2.5, 1, 3.5, 16 ], "texture": "#wooden_sword_texture1" },
        "north": { "uv": [ 2.5, 1, 3.5, 1.25 ], "texture": "#wooden_sword_texture1" },
        "south": { "uv": [ 2.5, 15.75, 3.5, 16 ], "texture": "#wooden_sword_texture1" },
        "west":  { "uv": [ 0, 2.5, 15, 2.5 ], "texture": "#wooden_sword_texture2" },
        "east":  { "uv": [ 0, 3, 15, 3 ], "texture": "#wooden_sword_texture2" }
    }
},
{
    "from": [ 7, 8.5, -4.5 ],
    "to": [ 7.5, 8.75, 8 ],
    "faces": {
        "down":  { "uv": [ 2.5, 16, 2, 3.5 ], "texture": "#wooden_sword_texture1" },
        "up":    { "uv": [ 2, 3.5, 2.5, 16 ], "texture": "#wooden_sword_texture1" },
        "north": { "uv": [ 2.5, 1, 3.5, 1.25 ], "texture": "#wooden_sword_texture1" },
        "south": { "uv": [ 2.5, 15.75, 3.5, 16 ], "texture": "#wooden_sword_texture1" },
        "west":  { "uv": [ 0, 2.5, 15, 2.5 ], "texture": "#wooden_sword_texture2" },
        "east":  { "uv": [ 0, 3, 15, 3 ], "texture": "#wooden_sword_texture2" }
    }
},
{
    "from": [ 8.5, 8.5, -4.5 ],
    "to": [ 9, 8.75, 8 ],
    "faces": {
        "down":  { "uv": [ 2.5, 16, 2, 3.5 ], "texture": "#wooden_sword_texture1" },
        "up":    { "uv": [ 2, 3.5, 2.5, 16 ], "texture": "#wooden_sword_texture1" },
        "north": { "uv": [ 2.5, 1, 3.5, 1.25 ], "texture": "#wooden_sword_texture1" },
        "south": { "uv": [ 2.5, 15.75, 3.5, 16 ], "texture": "#wooden_sword_texture1" },
        "west":  { "uv": [ 0, 2.5, 15, 2.5 ], "texture": "#wooden_sword_texture2" },
        "east":  { "uv": [ 0, 3, 15, 3 ], "texture": "#wooden_sword_texture2" }
    }
},
{
    "from": [ 7, 7.75, -4.5 ],
    "to": [ 7.5, 8, 8 ],
    "faces": {
        "down":  { "uv": [ 2.5, 16, 2, 3.5 ], "texture": "#wooden_sword_texture1" },
        "up":    { "uv": [ 2, 3.5, 2.5, 16 ], "texture": "#wooden_sword_texture1" },
        "north": { "uv": [ 2.5, 1, 3.5, 1.25 ], "texture": "#wooden_sword_texture1" },
        "south": { "uv": [ 2.5, 15.75, 3.5, 16 ], "texture": "#wooden_sword_texture1" },
        "west":  { "uv": [ 0, 2.5, 15, 2.5 ], "texture": "#wooden_sword_texture2" },
        "east":  { "uv": [ 0, 3, 15, 3 ], "texture": "#wooden_sword_texture2" }
    }
},
{
    "from": [ 8.5, 7.75, -4.5 ],
    "to": [ 9, 8, 8 ],
    "faces": {
        "down":  { "uv": [ 2.5, 16, 2, 3.5 ], "texture": "#wooden_sword_texture1" },
        "up":    { "uv": [ 2, 3.5, 2.5, 16 ], "texture": "#wooden_sword_texture1" },
        "north": { "uv": [ 2.5, 1, 3.5, 1.25 ], "texture": "#wooden_sword_texture1" },
        "south": { "uv": [ 2.5, 15.75, 3.5, 16 ], "texture": "#wooden_sword_texture1" },
        "west":  { "uv": [ 0, 2.5, 15, 2.5 ], "texture": "#wooden_sword_texture2" },
        "east":  { "uv": [ 0, 3, 15, 3 ], "texture": "#wooden_sword_texture2" }
    }
}
],
"display": {
    "thirdperson_righthand": {
        "rotation": [ 90, 0, 90 ],
        "translation": [ 0, 1.5, 1.7 ],
        "scale": [ 1, 1, 1 ]
    },
    "thirdperson_lefthand": {
        "rotation": [ 90, 0, 90 ],
        "translation": [ 0, 1.5, 1.7 ],
        "scale": [ 1, 1, 1 ]
    },
    "ground": {
        "rotation": [ 0, 0, 0 ],
        "translation": [ 0, 0, 0 ],
        "scale": [ 0.7, 0.7, 0.7 ]
    },
    "fixed": {
        "rotation": [ 90, 0, 0 ],
        "translation": [ 0, -4, -0.5 ],
        "scale": [ 1, 1, 1 ]
    },
    "firstperson_righthand": {
        "rotation": [ 90, -10, 90 ],
        "translation": [ 0, 2, -0.7 ],
        "scale": [ 0.9, 0.9, 0.9 ]
    },
    "firstperson_lefthand": {
        "rotation": [ 90, -10, 90 ],
        "translation": [ 0, 2, -0.7 ],
        "scale": [ 0.9, 0.9, 0.9 ]
    },
    "gui": {
        "rotation": [ 90, -45, 0 ],
        "translation": [ -2.5, -2.5, 0 ],
        "scale": [ 0.9, 0.9, 0.9 ]
    }
}
}