{
"__comment": "Designed by Flashtt with BDcraft Cubik PRO 0.96 Beta - http://bdcraft.net",
"textures": {
    "log_oak": "blocks/log_oak",
    "planks_birch": "blocks/planks_birch"
},
"elements": [ 
{
    "from": [ 7, 15, 2 ],
    "to": [ 9, 16, 11 ],
    "faces": {
        "down":  { "uv": [ 9, 11, 7, 2 ], "texture": "#planks_birch" },
        "up":    { "uv": [ 7, 2, 9, 11 ], "texture": "#planks_birch" },
        "north": { "uv": [ 7, 0, 9, 1 ], "texture": "#planks_birch" },
        "south": { "uv": [ 7, 0, 9, 1 ], "texture": "#planks_birch" },
        "west":  { "uv": [ 2, 0, 11, 1 ], "texture": "#planks_birch" },
        "east":  { "uv": [ 5, 0, 14, 1 ], "texture": "#planks_birch" }
    }
},
{
    "from": [ 5.5, 15, 11 ],
    "to": [ 10.5, 16, 12 ],
    "faces": {
        "down":  { "uv": [ 10.5, 12, 5.5, 11 ], "texture": "#log_oak" },
        "up":    { "uv": [ 5.5, 11, 10.5, 12 ], "texture": "#log_oak" },
        "north": { "uv": [ 5.5, 0, 10.5, 1 ], "texture": "#log_oak" },
        "south": { "uv": [ 5.5, 0, 10.5, 1 ], "texture": "#log_oak" },
        "west":  { "uv": [ 11, 0, 12, 1 ], "texture": "#log_oak" },
        "east":  { "uv": [ 4, 0, 5, 1 ], "texture": "#log_oak" }
    }
},
{
    "from": [ 7, 15.5, 1.5 ],
    "to": [ 7.5, 16, 2 ],
    "faces": {
        "down":  { "uv": [ 9, 2, 8.5, 1.5 ], "texture": "#planks_birch" },
        "up":    { "uv": [ 7, 1.5, 7.5, 2 ], "texture": "#planks_birch" },
        "north": { "uv": [ 8.5, 0, 9, 0.5 ], "texture": "#planks_birch" },
        "south": { "uv": [ 7, 0, 7.5, 0.5 ], "texture": "#planks_birch" },
        "west":  { "uv": [ 1.5, 0, 2, 0.5 ], "texture": "#planks_birch" },
        "east":  { "uv": [ 14, 0, 14.5, 0.5 ], "texture": "#planks_birch" }
    }
},
{
    "from": [ 7.5, 15, 0 ],
    "to": [ 8.5, 16, 1 ],
    "faces": {
        "down":  { "uv": [ 8.5, 1, 7.5, 0 ], "texture": "#planks_birch" },
        "up":    { "uv": [ 7.5, 0, 8.5, 1 ], "texture": "#planks_birch" },
        "north": { "uv": [ 7.5, 0, 8.5, 1 ], "texture": "#planks_birch" },
        "south": { "uv": [ 7.5, 0, 8.5, 1 ], "texture": "#planks_birch" },
        "west":  { "uv": [ 0, 0, 1, 1 ], "texture": "#planks_birch" },
        "east":  { "uv": [ 15, 0, 16, 1 ], "texture": "#planks_birch" }
    }
},
{
    "from": [ 7.5, 15, 1 ],
    "to": [ 8.5, 16, 2 ],
    "faces": {
        "down":  { "uv": [ 8.5, 2, 7.5, 1 ], "texture": "#planks_birch" },
        "up":    { "uv": [ 7.5, 1, 8.5, 2 ], "texture": "#planks_birch" },
        "north": { "uv": [ 7.5, 0, 8.5, 1 ], "texture": "#planks_birch" },
        "south": { "uv": [ 7.5, 0, 8.5, 1 ], "texture": "#planks_birch" },
        "west":  { "uv": [ 1, 0, 2, 1 ], "texture": "#planks_birch" },
        "east":  { "uv": [ 14, 0, 15, 1 ], "texture": "#planks_birch" }
    }
},
{
    "from": [ 7.5, 15, 12 ],
    "to": [ 8.5, 16, 16 ],
    "faces": {
        "down":  { "uv": [ 8.5, 16, 7.5, 12 ], "texture": "#log_oak" },
        "up":    { "uv": [ 7.5, 12, 8.5, 16 ], "texture": "#log_oak" },
        "north": { "uv": [ 7.5, 0, 8.5, 1 ], "texture": "#log_oak" },
        "south": { "uv": [ 7.5, 0, 8.5, 1 ], "texture": "#log_oak" },
        "west":  { "uv": [ 12, 0, 16, 1 ], "texture": "#log_oak" },
        "east":  { "uv": [ 0, 0, 4, 1 ], "texture": "#log_oak" }
    }
},
{
    "from": [ 10, 15.5, 9.5 ],
    "to": [ 10.5, 16, 10 ],
    "faces": {
        "down":  { "uv": [ 6, 10, 5.5, 9.5 ], "texture": "#log_oak" },
        "up":    { "uv": [ 10, 9.5, 10.5, 10 ], "texture": "#log_oak" },
        "north": { "uv": [ 5.5, 0, 6, 0.5 ], "texture": "#log_oak" },
        "south": { "uv": [ 10, 0, 10.5, 0.5 ], "texture": "#log_oak" },
        "west":  { "uv": [ 9.5, 0, 10, 0.5 ], "texture": "#log_oak" },
        "east":  { "uv": [ 6, 0, 6.5, 0.5 ], "texture": "#log_oak" }
    }
},
{
    "from": [ 5.5, 15.5, 9.5 ],
    "to": [ 6, 16, 10 ],
    "faces": {
        "down":  { "uv": [ 10.5, 10, 10, 9.5 ], "texture": "#log_oak" },
        "up":    { "uv": [ 5.5, 9.5, 6, 10 ], "texture": "#log_oak" },
        "north": { "uv": [ 10, 0, 10.5, 0.5 ], "texture": "#log_oak" },
        "south": { "uv": [ 5.5, 0, 6, 0.5 ], "texture": "#log_oak" },
        "west":  { "uv": [ 9.5, 0, 10, 0.5 ], "texture": "#log_oak" },
        "east":  { "uv": [ 6, 0, 6.5, 0.5 ], "texture": "#log_oak" }
    }
},
{
    "from": [ 7.5, 14.5, 2 ],
    "to": [ 8.5, 15.5, 11 ],
    "faces": {
        "down":  { "uv": [ 8.5, 11, 7.5, 2 ], "texture": "#planks_birch" },
        "up":    { "uv": [ 7.5, 2, 8.5, 11 ], "texture": "#planks_birch" },
        "north": { "uv": [ 7.5, 0.5, 8.5, 1.5 ], "texture": "#planks_birch" },
        "south": { "uv": [ 7.5, 0.5, 8.5, 1.5 ], "texture": "#planks_birch" },
        "west":  { "uv": [ 2, 0.5, 11, 1.5 ], "texture": "#planks_birch" },
        "east":  { "uv": [ 5, 0.5, 14, 1.5 ], "texture": "#planks_birch" }
    }
},
{
    "from": [ 7.5, 15.5, 2 ],
    "to": [ 8.5, 16.5, 11 ],
    "faces": {
        "down":  { "uv": [ 8.5, 11, 7.5, 2 ], "texture": "#planks_birch" },
        "up":    { "uv": [ 7.5, 2, 8.5, 11 ], "texture": "#planks_birch" },
        "north": { "uv": [ 7.5, 0, 8.5, 0.5 ], "texture": "#planks_birch" },
        "south": { "uv": [ 7.5, 0, 8.5, 0.5 ], "texture": "#planks_birch" },
        "west":  { "uv": [ 2, 0, 11, 0.5 ], "texture": "#planks_birch" },
        "east":  { "uv": [ 5, 0, 14, 0.5 ], "texture": "#planks_birch" }
    }
},
{
    "from": [ 8.5, 15.5, 1.5 ],
    "to": [ 9, 16, 2 ],
    "faces": {
        "down":  { "uv": [ 7.5, 2, 7, 1.5 ], "texture": "#planks_birch" },
        "up":    { "uv": [ 8.5, 1.5, 9, 2 ], "texture": "#planks_birch" },
        "north": { "uv": [ 7, 0, 7.5, 0.5 ], "texture": "#planks_birch" },
        "south": { "uv": [ 8.5, 0, 9, 0.5 ], "texture": "#planks_birch" },
        "west":  { "uv": [ 1.5, 0, 2, 0.5 ], "texture": "#planks_birch" },
        "east":  { "uv": [ 14, 0, 14.5, 0.5 ], "texture": "#planks_birch" }
    }
},
{
    "from": [ 5, 15, 11.5 ],
    "to": [ 6, 16, 11.5625 ],
    "faces": {
        "north": { "uv": [ 10, 0, 11, 1 ], "texture": "#log_oak" },
        "south": { "uv": [ 5, 0, 6, 1 ], "texture": "#log_oak" }
    }
},
{
    "from": [ 8, 15, 15.5 ],
    "to": [ 8.0625, 16, 16.5 ],
    "faces": {
        "west":  { "uv": [ 15.5, 0, 16, 1 ], "texture": "#log_oak" },
        "east":  { "uv": [ 0, 0, 0.5, 1 ], "texture": "#log_oak" }
    }
},
{
    "from": [ 10, 15, 11.5 ],
    "to": [ 11, 16, 11.5625 ],
    "faces": {
        "north": { "uv": [ 5, 0, 6, 1 ], "texture": "#log_oak" },
        "south": { "uv": [ 10, 0, 11, 1 ], "texture": "#log_oak" }
    }
},
{
    "from": [ 10, 15, 10 ],
    "to": [ 11, 16, 11 ],
    "faces": {
        "down":  { "uv": [ 6, 11, 5, 10 ], "texture": "#log_oak" },
        "up":    { "uv": [ 10, 10, 11, 11 ], "texture": "#log_oak" },
        "north": { "uv": [ 5, 0, 6, 1 ], "texture": "#log_oak" },
        "south": { "uv": [ 10, 0, 11, 1 ], "texture": "#log_oak" },
        "west":  { "uv": [ 10, 0, 11, 1 ], "texture": "#log_oak" },
        "east":  { "uv": [ 5, 0, 6, 1 ], "texture": "#log_oak" }
    }
},
{
    "from": [ 5, 15, 10 ],
    "to": [ 6, 16, 11 ],
    "faces": {
        "down":  { "uv": [ 11, 11, 10, 10 ], "texture": "#log_oak" },
        "up":    { "uv": [ 5, 10, 6, 11 ], "texture": "#log_oak" },
        "north": { "uv": [ 10, 0, 11, 1 ], "texture": "#log_oak" },
        "south": { "uv": [ 5, 0, 6, 1 ], "texture": "#log_oak" },
        "west":  { "uv": [ 10, 0, 11, 1 ], "texture": "#log_oak" },
        "east":  { "uv": [ 5, 0, 6, 1 ], "texture": "#log_oak" }
    }
},
{
    "from": [ 10.5, 15.5, 11 ],
    "to": [ 11, 16, 11.5 ],
    "faces": {
        "down":  { "uv": [ 5.5, 11.5, 5, 11 ], "texture": "#log_oak" },
        "up":    { "uv": [ 10.5, 11, 11, 11.5 ], "texture": "#log_oak" },
        "north": { "uv": [ 5, 0, 5.5, 0.5 ], "texture": "#log_oak" },
        "south": { "uv": [ 10.5, 0, 11, 0.5 ], "texture": "#log_oak" },
        "west":  { "uv": [ 11, 0, 11.5, 0.5 ], "texture": "#log_oak" },
        "east":  { "uv": [ 4.5, 0, 5, 0.5 ], "texture": "#log_oak" }
    }
},
{
    "from": [ 5, 15.5, 11 ],
    "to": [ 5.5, 16, 11.5 ],
    "faces": {
        "down":  { "uv": [ 11, 11.5, 10.5, 11 ], "texture": "#log_oak" },
        "up":    { "uv": [ 5, 11, 5.5, 11.5 ], "texture": "#log_oak" },
        "north": { "uv": [ 10.5, 0, 11, 0.5 ], "texture": "#log_oak" },
        "south": { "uv": [ 5, 0, 5.5, 0.5 ], "texture": "#log_oak" },
        "west":  { "uv": [ 11, 0, 11.5, 0.5 ], "texture": "#log_oak" },
        "east":  { "uv": [ 4.5, 0, 5, 0.5 ], "texture": "#log_oak" }
    }
}
],
"display": {
    "thirdperson_righthand": {
        "rotation": [ 96, 1, 88 ],
        "translation": [ 7.75, 13.04, 3.21 ],
        "scale": [ 2.5, 1, 2.5 ]
    },
    "thirdperson_lefthand": {
        "rotation": [ 96, 1, 88 ],
        "translation": [ 7.75, 13.04, 3.21 ],
        "scale": [ 2.5, 1, 2.5 ]
    },
    "firstperson_righthand": {
        "rotation": [ 50, -16, -77 ],
        "translation": [ -6.05, 6.43, -2.83 ],
        "scale": [ 2, 1, 2 ]
    },
    "firstperson_lefthand": {
        "rotation": [ 50, -16, -77 ],
        "translation": [ -6.05, 6.43, -2.83 ],
        "scale": [ 2, 1, 2 ]
    },
    "gui": {
        "rotation": [ 90, 37, 0 ],
        "translation": [ 0, 0, 0 ],
        "scale": [ 2, 1, 2 ]
    }
}
}