{
    "__createdwith": "opl's Model Creator",
    "ambientocclusion": false,
    "textures": {
        "candle": "blocks/redstone_torch_on",
        "particle": "blocks/wool_colored_black",
        "holder": "3d/candle_wall",
        "flame": "3d/candle_flame"
    },
    "elements": [
        {
            "from": [0,1,6],
            "to": [1,5,10],
            "faces": {
                "up": {
                    "uv": [12,3,16,4],
                    "texture": "#holder",
                    "rotation": 270
                },
                "down": {
                    "uv": [12,6,16,7],
                    "texture": "#holder",
                    "rotation": 90
                },
                "east": {
                    "uv": [12,3,16,7],
                    "texture": "#holder"
                },
                "north": {
                    "uv": [15,3,16,7],
                    "texture": "#holder"
                },
                "south": {
                    "uv": [12,3,13,7],
                    "texture": "#holder"
                }
            }
        },
        {
            "from": [0,2,7],
            "to": [3,3,9],
            "faces": {
                "up": {
                    "uv": [13,14,16,16],
                    "texture": "#holder"
                },
                "down": {
                    "uv": [13,14,16,16],
                    "texture": "#holder"
                },
                "north": {
                    "uv": [8,5,11,6],
                    "texture": "#holder"
                },
                "south": {
                    "uv": [11,5,8,6],
                    "texture": "#holder"
                }
            }
        },
        {
            "from": [3,1,7],
            "to": [4,4,9],
            "faces": {
                "up": {
                    "uv": [12,14,13,16],
                    "texture": "#holder"
                },
                "down": {
                    "uv": [7,6,8,7],
                    "texture": "#holder"
                },
                "west": {
                    "uv": [7,3,8,6],
                    "texture": "#holder"
                },
                "east": {
                    "uv": [7,3,8,6],
                    "texture": "#holder"
                },
                "north": {
                    "uv": [7,3,8,6],
                    "texture": "#holder"
                },
                "south": {
                    "uv": [8,3,7,6],
                    "texture": "#holder"
                }
            }
        },
        {
            "from": [4,3,7],
            "to": [5,5,9],
            "faces": {
                "down": {
                    "uv": [11,14,12,16],
                    "texture": "#holder"
                },
                "west": {
                    "uv": [6,2,7,4],
                    "texture": "#holder"
                },
                "east": {
                    "uv": [6,2,7,4],
                    "texture": "#holder"
                },
                "north": {
                    "uv": [6,2,7,4],
                    "texture": "#holder"
                },
                "south": {
                    "uv": [7,2,6,4],
                    "texture": "#holder"
                }
            }
        },
        {
            "from": [5,4,7],
            "to": [7,5,9],
            "faces": {
                "down": {
                    "uv": [10,14,12,16],
                    "texture": "#holder"
                },
                "east": {
                    "uv": [4,2,5,3],
                    "texture": "#holder"
                },
                "north": {
                    "uv": [4,2,6,3],
                    "texture": "#holder"
                },
                "south": {
                    "uv": [6,2,4,3],
                    "texture": "#holder"
                }
            }
        },
        {
            "from": [6,3,7],
            "to": [7,4,9],
            "faces": {
                "down": {
                    "uv": [9,14,10,16],
                    "texture": "#holder"
                },
                "west": {
                    "uv": [4,3,5,4],
                    "texture": "#holder"
                },
                "east": {
                    "uv": [4,3,5,4],
                    "texture": "#holder"
                },
                "north": {
                    "uv": [4,3,5,4],
                    "texture": "#holder"
                },
                "south": {
                    "uv": [5,3,4,4],
                    "texture": "#holder"
                }
            }
        },
        {
            "from": [4,6,6],
            "to": [8,7,10],
            "faces": {
                "up": {
                    "uv": [0,12,4,16],
                    "texture": "#holder"
                },
                "down": {
                    "uv": [0,12,4,16],
                    "texture": "#holder"
                },
                "west": {
                    "uv": [0,11,4,12],
                    "texture": "#holder"
                },
                "east": {
                    "uv": [0,11,4,12],
                    "texture": "#holder"
                },
                "north": {
                    "uv": [0,11,4,12],
                    "texture": "#holder"
                },
                "south": {
                    "uv": [0,11,4,12],
                    "texture": "#holder"
                }
            }
        },
        {
            "from": [3,5,5],
            "to": [9,6,11],
            "faces": {
                "up": {
                    "uv": [4,8,10,14],
                    "texture": "#holder"
                },
                "down": {
                    "uv": [4,8,10,14],
                    "texture": "#holder"
                },
                "west": {
                    "uv": [10,13,16,14],
                    "texture": "#holder"
                },
                "east": {
                    "uv": [10,13,16,14],
                    "texture": "#holder"
                },
                "north": {
                    "uv": [10,13,16,14],
                    "texture": "#holder"
                },
                "south": {
                    "uv": [10,13,16,14],
                    "texture": "#holder"
                }
            }
        },
        {
            "from": [4,7,6],
            "to": [8,13,10],
            "faces": {
                "up": {
                    "uv": [0,12,4,16],
                    "texture": "#candle"
                },
                "west": {
                    "uv": [6,10,10,16],
                    "texture": "#candle"
                },
                "east": {
                    "uv": [6,10,10,16],
                    "texture": "#candle"
                },
                "north": {
                    "uv": [6,10,10,16],
                    "texture": "#candle"
                },
                "south": {
                    "uv": [6,10,10,16],
                    "texture": "#candle"
                }
            }
        },
        {
            "from": [5.5,13,7.5],
            "to": [6.5,14,8.5],
            "faces": {
                "up": {
                    "uv": [8,9,9,10],
                    "texture": "#candle"
                },
                "west": {
                    "uv": [8,9,9,10],
                    "texture": "#candle"
                },
                "east": {
                    "uv": [8,9,9,10],
                    "texture": "#candle"
                },
                "north": {
                    "uv": [8,9,9,10],
                    "texture": "#candle"
                },
                "south": {
                    "uv": [8,9,9,10],
                    "texture": "#candle"
                }
            }
        },
        {
            "from": [5.9,13,6],
            "to": [6.1,17,10],
			"shade": false,
			"rotation": { "origin": [ 6, 8, 8 ], "axis": "y", "angle": 45, "rescale": true },
            "faces": {
                "west": {
                    "uv": [0,0,16,16],
                    "texture": "#flame"
                },
                "east": {
                    "uv": [0,0,16,16],
                    "texture": "#flame"
                }
            }
        },
        {
            "from": [4,13,7.9],
            "to": [8,17,8.1],
			"shade": false,
			"rotation": { "origin": [ 6, 8, 8 ], "axis": "y", "angle": 45, "rescale": true },
            "faces": {
                "north": {
                    "uv": [0,0,16,16],
                    "texture": "#flame"
                },
                "south": {
                    "uv": [0,0,16,16],
                    "texture": "#flame"
                }
            }
        }
    ]
}