{
"__comment": "Designed by Corporalblober with BDcraft Cubik PRO 0.95 Beta - http://bdcraft.net",
"textures": {
    "texture": "blocks/anvil 1"
},
"elements": [ 
{
    "from": [ -3.25, 8.75, 8.5 ],
    "to": [ 8, 9, 9 ],
    "faces": {
        "down":  { "uv": [ 16, 9, 8, 8.5 ], "texture": "#texture", "cullface": "west" },
        "up":    { "uv": [ 0, 8.5, 8, 9 ], "texture": "#texture", "cullface": "west" },
        "north": { "uv": [ 8, 7, 16, 7.25 ], "texture": "#texture", "cullface": "west" },
        "south": { "uv": [ 0, 7, 8, 7.25 ], "texture": "#texture", "cullface": "west" },
        "west":  { "uv": [ 8.5, 7, 9, 7.25 ], "texture": "#texture", "cullface": "west" }
    }
},
{
    "from": [ -3.25, 8.25, 8.25 ],
    "to": [ 8, 8.75, 8.5 ],
    "faces": {
        "down":  { "uv": [ 16, 8.5, 8, 8.25 ], "texture": "#texture", "cullface": "west" },
        "up":    { "uv": [ 0, 8.25, 8, 8.5 ], "texture": "#texture", "cullface": "west" },
        "north": { "uv": [ 8, 7.25, 16, 7.75 ], "texture": "#texture", "cullface": "west" },
        "south": { "uv": [ 0, 7.25, 8, 7.75 ], "texture": "#texture", "cullface": "west" },
        "west":  { "uv": [ 8.25, 7.25, 8.5, 7.75 ], "texture": "#texture", "cullface": "west" }
    }
},
{
    "from": [ -3.25, 8.25, 7 ],
    "to": [ 8, 8.75, 7.25 ],
    "faces": {
        "down":  { "uv": [ 16, 7.25, 8, 7 ], "texture": "#texture", "cullface": "west" },
        "up":    { "uv": [ 0, 7, 8, 7.25 ], "texture": "#texture", "cullface": "west" },
        "north": { "uv": [ 8, 7.25, 16, 7.75 ], "texture": "#texture", "cullface": "west" },
        "south": { "uv": [ 0, 7.25, 8, 7.75 ], "texture": "#texture", "cullface": "west" },
        "west":  { "uv": [ 7, 7.25, 7.25, 7.75 ], "texture": "#texture", "cullface": "west" }
    }
},
{
    "from": [ -3.25, 8.75, 7.25 ],
    "to": [ 8, 9, 7.75 ],
    "faces": {
        "down":  { "uv": [ 16, 7.75, 8, 7.25 ], "texture": "#texture", "cullface": "west" },
        "up":    { "uv": [ 0, 7.25, 8, 7.75 ], "texture": "#texture", "cullface": "west" },
        "north": { "uv": [ 8, 7, 16, 7.25 ], "texture": "#texture", "cullface": "west" },
        "south": { "uv": [ 0, 7, 8, 7.25 ], "texture": "#texture", "cullface": "west" },
        "west":  { "uv": [ 7.25, 7, 7.75, 7.25 ], "texture": "#texture", "cullface": "west" }
    }
},
{
    "from": [ -3.25, 7, 6.25 ],
    "to": [ 8, 7.5, 6.5 ],
    "faces": {
        "down":  { "uv": [ 16, 6.5, 8, 6.25 ], "texture": "#texture", "cullface": "west" },
        "up":    { "uv": [ 0, 6.25, 8, 6.5 ], "texture": "#texture", "cullface": "west" },
        "north": { "uv": [ 8, 8.5, 16, 9 ], "texture": "#texture", "cullface": "west" },
        "south": { "uv": [ 0, 8.5, 8, 9 ], "texture": "#texture", "cullface": "west" },
        "west":  { "uv": [ 6.25, 8.5, 6.5, 9 ], "texture": "#texture", "cullface": "west" }
    }
},
{
    "from": [ -3.25, 6.75, 6.5 ],
    "to": [ 8, 7, 7 ],
    "faces": {
        "down":  { "uv": [ 16, 7, 8, 6.5 ], "texture": "#texture", "cullface": "west" },
        "up":    { "uv": [ 0, 6.5, 8, 7 ], "texture": "#texture", "cullface": "west" },
        "north": { "uv": [ 8, 9, 16, 9.25 ], "texture": "#texture", "cullface": "west" },
        "south": { "uv": [ 0, 9, 8, 9.25 ], "texture": "#texture", "cullface": "west" },
        "west":  { "uv": [ 6.5, 9, 7, 9.25 ], "texture": "#texture", "cullface": "west" }
    }
},
{
    "from": [ -3.25, 6.25, 7.25 ],
    "to": [ 8, 6.5, 7.75 ],
    "faces": {
        "down":  { "uv": [ 16, 7.75, 8, 7.25 ], "texture": "#texture", "cullface": "west" },
        "up":    { "uv": [ 0, 7.25, 8, 7.75 ], "texture": "#texture", "cullface": "west" },
        "north": { "uv": [ 8, 9.5, 16, 9.75 ], "texture": "#texture", "cullface": "west" },
        "south": { "uv": [ 0, 9.5, 8, 9.75 ], "texture": "#texture", "cullface": "west" },
        "west":  { "uv": [ 7.25, 9.5, 7.75, 9.75 ], "texture": "#texture", "cullface": "west" }
    }
},
{
    "from": [ -3.25, 5.75, 7 ],
    "to": [ 8, 6.25, 7.25 ],
    "faces": {
        "down":  { "uv": [ 16, 7.25, 8, 7 ], "texture": "#texture", "cullface": "west" },
        "up":    { "uv": [ 0, 7, 8, 7.25 ], "texture": "#texture", "cullface": "west" },
        "north": { "uv": [ 8, 9.75, 16, 10.25 ], "texture": "#texture", "cullface": "west" },
        "south": { "uv": [ 0, 9.75, 8, 10.25 ], "texture": "#texture", "cullface": "west" },
        "west":  { "uv": [ 7, 9.75, 7.25, 10.25 ], "texture": "#texture", "cullface": "west" }
    }
},
{
    "from": [ -3.25, 6.25, 8.5 ],
    "to": [ 8, 6.5, 9 ],
    "faces": {
        "down":  { "uv": [ 16, 9, 8, 8.5 ], "texture": "#texture", "cullface": "west" },
        "up":    { "uv": [ 0, 8.5, 8, 9 ], "texture": "#texture", "cullface": "west" },
        "north": { "uv": [ 8, 9.5, 16, 9.75 ], "texture": "#texture", "cullface": "west" },
        "south": { "uv": [ 0, 9.5, 8, 9.75 ], "texture": "#texture", "cullface": "west" },
        "west":  { "uv": [ 8.5, 9.5, 9, 9.75 ], "texture": "#texture", "cullface": "west" }
    }
},
{
    "from": [ -3.25, 5.75, 8.25 ],
    "to": [ 8, 6.25, 8.5 ],
    "faces": {
        "down":  { "uv": [ 16, 8.5, 8, 8.25 ], "texture": "#texture", "cullface": "west" },
        "up":    { "uv": [ 0, 8.25, 8, 8.5 ], "texture": "#texture", "cullface": "west" },
        "north": { "uv": [ 8, 9.75, 16, 10.25 ], "texture": "#texture", "cullface": "west" },
        "south": { "uv": [ 0, 9.75, 8, 10.25 ], "texture": "#texture", "cullface": "west" },
        "west":  { "uv": [ 8.25, 9.75, 8.5, 10.25 ], "texture": "#texture", "cullface": "west" }
    }
},
{
    "from": [ -3.25, 7.5, 9.25 ],
    "to": [ 8, 7.75, 9.75 ],
    "faces": {
        "down":  { "uv": [ 16, 9.75, 8, 9.25 ], "texture": "#texture", "cullface": "west" },
        "up":    { "uv": [ 0, 9.25, 8, 9.75 ], "texture": "#texture", "cullface": "west" },
        "north": { "uv": [ 8, 8.25, 16, 8.5 ], "texture": "#texture", "cullface": "west" },
        "south": { "uv": [ 0, 8.25, 8, 8.5 ], "texture": "#texture", "cullface": "west" },
        "west":  { "uv": [ 9.25, 8.25, 9.75, 8.5 ], "texture": "#texture", "cullface": "west" }
    }
},
{
    "from": [ -3.25, 7, 9 ],
    "to": [ 8, 7.5, 9.25 ],
    "faces": {
        "down":  { "uv": [ 16, 9.25, 8, 9 ], "texture": "#texture", "cullface": "west" },
        "up":    { "uv": [ 0, 9, 8, 9.25 ], "texture": "#texture", "cullface": "west" },
        "north": { "uv": [ 8, 8.5, 16, 9 ], "texture": "#texture", "cullface": "west" },
        "south": { "uv": [ 0, 8.5, 8, 9 ], "texture": "#texture", "cullface": "west" },
        "west":  { "uv": [ 9, 8.5, 9.25, 9 ], "texture": "#texture", "cullface": "west" }
    }
},
{
    "from": [ 4.75, 5.25, 6.75 ],
    "to": [ 5.75, 9.25, 9.5 ],
    "faces": {
        "down":  { "uv": [ 11.25, 9.5, 10.25, 6.75 ], "texture": "#texture" },
        "up":    { "uv": [ 4.75, 6.75, 5.75, 9.5 ], "texture": "#texture" },
        "north": { "uv": [ 10.25, 6.75, 11.25, 10.75 ], "texture": "#texture" },
        "south": { "uv": [ 4.75, 6.75, 5.75, 10.75 ], "texture": "#texture" },
        "west":  { "uv": [ 6.75, 6.75, 9.5, 10.75 ], "texture": "#texture" },
        "east":  { "uv": [ 6.5, 6.75, 9.25, 10.75 ], "texture": "#texture" }
    }
},
{
    "from": [ 4.75, 6.25, 6 ],
    "to": [ 5.75, 8.25, 10.25 ],
    "faces": {
        "down":  { "uv": [ 11.25, 10.25, 10.25, 6 ], "texture": "#texture" },
        "up":    { "uv": [ 4.75, 6, 5.75, 10.25 ], "texture": "#texture" },
        "north": { "uv": [ 10.25, 7.75, 11.25, 9.75 ], "texture": "#texture" },
        "south": { "uv": [ 4.75, 7.75, 5.75, 9.75 ], "texture": "#texture" },
        "west":  { "uv": [ 6, 7.75, 10.25, 9.75 ], "texture": "#texture" },
        "east":  { "uv": [ 5.75, 7.75, 10, 9.75 ], "texture": "#texture" }
    }
},
{
    "from": [ -2.75, 5.75, 6.25 ],
    "to": [ -1.75, 8.75, 10 ],
    "faces": {
        "down":  { "uv": [ 16, 10, 16, 6.25 ], "texture": "#texture", "cullface": "west" },
        "up":    { "uv": [ 0, 6.25, 0, 10 ], "texture": "#texture", "cullface": "west" },
        "north": { "uv": [ 16, 7.25, 16, 10.25 ], "texture": "#texture", "cullface": "west" },
        "south": { "uv": [ 0, 7.25, 0, 10.25 ], "texture": "#texture", "cullface": "west" },
        "west":  { "uv": [ 6.25, 7.25, 10, 10.25 ], "texture": "#texture", "cullface": "west" },
        "east":  { "uv": [ 6, 7.25, 9.75, 10.25 ], "texture": "#texture", "cullface": "west" }
    }
},
{
    "from": [ -2.75, 5.5, 6.5 ],
    "to": [ -1.75, 9, 9.75 ],
    "faces": {
        "down":  { "uv": [ 16, 9.75, 16, 6.5 ], "texture": "#texture", "cullface": "west" },
        "up":    { "uv": [ 0, 6.5, 0, 9.75 ], "texture": "#texture", "cullface": "west" },
        "north": { "uv": [ 16, 7, 16, 10.5 ], "texture": "#texture", "cullface": "west" },
        "south": { "uv": [ 0, 7, 0, 10.5 ], "texture": "#texture", "cullface": "west" },
        "west":  { "uv": [ 6.5, 7, 9.75, 10.5 ], "texture": "#texture", "cullface": "west" },
        "east":  { "uv": [ 6.25, 7, 9.5, 10.5 ], "texture": "#texture", "cullface": "west" }
    }
},
{
    "from": [ -2.75, 5, 7.25 ],
    "to": [ -1.75, 9.5, 9 ],
    "faces": {
        "down":  { "uv": [ 16, 9, 16, 7.25 ], "texture": "#texture", "cullface": "west" },
        "up":    { "uv": [ 0, 7.25, 0, 9 ], "texture": "#texture", "cullface": "west" },
        "north": { "uv": [ 16, 6.5, 16, 11 ], "texture": "#texture", "cullface": "west" },
        "south": { "uv": [ 0, 6.5, 0, 11 ], "texture": "#texture", "cullface": "west" },
        "west":  { "uv": [ 7.25, 6.5, 9, 11 ], "texture": "#texture", "cullface": "west" },
        "east":  { "uv": [ 7, 6.5, 8.75, 11 ], "texture": "#texture", "cullface": "west" }
    }
},
{
    "from": [ -3.25, 5.5, 7.25 ],
    "to": [ 8, 5.75, 7.75 ],
    "faces": {
        "down":  { "uv": [ 16, 7.75, 8, 7.25 ], "texture": "#texture", "cullface": "west" },
        "up":    { "uv": [ 0, 7.25, 8, 7.75 ], "texture": "#texture", "cullface": "west" },
        "north": { "uv": [ 8, 10.25, 16, 10.5 ], "texture": "#texture", "cullface": "west" },
        "south": { "uv": [ 0, 10.25, 8, 10.5 ], "texture": "#texture", "cullface": "west" },
        "west":  { "uv": [ 7.25, 10.25, 7.75, 10.5 ], "texture": "#texture", "cullface": "west" }
    }
},
{
    "from": [ -3.25, 5.5, 8.5 ],
    "to": [ 8, 5.75, 9 ],
    "faces": {
        "down":  { "uv": [ 16, 9, 8, 8.5 ], "texture": "#texture", "cullface": "west" },
        "up":    { "uv": [ 0, 8.5, 8, 9 ], "texture": "#texture", "cullface": "west" },
        "north": { "uv": [ 8, 10.25, 16, 10.5 ], "texture": "#texture", "cullface": "west" },
        "south": { "uv": [ 0, 10.25, 8, 10.5 ], "texture": "#texture", "cullface": "west" },
        "west":  { "uv": [ 8.5, 10.25, 9, 10.5 ], "texture": "#texture", "cullface": "west" }
    }
},
{
    "from": [ -3.25, 6.75, 9.25 ],
    "to": [ 8, 7, 9.75 ],
    "faces": {
        "down":  { "uv": [ 16, 9.75, 8, 9.25 ], "texture": "#texture", "cullface": "west" },
        "up":    { "uv": [ 0, 9.25, 8, 9.75 ], "texture": "#texture", "cullface": "west" },
        "north": { "uv": [ 8, 9, 16, 9.25 ], "texture": "#texture", "cullface": "west" },
        "south": { "uv": [ 0, 9, 8, 9.25 ], "texture": "#texture", "cullface": "west" },
        "west":  { "uv": [ 9.25, 9, 9.75, 9.25 ], "texture": "#texture", "cullface": "west" }
    }
},
{
    "from": [ -3.25, 7.5, 6.5 ],
    "to": [ 8, 7.75, 7 ],
    "faces": {
        "down":  { "uv": [ 16, 7, 8, 6.5 ], "texture": "#texture", "cullface": "west" },
        "up":    { "uv": [ 0, 6.5, 8, 7 ], "texture": "#texture", "cullface": "west" },
        "north": { "uv": [ 8, 8.25, 16, 8.5 ], "texture": "#texture", "cullface": "west" },
        "south": { "uv": [ 0, 8.25, 8, 8.5 ], "texture": "#texture", "cullface": "west" },
        "west":  { "uv": [ 6.5, 8.25, 7, 8.5 ], "texture": "#texture", "cullface": "west" }
    }
},
{
    "from": [ -3.25, 8, 8.5 ],
    "to": [ 8, 8.25, 9 ],
    "faces": {
        "down":  { "uv": [ 16, 9, 8, 8.5 ], "texture": "#texture", "cullface": "west" },
        "up":    { "uv": [ 0, 8.5, 8, 9 ], "texture": "#texture", "cullface": "west" },
        "north": { "uv": [ 8, 7.75, 16, 8 ], "texture": "#texture", "cullface": "west" },
        "south": { "uv": [ 0, 7.75, 8, 8 ], "texture": "#texture", "cullface": "west" },
        "west":  { "uv": [ 8.5, 7.75, 9, 8 ], "texture": "#texture", "cullface": "west" }
    }
},
{
    "from": [ -3.25, 8.25, 7.75 ],
    "to": [ 8, 8.75, 8 ],
    "faces": {
        "down":  { "uv": [ 16, 8, 8, 7.75 ], "texture": "#texture", "cullface": "west" },
        "up":    { "uv": [ 0, 7.75, 8, 8 ], "texture": "#texture", "cullface": "west" },
        "north": { "uv": [ 8, 7.25, 16, 7.75 ], "texture": "#texture", "cullface": "west" },
        "south": { "uv": [ 0, 7.25, 8, 7.75 ], "texture": "#texture", "cullface": "west" },
        "west":  { "uv": [ 7.75, 7.25, 8, 7.75 ], "texture": "#texture", "cullface": "west" }
    }
},
{
    "from": [ -3.25, 8, 7.25 ],
    "to": [ 8, 8.25, 7.75 ],
    "faces": {
        "down":  { "uv": [ 16, 7.75, 8, 7.25 ], "texture": "#texture", "cullface": "west" },
        "up":    { "uv": [ 0, 7.25, 8, 7.75 ], "texture": "#texture", "cullface": "west" },
        "north": { "uv": [ 8, 7.75, 16, 8 ], "texture": "#texture", "cullface": "west" },
        "south": { "uv": [ 0, 7.75, 8, 8 ], "texture": "#texture", "cullface": "west" },
        "west":  { "uv": [ 7.25, 7.75, 7.75, 8 ], "texture": "#texture", "cullface": "west" }
    }
},
{
    "from": [ -3.25, 7, 9.75 ],
    "to": [ 8, 7.5, 10 ],
    "faces": {
        "down":  { "uv": [ 16, 10, 8, 9.75 ], "texture": "#texture", "cullface": "west" },
        "up":    { "uv": [ 0, 9.75, 8, 10 ], "texture": "#texture", "cullface": "west" },
        "north": { "uv": [ 8, 8.5, 16, 9 ], "texture": "#texture", "cullface": "west" },
        "south": { "uv": [ 0, 8.5, 8, 9 ], "texture": "#texture", "cullface": "west" },
        "west":  { "uv": [ 9.75, 8.5, 10, 9 ], "texture": "#texture", "cullface": "west" }
    }
},
{
    "from": [ -3.25, 5.75, 9 ],
    "to": [ 8, 6.25, 9.25 ],
    "faces": {
        "down":  { "uv": [ 16, 9.25, 8, 9 ], "texture": "#texture", "cullface": "west" },
        "up":    { "uv": [ 0, 9, 8, 9.25 ], "texture": "#texture", "cullface": "west" },
        "north": { "uv": [ 8, 9.75, 16, 10.25 ], "texture": "#texture", "cullface": "west" },
        "south": { "uv": [ 0, 9.75, 8, 10.25 ], "texture": "#texture", "cullface": "west" },
        "west":  { "uv": [ 9, 9.75, 9.25, 10.25 ], "texture": "#texture", "cullface": "west" }
    }
},
{
    "from": [ -3.25, 5.75, 7.75 ],
    "to": [ 8, 6.25, 8 ],
    "faces": {
        "down":  { "uv": [ 16, 8, 8, 7.75 ], "texture": "#texture", "cullface": "west" },
        "up":    { "uv": [ 0, 7.75, 8, 8 ], "texture": "#texture", "cullface": "west" },
        "north": { "uv": [ 8, 9.75, 16, 10.25 ], "texture": "#texture", "cullface": "west" },
        "south": { "uv": [ 0, 9.75, 8, 10.25 ], "texture": "#texture", "cullface": "west" },
        "west":  { "uv": [ 7.75, 9.75, 8, 10.25 ], "texture": "#texture", "cullface": "west" }
    }
},
{
    "from": [ -3.25, 7, 7 ],
    "to": [ 8, 7.5, 7.25 ],
    "faces": {
        "down":  { "uv": [ 16, 7.25, 8, 7 ], "texture": "#texture", "cullface": "west" },
        "up":    { "uv": [ 0, 7, 8, 7.25 ], "texture": "#texture", "cullface": "west" },
        "north": { "uv": [ 8, 8.5, 16, 9 ], "texture": "#texture", "cullface": "west" },
        "south": { "uv": [ 0, 8.5, 8, 9 ], "texture": "#texture", "cullface": "west" },
        "west":  { "uv": [ 7, 8.5, 7.25, 9 ], "texture": "#texture", "cullface": "west" }
    }
},
{
    "from": [ -3.25, 8.25, 9 ],
    "to": [ 8, 8.75, 9.25 ],
    "faces": {
        "down":  { "uv": [ 16, 9.25, 8, 9 ], "texture": "#texture", "cullface": "west" },
        "up":    { "uv": [ 0, 9, 8, 9.25 ], "texture": "#texture", "cullface": "west" },
        "north": { "uv": [ 8, 7.25, 16, 7.75 ], "texture": "#texture", "cullface": "west" },
        "south": { "uv": [ 0, 7.25, 8, 7.75 ], "texture": "#texture", "cullface": "west" },
        "west":  { "uv": [ 9, 7.25, 9.25, 7.75 ], "texture": "#texture", "cullface": "west" }
    }
},
{
    "from": [ 4.75, 5, 7.25 ],
    "to": [ 5.75, 9.5, 9 ],
    "faces": {
        "down":  { "uv": [ 11.25, 9, 10.25, 7.25 ], "texture": "#texture" },
        "up":    { "uv": [ 4.75, 7.25, 5.75, 9 ], "texture": "#texture" },
        "north": { "uv": [ 10.25, 6.5, 11.25, 11 ], "texture": "#texture" },
        "south": { "uv": [ 4.75, 6.5, 5.75, 11 ], "texture": "#texture" },
        "west":  { "uv": [ 7.25, 6.5, 9, 11 ], "texture": "#texture" },
        "east":  { "uv": [ 7, 6.5, 8.75, 11 ], "texture": "#texture" }
    }
},
{
    "from": [ 4.75, 5.5, 6.5 ],
    "to": [ 5.75, 9, 9.75 ],
    "faces": {
        "down":  { "uv": [ 11.25, 9.75, 10.25, 6.5 ], "texture": "#texture" },
        "up":    { "uv": [ 4.75, 6.5, 5.75, 9.75 ], "texture": "#texture" },
        "north": { "uv": [ 10.25, 7, 11.25, 10.5 ], "texture": "#texture" },
        "south": { "uv": [ 4.75, 7, 5.75, 10.5 ], "texture": "#texture" },
        "west":  { "uv": [ 6.5, 7, 9.75, 10.5 ], "texture": "#texture" },
        "east":  { "uv": [ 6.25, 7, 9.5, 10.5 ], "texture": "#texture" }
    }
},
{
    "from": [ 4.75, 5.75, 6.25 ],
    "to": [ 5.75, 8.75, 10 ],
    "faces": {
        "down":  { "uv": [ 11.25, 10, 10.25, 6.25 ], "texture": "#texture" },
        "up":    { "uv": [ 4.75, 6.25, 5.75, 10 ], "texture": "#texture" },
        "north": { "uv": [ 10.25, 7.25, 11.25, 10.25 ], "texture": "#texture" },
        "south": { "uv": [ 4.75, 7.25, 5.75, 10.25 ], "texture": "#texture" },
        "west":  { "uv": [ 6.25, 7.25, 10, 10.25 ], "texture": "#texture" },
        "east":  { "uv": [ 6, 7.25, 9.75, 10.25 ], "texture": "#texture" }
    }
},
{
    "from": [ -2.75, 6.25, 6 ],
    "to": [ -1.75, 8.25, 10.25 ],
    "faces": {
        "down":  { "uv": [ 16, 10.25, 16, 6 ], "texture": "#texture", "cullface": "west" },
        "up":    { "uv": [ 0, 6, 0, 10.25 ], "texture": "#texture", "cullface": "west" },
        "north": { "uv": [ 16, 7.75, 16, 9.75 ], "texture": "#texture", "cullface": "west" },
        "south": { "uv": [ 0, 7.75, 0, 9.75 ], "texture": "#texture", "cullface": "west" },
        "west":  { "uv": [ 6, 7.75, 10.25, 9.75 ], "texture": "#texture", "cullface": "west" },
        "east":  { "uv": [ 5.75, 7.75, 10, 9.75 ], "texture": "#texture", "cullface": "west" }
    }
},
{
    "from": [ -2.75, 5.25, 6.75 ],
    "to": [ -1.75, 9.25, 9.5 ],
    "faces": {
        "down":  { "uv": [ 16, 9.5, 16, 6.75 ], "texture": "#texture", "cullface": "west" },
        "up":    { "uv": [ 0, 6.75, 0, 9.5 ], "texture": "#texture", "cullface": "west" },
        "north": { "uv": [ 16, 6.75, 16, 10.75 ], "texture": "#texture", "cullface": "west" },
        "south": { "uv": [ 0, 6.75, 0, 10.75 ], "texture": "#texture", "cullface": "west" },
        "west":  { "uv": [ 6.75, 6.75, 9.5, 10.75 ], "texture": "#texture", "cullface": "west" },
        "east":  { "uv": [ 6.5, 6.75, 9.25, 10.75 ], "texture": "#texture", "cullface": "west" }
    }
},
{
    "from": [ 8, 5.25, 5.75 ],
    "to": [ 15, 9.25, 10.5 ],
    "faces": {
        "down":  { "uv": [ 8, 10.5, 1, 5.75 ], "texture": "#texture" },
        "up":    { "uv": [ 8, 5.75, 15, 10.5 ], "texture": "#texture" },
        "north": { "uv": [ 1, 6.75, 8, 10.75 ], "texture": "#texture" },
        "south": { "uv": [ 8, 6.75, 15, 10.75 ], "texture": "#texture" },
        "west":  { "uv": [ 5.75, 6.75, 10.5, 10.75 ], "texture": "#texture" },
        "east":  { "uv": [ 5.5, 6.75, 10.25, 10.75 ], "texture": "#texture" }
    }
},
{
    "from": [ 8.25, 8.75, 9.75 ],
    "to": [ 9.5, 10.5, 10.75 ],
    "faces": {
        "down":  { "uv": [ 7.75, 10.75, 6.5, 9.75 ], "texture": "#texture" },
        "up":    { "uv": [ 8.25, 9.75, 9.5, 10.75 ], "texture": "#texture" },
        "north": { "uv": [ 6.5, 5.5, 7.75, 7.25 ], "texture": "#texture" },
        "south": { "uv": [ 8.25, 5.5, 9.5, 7.25 ], "texture": "#texture" },
        "west":  { "uv": [ 9.75, 5.5, 10.75, 7.25 ], "texture": "#texture" },
        "east":  { "uv": [ 5.25, 5.5, 6.25, 7.25 ], "texture": "#texture" }
    }
},
{
    "from": [ 8.25, 8.75, 5.5 ],
    "to": [ 9.5, 10.5, 6.5 ],
    "faces": {
        "down":  { "uv": [ 7.75, 6.5, 6.5, 5.5 ], "texture": "#texture" },
        "up":    { "uv": [ 8.25, 5.5, 9.5, 6.5 ], "texture": "#texture" },
        "north": { "uv": [ 6.5, 5.5, 7.75, 7.25 ], "texture": "#texture" },
        "south": { "uv": [ 8.25, 5.5, 9.5, 7.25 ], "texture": "#texture" },
        "west":  { "uv": [ 5.5, 5.5, 6.5, 7.25 ], "texture": "#texture" },
        "east":  { "uv": [ 9.5, 5.5, 10.5, 7.25 ], "texture": "#texture" }
    }
},
{
    "from": [ 8.25, 10.75, 6.75 ],
    "to": [ 9.5, 11.75, 9.5 ],
    "faces": {
        "down":  { "uv": [ 7.75, 9.5, 6.5, 6.75 ], "texture": "#texture" },
        "up":    { "uv": [ 8.25, 6.75, 9.5, 9.5 ], "texture": "#texture" },
        "north": { "uv": [ 6.5, 4.25, 7.75, 5.25 ], "texture": "#texture" },
        "south": { "uv": [ 8.25, 4.25, 9.5, 5.25 ], "texture": "#texture" },
        "west":  { "uv": [ 6.75, 4.25, 9.5, 5.25 ], "texture": "#texture" },
        "east":  { "uv": [ 6.5, 4.25, 9.25, 5.25 ], "texture": "#texture" }
    }
},
{
    "from": [ 8.25, 10.25, 9.5 ],
    "to": [ 9.5, 11.5, 10.25 ],
    "faces": {
        "down":  { "uv": [ 7.75, 10.25, 6.5, 9.5 ], "texture": "#texture" },
        "up":    { "uv": [ 8.25, 9.5, 9.5, 10.25 ], "texture": "#texture" },
        "north": { "uv": [ 6.5, 4.5, 7.75, 5.75 ], "texture": "#texture" },
        "south": { "uv": [ 8.25, 4.5, 9.5, 5.75 ], "texture": "#texture" },
        "west":  { "uv": [ 9.5, 4.5, 10.25, 5.75 ], "texture": "#texture" },
        "east":  { "uv": [ 5.75, 4.5, 6.5, 5.75 ], "texture": "#texture" }
    }
},
{
    "from": [ 8.25, 10.25, 6 ],
    "to": [ 9.5, 11.5, 6.75 ],
    "faces": {
        "down":  { "uv": [ 7.75, 6.75, 6.5, 6 ], "texture": "#texture" },
        "up":    { "uv": [ 8.25, 6, 9.5, 6.75 ], "texture": "#texture" },
        "north": { "uv": [ 6.5, 4.5, 7.75, 5.75 ], "texture": "#texture" },
        "south": { "uv": [ 8.25, 4.5, 9.5, 5.75 ], "texture": "#texture" },
        "west":  { "uv": [ 6, 4.5, 6.75, 5.75 ], "texture": "#texture" },
        "east":  { "uv": [ 9.25, 4.5, 10, 5.75 ], "texture": "#texture" }
    }
},
{
    "from": [ 8.25, 10.5, 9.25 ],
    "to": [ 9.5, 11.25, 10.5 ],
    "faces": {
        "down":  { "uv": [ 7.75, 10.5, 6.5, 9.25 ], "texture": "#texture" },
        "up":    { "uv": [ 8.25, 9.25, 9.5, 10.5 ], "texture": "#texture" },
        "north": { "uv": [ 6.5, 4.75, 7.75, 5.5 ], "texture": "#texture" },
        "south": { "uv": [ 8.25, 4.75, 9.5, 5.5 ], "texture": "#texture" },
        "west":  { "uv": [ 9.25, 4.75, 10.5, 5.5 ], "texture": "#texture" },
        "east":  { "uv": [ 5.5, 4.75, 6.75, 5.5 ], "texture": "#texture" }
    }
},
{
    "from": [ 8.25, 10.5, 5.75 ],
    "to": [ 9.5, 11.25, 7 ],
    "faces": {
        "down":  { "uv": [ 7.75, 7, 6.5, 5.75 ], "texture": "#texture" },
        "up":    { "uv": [ 8.25, 5.75, 9.5, 7 ], "texture": "#texture" },
        "north": { "uv": [ 6.5, 4.75, 7.75, 5.5 ], "texture": "#texture" },
        "south": { "uv": [ 8.25, 4.75, 9.5, 5.5 ], "texture": "#texture" },
        "west":  { "uv": [ 5.75, 4.75, 7, 5.5 ], "texture": "#texture" },
        "east":  { "uv": [ 9, 4.75, 10.25, 5.5 ], "texture": "#texture" }
    }
},
{
    "from": [ 15, 5.5, 6 ],
    "to": [ 16.5, 9.5, 10.25 ],
    "faces": {
        "down":  { "uv": [ 1, 10.25, 0, 6 ], "texture": "#texture", "cullface": "east" },
        "up":    { "uv": [ 15, 6, 16, 10.25 ], "texture": "#texture", "cullface": "east" },
        "north": { "uv": [ 0, 6.5, 1, 10.5 ], "texture": "#texture", "cullface": "east" },
        "south": { "uv": [ 15, 6.5, 16, 10.5 ], "texture": "#texture", "cullface": "east" },
        "west":  { "uv": [ 6, 6.5, 10.25, 10.5 ], "texture": "#texture", "cullface": "east" },
        "east":  { "uv": [ 5.75, 6.5, 10, 10.5 ], "texture": "#texture", "cullface": "east" }
    }
},
{
    "from": [ 16.5, 5.75, 6.25 ],
    "to": [ 17.5, 9.5, 10 ],
    "faces": {
        "down":  { "uv": [ 0, 10, 0, 6.25 ], "texture": "#texture", "cullface": "east" },
        "up":    { "uv": [ 16, 6.25, 16, 10 ], "texture": "#texture", "cullface": "east" },
        "north": { "uv": [ 0, 6.5, 0, 10.25 ], "texture": "#texture", "cullface": "east" },
        "south": { "uv": [ 16, 6.5, 16, 10.25 ], "texture": "#texture", "cullface": "east" },
        "east":  { "uv": [ 6, 6.5, 9.75, 10.25 ], "texture": "#texture", "cullface": "east" }
    }
},
{
    "from": [ 17.5, 6, 6.5 ],
    "to": [ 18, 9.5, 9.75 ],
    "faces": {
        "down":  { "uv": [ 0, 9.75, 0, 6.5 ], "texture": "#texture", "cullface": "east" },
        "up":    { "uv": [ 16, 6.5, 16, 9.75 ], "texture": "#texture", "cullface": "east" },
        "north": { "uv": [ 0, 6.5, 0, 10 ], "texture": "#texture", "cullface": "east" },
        "south": { "uv": [ 16, 6.5, 16, 10 ], "texture": "#texture", "cullface": "east" },
        "east":  { "uv": [ 6.25, 6.5, 9.5, 10 ], "texture": "#texture", "cullface": "east" }
    }
},
{
    "from": [ 18, 6.5, 7 ],
    "to": [ 18.25, 9.5, 9.5 ],
    "faces": {
        "down":  { "uv": [ 0, 9.5, 0, 7 ], "texture": "#texture", "cullface": "east" },
        "up":    { "uv": [ 16, 7, 16, 9.5 ], "texture": "#texture", "cullface": "east" },
        "north": { "uv": [ 0, 6.5, 0, 9.5 ], "texture": "#texture", "cullface": "east" },
        "south": { "uv": [ 16, 6.5, 16, 9.5 ], "texture": "#texture", "cullface": "east" },
        "east":  { "uv": [ 6.5, 6.5, 9, 9.5 ], "texture": "#texture", "cullface": "east" }
    }
},
{
    "from": [ 17.5, 9, 7.25 ],
    "to": [ 19, 12.5, 8.75 ],
    "faces": {
        "down":  { "uv": [ 8.5, 8.5, 7, 7.5 ], "texture": "#texture", "cullface": "east" },
        "up":    { "uv": [ 7.5, 7.5, 9, 8.5 ], "texture": "#texture", "cullface": "east" },
        "north": { "uv": [ 7, 0, 8.5, 3.5 ], "texture": "#texture", "cullface": "east" },
        "south": { "uv": [ 7.5, 0, 9, 3.5 ], "texture": "#texture", "cullface": "east" },
        "west":  { "uv": [ 7.5, 0, 8.5, 3.5 ], "texture": "#texture", "cullface": "east" },
        "east":  { "uv": [ 7.5, 0, 8.5, 3.5 ], "texture": "#texture", "cullface": "east" }
    }
},
{
    "from": [ 15.25, 10.5, 7.75 ],
    "to": [ 17, 10.75, 8.25 ],
    "faces": {
        "down":  { "uv": [ 0.75, 8.25, 0, 7.75 ], "texture": "#texture", "cullface": "east" },
        "up":    { "uv": [ 15.25, 7.75, 16, 8.25 ], "texture": "#texture", "cullface": "east" },
        "north": { "uv": [ 0, 5.25, 0.75, 5.5 ], "texture": "#texture", "cullface": "east" },
        "south": { "uv": [ 15.25, 5.25, 16, 5.5 ], "texture": "#texture", "cullface": "east" },
        "west":  { "uv": [ 7.75, 5.25, 8.25, 5.5 ], "texture": "#texture", "cullface": "east" },
        "east":  { "uv": [ 7.75, 5.25, 8.25, 5.5 ], "texture": "#texture", "cullface": "east" }
    }
},
{
    "from": [ 15.25, 10.25, 7.75 ],
    "to": [ 15.5, 10.5, 8.25 ],
    "faces": {
        "down":  { "uv": [ 0.75, 8.25, 0.5, 7.75 ], "texture": "#texture" },
        "north": { "uv": [ 0.5, 5.5, 0.75, 5.75 ], "texture": "#texture" },
        "south": { "uv": [ 15.25, 5.5, 15.5, 5.75 ], "texture": "#texture" },
        "east":  { "uv": [ 7.75, 5.5, 8.25, 5.75 ], "texture": "#texture" }
    }
},
{
    "from": [ 15, 9.5, 7.75 ],
    "to": [ 15.25, 10.5, 8.25 ],
    "faces": {
        "up":    { "uv": [ 15, 7.75, 15.25, 8.25 ], "texture": "#texture" },
        "north": { "uv": [ 0.75, 5.5, 1, 6.5 ], "texture": "#texture" },
        "south": { "uv": [ 15, 5.5, 15.25, 6.5 ], "texture": "#texture" },
        "west":  { "uv": [ 7.75, 5.5, 8.25, 6.5 ], "texture": "#texture" },
        "east":  { "uv": [ 7.75, 5.5, 8.25, 6.5 ], "texture": "#texture" }
    }
},
{
    "from": [ 15.75, 9, 7.75 ],
    "to": [ 16, 10.25, 8.25 ],
    "faces": {
        "down":  { "uv": [ 8.5, 8.25, 8.25, 7.75 ], "texture": "#texture" },
        "up":    { "uv": [ 7.5, 7.75, 7.75, 8.25 ], "texture": "#texture" },
        "north": { "uv": [ 8.25, 0, 8.5, 1.25 ], "texture": "#texture" },
        "south": { "uv": [ 7.5, 0, 7.75, 1.25 ], "texture": "#texture" },
        "west":  { "uv": [ 7.75, 0, 8.25, 1.25 ], "texture": "#texture" },
        "east":  { "uv": [ 7.75, 0, 8.25, 1.25 ], "texture": "#texture", "cullface": "east" }
    }
},
{
    "from": [ 10.25, 7.25, 10.5 ],
    "to": [ 13.5, 8.25, 11 ],
    "faces": {
        "down":  { "uv": [ 5.75, 11, 2.5, 10.5 ], "texture": "#texture" },
        "up":    { "uv": [ 10.25, 10.5, 13.5, 11 ], "texture": "#texture" },
        "west":  { "uv": [ 10.5, 7.75, 11, 8.75 ], "texture": "#texture" },
        "east":  { "uv": [ 5, 7.75, 5.5, 8.75 ], "texture": "#texture" }
    }
},
{
    "from": [ 9.5, 4.25, 11 ],
    "to": [ 14.25, 8.75, 12.75 ],
    "faces": {
        "down":  { "uv": [ 6.5, 12.75, 1.75, 11 ], "texture": "#texture" },
        "up":    { "uv": [ 9.5, 11, 14.25, 12.75 ], "texture": "#texture" },
        "north": { "uv": [ 1.75, 7.25, 6.5, 11.75 ], "texture": "#texture" },
        "south": { "uv": [ 9.5, 7.25, 14.25, 11.75 ], "texture": "#texture" },
        "west":  { "uv": [ 11, 7.25, 12.75, 11.75 ], "texture": "#texture" },
        "east":  { "uv": [ 3.25, 7.25, 5, 11.75 ], "texture": "#texture" }
    }
},
{
    "from": [ 9.75, 4.25, 12.75 ],
    "to": [ 14, 8.5, 13.5 ],
    "faces": {
        "down":  { "uv": [ 6.25, 13.5, 2, 12.75 ], "texture": "#texture" },
        "up":    { "uv": [ 9.75, 12.75, 14, 13.5 ], "texture": "#texture" },
        "south": { "uv": [ 9.75, 7.5, 14, 11.75 ], "texture": "#texture" },
        "west":  { "uv": [ 12.75, 7.5, 13.5, 11.75 ], "texture": "#texture" },
        "east":  { "uv": [ 2.5, 7.5, 3.25, 11.75 ], "texture": "#texture" }
    }
},
{
    "from": [ 10.25, 4.25, 13.5 ],
    "to": [ 13.5, 8.25, 13.75 ],
    "faces": {
        "down":  { "uv": [ 5.75, 13.75, 2.5, 13.5 ], "texture": "#texture" },
        "up":    { "uv": [ 10.25, 13.5, 13.5, 13.75 ], "texture": "#texture" },
        "south": { "uv": [ 10.25, 7.75, 13.5, 11.75 ], "texture": "#texture" },
        "west":  { "uv": [ 13.5, 7.75, 13.75, 11.75 ], "texture": "#texture" },
        "east":  { "uv": [ 2.25, 7.75, 2.5, 11.75 ], "texture": "#texture" }
    }
}
],
"display": {
    "thirdperson_righthand": {
        "rotation": [ 70, -90, 0 ],
        "translation": [ 0.19, 0.19, -2.83 ],
        "scale": [ 1.5, 1.5, -1.5 ]
    },
    "thirdperson_lefthand": {
        "rotation": [ 70, 90, 0 ],
        "translation": [ 0.19, 0.19, -2.83 ],
        "scale": [ 1.5, 1.5, -1.5 ]
    },
    "ground": {
        "rotation": [ 0, 0, 0 ],
        "translation": [ 0, 1.89, 0 ],
        "scale": [ 1.5, 1.5, 1.5 ]
    },
    "firstperson_righthand": {
        "rotation": [ 0, -92, 3 ],
        "translation": [ 2.83, 0.94, -8.69 ],
        "scale": [ 1.3, 1.3, 1.3 ]
    },
    "firstperson_lefthand": {
        "rotation": [ 0, 92, 3 ],
        "translation": [ 2.83, 0.94, -8.69 ],
        "scale": [ 1.3, 1.3, 1.3 ]
    },
    "gui": {
        "rotation": [ 52, -33, -23 ],
        "translation": [ -1.51, 0.56, 0 ],
        "scale": [ 1.5, 1.5, 1.5 ]
    }
}
}