{
"__comment": "Designed by Corporalblober with BDcraft Cubik PRO 0.95 Beta - http://bdcraft.net",
"textures": {
    "particle": "blocks/anvil 1",
    "texture": "blocks/sandstone top",
    "anvil 1": "blocks/anvil 1",
    "woo colored black": "blocks/woo colored black"
},
"elements": [ 
{
    "from": [ -13, 9.75, 7.75 ],
    "to": [ -2.25, 10, 8.25 ],
    "faces": {
        "down":  { "uv": [ 16, 8.25, 16, 7.75 ], "texture": "#texture", "cullface": "west" },
        "up":    { "uv": [ 0, 7.75, 0, 8.25 ], "texture": "#texture", "cullface": "west" },
        "north": { "uv": [ 16, 6, 16, 6.25 ], "texture": "#texture", "cullface": "west" },
        "south": { "uv": [ 0, 6, 0, 6.25 ], "texture": "#texture", "cullface": "west" },
        "west":  { "uv": [ 7.75, 6, 8.25, 6.25 ], "texture": "#texture", "cullface": "west" }
    }
},
{
    "from": [ -13, 9.25, 7.5 ],
    "to": [ -2.25, 9.75, 7.75 ],
    "faces": {
        "down":  { "uv": [ 16, 7.75, 16, 7.5 ], "texture": "#texture", "cullface": "west" },
        "up":    { "uv": [ 0, 7.5, 0, 7.75 ], "texture": "#texture", "cullface": "west" },
        "north": { "uv": [ 16, 6.25, 16, 6.75 ], "texture": "#texture", "cullface": "west" },
        "south": { "uv": [ 0, 6.25, 0, 6.75 ], "texture": "#texture", "cullface": "west" },
        "west":  { "uv": [ 7.5, 6.25, 7.75, 6.75 ], "texture": "#texture", "cullface": "west" }
    }
},
{
    "from": [ -13, 9.25, 8.25 ],
    "to": [ -2.25, 9.75, 8.5 ],
    "faces": {
        "down":  { "uv": [ 16, 8.5, 16, 8.25 ], "texture": "#texture", "cullface": "west" },
        "up":    { "uv": [ 0, 8.25, 0, 8.5 ], "texture": "#texture", "cullface": "west" },
        "north": { "uv": [ 16, 6.25, 16, 6.75 ], "texture": "#texture", "cullface": "west" },
        "south": { "uv": [ 0, 6.25, 0, 6.75 ], "texture": "#texture", "cullface": "west" },
        "west":  { "uv": [ 8.25, 6.25, 8.5, 6.75 ], "texture": "#texture", "cullface": "west" }
    }
},
{
    "from": [ -13, 9, 7.75 ],
    "to": [ -2.25, 9.25, 8.25 ],
    "faces": {
        "down":  { "uv": [ 16, 8.25, 16, 7.75 ], "texture": "#texture", "cullface": "west" },
        "up":    { "uv": [ 0, 7.75, 0, 8.25 ], "texture": "#texture", "cullface": "west" },
        "north": { "uv": [ 16, 6.75, 16, 7 ], "texture": "#texture", "cullface": "west" },
        "south": { "uv": [ 0, 6.75, 0, 7 ], "texture": "#texture", "cullface": "west" },
        "west":  { "uv": [ 7.75, 6.75, 8.25, 7 ], "texture": "#texture", "cullface": "west" }
    }
},
{
    "from": [ -2.25, 9, 7.5 ],
    "to": [ -2, 10, 8.5 ],
    "faces": {
        "down":  { "uv": [ 16, 8.5, 16, 7.5 ], "texture": "#texture", "cullface": "west" },
        "up":    { "uv": [ 0, 7.5, 0, 8.5 ], "texture": "#texture", "cullface": "west" },
        "north": { "uv": [ 16, 6, 16, 7 ], "texture": "#texture", "cullface": "west" },
        "south": { "uv": [ 0, 6, 0, 7 ], "texture": "#texture", "cullface": "west" },
        "west":  { "uv": [ 7.5, 6, 8.5, 7 ], "texture": "#texture", "cullface": "west" }
    }
},
{
    "from": [ -2, 8.75, 7.5 ],
    "to": [ 8.5, 10.25, 8.5 ],
    "faces": {
        "down":  { "uv": [ 16, 8.5, 7.5, 7.5 ], "texture": "#texture", "cullface": "west" },
        "up":    { "uv": [ 0, 7.5, 8.5, 8.5 ], "texture": "#texture", "cullface": "west" },
        "north": { "uv": [ 7.5, 5.75, 16, 7.25 ], "texture": "#texture", "cullface": "west" },
        "south": { "uv": [ 0, 5.75, 8.5, 7.25 ], "texture": "#texture", "cullface": "west" },
        "west":  { "uv": [ 7.5, 5.75, 8.5, 7.25 ], "texture": "#texture", "cullface": "west" }
    }
},
{
    "from": [ -2, 9, 7.25 ],
    "to": [ 8.5, 10, 8.75 ],
    "faces": {
        "down":  { "uv": [ -2, 7.25, 8.5, 8.75 ], "texture": "#texture", "cullface": "west" },
        "up":    { "uv": [ 0, 7.25, 10.5, 8.75 ], "texture": "#texture", "cullface": "west" },
        "north": { "uv": [ 0, 6, 10.5, 7 ], "texture": "#texture", "cullface": "west" },
        "south": { "uv": [ 0, 6, 10.5, 7 ], "texture": "#texture", "cullface": "west" },
        "west":  { "uv": [ 7.25, 6, 8.75, 7 ], "texture": "#texture", "cullface": "west" }
    }
},
{
    "from": [ 3, 8.75, 7.25 ],
    "to": [ 4.75, 10.25, 8.75 ],
    "faces": {
        "down":  { "uv": [ 3, 7.25, 4.75, 8.75 ], "texture": "#texture" },
        "up":    { "uv": [ 3, 7.25, 4.75, 8.75 ], "texture": "#texture" },
        "north": { "uv": [ 3, 5.75, 4.75, 7.25 ], "texture": "#texture" },
        "south": { "uv": [ 3, 5.75, 4.75, 7.25 ], "texture": "#texture" },
        "west":  { "uv": [ 7.25, 5.75, 8.75, 7.25 ], "texture": "#texture" },
        "east":  { "uv": [ 7.25, 5.75, 8.75, 7.25 ], "texture": "#texture" }
    }
},
{
    "from": [ 3, 8, 7.5 ],
    "to": [ 4.75, 8.75, 8.5 ],
    "faces": {
        "down":  { "uv": [ 13, 8.5, 11.25, 7.5 ], "texture": "#texture" },
        "north": { "uv": [ 11.25, 7.25, 13, 8 ], "texture": "#texture" },
        "south": { "uv": [ 3, 7.25, 4.75, 8 ], "texture": "#texture" },
        "west":  { "uv": [ 7.5, 7.25, 8.5, 8 ], "texture": "#texture" },
        "east":  { "uv": [ 7.5, 7.25, 8.5, 8 ], "texture": "#texture" }
    }
},
{
    "from": [ 3, 6, 7.5 ],
    "to": [ 3.25, 7.5, 8.5 ],
    "faces": {
        "down":  { "uv": [ 13, 8.5, 12.75, 7.5 ], "texture": "#texture" },
        "north": { "uv": [ 12.75, 3.25, 13, 4.75 ], "texture": "#texture" },
        "south": { "uv": [ 3, 3.25, 3.25, 4.75 ], "texture": "#texture" },
        "west":  { "uv": [ 7.5, 3.25, 8.5, 4.75 ], "texture": "#texture" },
        "east":  { "uv": [ 7.5, 3.25, 8.5, 4.75 ], "texture": "#texture" }
    }
},
{
    "from": [ 3.25, 7.5, 7.75 ],
    "to": [ 4.5, 7.75, 8.25 ],
    "faces": {
        "north": { "uv": [ 11.5, 8.25, 12.75, 8.5 ], "texture": "#texture" },
        "south": { "uv": [ 3.25, 8.25, 4.5, 8.5 ], "texture": "#texture" }
    }
},
{
    "from": [ 3.25, 7.25, 7.75 ],
    "to": [ 4.5, 7.5, 8.25 ],
    "faces": {
        "down":  { "uv": [ 12.75, 8.25, 11.5, 7.75 ], "texture": "#texture" },
        "north": { "uv": [ 11.5, 8.5, 12.75, 8.75 ], "texture": "#texture" },
        "south": { "uv": [ 3.25, 8.5, 4.5, 8.75 ], "texture": "#texture" }
    }
},
{
    "from": [ 3.5, 7, 7.75 ],
    "to": [ 4.5, 7.25, 8.25 ],
    "faces": {
        "down":  { "uv": [ 12.5, 8.25, 11.5, 7.75 ], "texture": "#texture" },
        "north": { "uv": [ 11.5, 8.75, 12.5, 9 ], "texture": "#texture" },
        "south": { "uv": [ 3.5, 8.75, 4.5, 9 ], "texture": "#texture" },
        "west":  { "uv": [ 7.75, 8.75, 8.25, 9 ], "texture": "#texture" }
    }
},
{
    "from": [ 3.75, 6.75, 7.75 ],
    "to": [ 4.5, 7, 8.25 ],
    "faces": {
        "down":  { "uv": [ 12.25, 8.25, 11.5, 7.75 ], "texture": "#texture" },
        "north": { "uv": [ 11.5, 9, 12.25, 9.25 ], "texture": "#texture" },
        "south": { "uv": [ 3.75, 9, 4.5, 9.25 ], "texture": "#texture" },
        "west":  { "uv": [ 7.75, 9, 8.25, 9.25 ], "texture": "#texture" }
    }
},
{
    "from": [ 3, 7.5, 7.5 ],
    "to": [ 3.25, 8, 8.5 ],
    "faces": {
        "north": { "uv": [ 12.75, 8, 13, 8.5 ], "texture": "#texture" },
        "south": { "uv": [ 3, 8, 3.25, 8.5 ], "texture": "#texture" },
        "west":  { "uv": [ 7.5, 8, 8.5, 8.5 ], "texture": "#texture" },
        "east":  { "uv": [ 7.5, 8, 8.5, 8.5 ], "texture": "#texture" }
    }
},
{
    "from": [ 3.25, 7.75, 7.75 ],
    "to": [ 4.5, 8, 8.25 ],
    "faces": {
        "north": { "uv": [ 11.5, 8, 12.75, 8.25 ], "texture": "#texture" },
        "south": { "uv": [ 3.25, 8, 4.5, 8.25 ], "texture": "#texture" }
    }
},
{
    "from": [ 4, 6.5, 7.5 ],
    "to": [ 4.75, 6.75, 8.5 ],
    "faces": {
        "down":  { "uv": [ 12, 8.5, 11.25, 7.5 ], "texture": "#texture" },
        "up":    { "uv": [ 4, 7.5, 4.75, 8.5 ], "texture": "#texture" },
        "north": { "uv": [ 11.25, 9.25, 12, 9.5 ], "texture": "#texture" },
        "south": { "uv": [ 4, 9.25, 4.75, 9.5 ], "texture": "#texture" },
        "west":  { "uv": [ 7.5, 9.25, 8.5, 9.5 ], "texture": "#texture" }
    }
},
{
    "from": [ 4.75, 6.5, 7.5 ],
    "to": [ 9.75, 7, 8.5 ],
    "faces": {
        "down":  { "uv": [ 11.25, 8.5, 6.25, 7.5 ], "texture": "#texture" },
        "up":    { "uv": [ 4.75, 7.5, 9.75, 8.5 ], "texture": "#texture" },
        "north": { "uv": [ 6.25, 9, 11.25, 9.5 ], "texture": "#texture" },
        "south": { "uv": [ 4.75, 9, 9.75, 9.5 ], "texture": "#texture" },
        "west":  { "uv": [ 7.5, 9, 8.5, 9.5 ], "texture": "#texture" },
        "east":  { "uv": [ 7.5, 9, 8.5, 9.5 ], "texture": "#texture" }
    }
},
{
    "from": [ 9, 6.5, 7.5 ],
    "to": [ 9.5, 8.75, 8.5 ],
    "faces": {
        "down":  { "uv": [ 7, 8.5, 6.5, 7.5 ], "texture": "#texture" },
        "up":    { "uv": [ 9, 7.5, 9.5, 8.5 ], "texture": "#texture" },
        "north": { "uv": [ 6.5, 7.25, 7, 9.5 ], "texture": "#texture" },
        "south": { "uv": [ 9, 7.25, 9.5, 9.5 ], "texture": "#texture" },
        "west":  { "uv": [ 7.5, 7.25, 8.5, 9.5 ], "texture": "#texture" },
        "east":  { "uv": [ 7.5, 7.25, 8.5, 9.5 ], "texture": "#texture" }
    }
},
{
    "from": [ 4.5, 6.75, 7.5 ],
    "to": [ 4.75, 8, 8.5 ],
    "faces": {
        "north": { "uv": [ 11.25, 8, 11.5, 9.25 ], "texture": "#texture" },
        "south": { "uv": [ 4.5, 8, 4.75, 9.25 ], "texture": "#texture" },
        "west":  { "uv": [ 7.5, 8, 8.5, 9.25 ], "texture": "#texture" },
        "east":  { "uv": [ 7.5, 8, 8.5, 9.25 ], "texture": "#texture" }
    }
},
{
    "from": [ 8.5, 8.75, 7.25 ],
    "to": [ 9, 10.25, 8.75 ],
    "faces": {
        "down":  { "uv": [ 7.5, 8.75, 7, 7.25 ], "texture": "#texture" },
        "up":    { "uv": [ 8.5, 7.25, 9, 8.75 ], "texture": "#texture" },
        "north": { "uv": [ 7, 5.75, 7.5, 7.25 ], "texture": "#texture" },
        "south": { "uv": [ 8.5, 5.75, 9, 7.25 ], "texture": "#texture" },
        "west":  { "uv": [ 7.25, 5.75, 8.75, 7.25 ], "texture": "#texture" },
        "east":  { "uv": [ 7.25, 5.75, 8.75, 7.25 ], "texture": "#texture" }
    }
},
{
    "from": [ 9, 9, 7 ],
    "to": [ 10.25, 10, 9 ],
    "faces": {
        "down":  { "uv": [ 7, 9, 5.75, 7 ], "texture": "#texture" },
        "up":    { "uv": [ 9, 7, 10.25, 9 ], "texture": "#texture" },
        "north": { "uv": [ 5.75, 6, 7, 7 ], "texture": "#texture" },
        "south": { "uv": [ 9, 6, 10.25, 7 ], "texture": "#texture" },
        "west":  { "uv": [ 7, 6, 9, 7 ], "texture": "#texture" },
        "east":  { "uv": [ 7, 6, 9, 7 ], "texture": "#texture" }
    }
},
{
    "from": [ 9, 7.75, 7.75 ],
    "to": [ 16.25, 10.25, 8.75 ],
    "faces": {
        "down":  { "uv": [ 7, 8.75, 0, 7.75 ], "texture": "#texture", "cullface": "east" },
        "north": { "uv": [ 0, 5.75, 7, 8.25 ], "texture": "#texture", "cullface": "east" },
        "south": { "uv": [ 9, 5.75, 16, 8.25 ], "texture": "#texture", "cullface": "east" },
        "west":  { "uv": [ 7.75, 5.75, 8.75, 8.25 ], "texture": "#texture", "cullface": "east" },
        "east":  { "uv": [ 7.25, 5.75, 8.25, 8.25 ], "texture": "#texture", "cullface": "east" }
    }
},
{
    "from": [ 9, 7, 7.5 ],
    "to": [ 9.75, 7.25, 8.5 ],
    "faces": {
        "up":    { "uv": [ 9, 7.5, 9.75, 8.5 ], "texture": "#texture" },
        "north": { "uv": [ 6.25, 8.75, 7, 9 ], "texture": "#texture" },
        "south": { "uv": [ 9, 8.75, 9.75, 9 ], "texture": "#texture" },
        "west":  { "uv": [ 7.5, 8.75, 8.5, 9 ], "texture": "#texture" },
        "east":  { "uv": [ 7.5, 8.75, 8.5, 9 ], "texture": "#texture" }
    }
},
{
    "from": [ 10.75, 5.25, 7.5 ],
    "to": [ 14, 7.75, 8.5 ],
    "faces": {
        "down":  { "uv": [ 5.25, 8.5, 2, 7.5 ], "texture": "#anvil 1" },
        "up":    { "uv": [ 10.75, 7.5, 14, 8.5 ], "texture": "#anvil 1" },
        "north": { "uv": [ 2, 8.25, 5.25, 10.75 ], "texture": "#anvil 1" },
        "south": { "uv": [ 10.75, 8.25, 14, 10.75 ], "texture": "#anvil 1" },
        "west":  { "uv": [ 7.5, 8.25, 8.5, 10.75 ], "texture": "#anvil 1" },
        "east":  { "uv": [ 7.5, 8.25, 8.5, 10.75 ], "texture": "#anvil 1" }
    }
},
{
    "from": [ 13.5, 6.5, 7.25 ],
    "to": [ 14.5, 7.75, 8.75 ],
    "faces": {
        "down":  { "uv": [ 2.5, 8.75, 1.5, 7.25 ], "texture": "#texture" },
        "up":    { "uv": [ 13.5, 7.25, 14.5, 8.75 ], "texture": "#texture" },
        "north": { "uv": [ 1.5, 8.25, 2.5, 9.5 ], "texture": "#texture" },
        "south": { "uv": [ 13.5, 8.25, 14.5, 9.5 ], "texture": "#texture" },
        "west":  { "uv": [ 7.25, 8.25, 8.75, 9.5 ], "texture": "#texture" },
        "east":  { "uv": [ 7.25, 8.25, 8.75, 9.5 ], "texture": "#texture" }
    }
},
{
    "from": [ 14.5, 6.5, 7.75 ],
    "to": [ 16.25, 6.75, 8.25 ],
    "faces": {
        "down":  { "uv": [ 1.5, 8.25, 0, 7.75 ], "texture": "#texture", "cullface": "east" },
        "up":    { "uv": [ 14.5, 7.75, 16, 8.25 ], "texture": "#texture", "cullface": "east" },
        "north": { "uv": [ 0, 9.25, 1.5, 9.5 ], "texture": "#texture", "cullface": "east" },
        "south": { "uv": [ 14.5, 9.25, 16, 9.5 ], "texture": "#texture", "cullface": "east" }
    }
},
{
    "from": [ 6.75, 8.75, 7.25 ],
    "to": [ 7.25, 10.25, 8.75 ],
    "faces": {
        "down":  { "uv": [ 6.75, 7.25, 7.25, 8.75 ], "texture": "#texture" },
        "up":    { "uv": [ 6.75, 7.25, 7.25, 8.75 ], "texture": "#texture" },
        "north": { "uv": [ 6.5, 5.75, 7, 7.25 ], "texture": "#texture" },
        "south": { "uv": [ 6.5, 5.75, 7, 7.25 ], "texture": "#texture" },
        "west":  { "uv": [ 7.25, 5.75, 8.75, 7.25 ], "texture": "#texture" },
        "east":  { "uv": [ 7.25, 5.75, 8.75, 7.25 ], "texture": "#texture" }
    }
},
{
    "from": [ 6.75, 8.25, 7.5 ],
    "to": [ 7.25, 8.75, 8.5 ],
    "faces": {
        "down":  { "uv": [ 9.25, 8.5, 8.75, 7.5 ], "texture": "#texture" },
        "north": { "uv": [ 8.75, 7.25, 9.25, 7.75 ], "texture": "#texture" },
        "south": { "uv": [ 6.75, 7.25, 7.25, 7.75 ], "texture": "#texture" },
        "west":  { "uv": [ 7.5, 7.25, 8.5, 7.75 ], "texture": "#texture" },
        "east":  { "uv": [ 7.5, 7.25, 8.5, 7.75 ], "texture": "#texture" }
    }
},
{
    "from": [ 10.25, 9, 8.75 ],
    "to": [ 16.25, 10, 9 ],
    "faces": {
        "down":  { "uv": [ 5.75, 9, 0, 8.75 ], "texture": "#texture", "cullface": "east" },
        "up":    { "uv": [ 10.25, 8.75, 16, 9 ], "texture": "#texture", "cullface": "east" },
        "south": { "uv": [ 10.25, 6, 16, 7 ], "texture": "#texture", "cullface": "east" },
        "east":  { "uv": [ 7, 6, 7.25, 7 ], "texture": "#texture", "cullface": "east" }
    }
},
{
    "from": [ 10.25, 9.75, 7 ],
    "to": [ 16.25, 10, 7.25 ],
    "faces": {
        "down":  { "uv": [ 5.75, 7.25, 0, 7 ], "texture": "#texture", "cullface": "east" },
        "up":    { "uv": [ 10.25, 7, 16, 7.25 ], "texture": "#texture", "cullface": "east" },
        "north": { "uv": [ 0, 6, 5.75, 6.25 ], "texture": "#texture", "cullface": "east" },
        "east":  { "uv": [ 8.75, 6, 9, 6.25 ], "texture": "#texture", "cullface": "east" }
    }
},
{
    "from": [ 10.25, 9, 7 ],
    "to": [ 16.25, 9.25, 7.25 ],
    "faces": {
        "down":  { "uv": [ 5.75, 7.25, 0, 7 ], "texture": "#texture", "cullface": "east" },
        "up":    { "uv": [ 10.25, 7, 16, 7.25 ], "texture": "#texture", "cullface": "east" },
        "north": { "uv": [ 0, 6.75, 5.75, 7 ], "texture": "#texture", "cullface": "east" },
        "east":  { "uv": [ 8.75, 6.75, 9, 7 ], "texture": "#texture", "cullface": "east" }
    }
},
{
    "from": [ 9, 9.75, 7.25 ],
    "to": [ 16.25, 10.25, 7.75 ],
    "faces": {
        "down":  { "uv": [ 7, 7.75, 0, 7.25 ], "texture": "#texture", "cullface": "east" },
        "north": { "uv": [ 0, 5.75, 7, 6.25 ], "texture": "#texture", "cullface": "east" },
        "east":  { "uv": [ 8.25, 5.75, 8.75, 6.25 ], "texture": "#texture", "cullface": "east" }
    }
},
{
    "from": [ 14.5, 9.25, 7 ],
    "to": [ 16.25, 9.75, 7.5 ],
    "faces": {
        "down":  { "uv": [ 1.5, 7.5, 0, 7 ], "texture": "#texture", "cullface": "east" },
        "up":    { "uv": [ 14.5, 7, 16, 7.5 ], "texture": "#texture", "cullface": "east" },
        "north": { "uv": [ 0, 6.25, 1.5, 6.75 ], "texture": "#texture", "cullface": "east" },
        "south": { "uv": [ 14.5, 6.25, 16, 6.75 ], "texture": "#texture", "cullface": "east" },
        "west":  { "uv": [ 7, 6.25, 7.5, 6.75 ], "texture": "#texture", "cullface": "east" },
        "east":  { "uv": [ 8.5, 6.25, 9, 6.75 ], "texture": "#texture", "cullface": "east" }
    }
},
{
    "from": [ 9, 7.75, 7.25 ],
    "to": [ 16.25, 9.25, 7.5 ],
    "faces": {
        "down":  { "uv": [ 7, 7.5, 0, 7.25 ], "texture": "#texture", "cullface": "east" },
        "up":    { "uv": [ 9, 7.25, 16, 7.5 ], "texture": "#texture", "cullface": "east" },
        "north": { "uv": [ 0, 6.75, 7, 8.25 ], "texture": "#texture", "cullface": "east" },
        "south": { "uv": [ 9, 6.75, 16, 8.25 ], "texture": "#texture", "cullface": "east" },
        "west":  { "uv": [ 7.25, 6.75, 7.5, 8.25 ], "texture": "#texture", "cullface": "east" },
        "east":  { "uv": [ 8.5, 6.75, 8.75, 8.25 ], "texture": "#texture", "cullface": "east" }
    }
},
{
    "from": [ 14.5, 7, 7.75 ],
    "to": [ 15, 8, 8.25 ],
    "faces": {
        "down":  { "uv": [ 0.75, 8.25, 0.25, 7.75 ], "texture": "#texture" },
        "up":    { "uv": [ 15.25, 7.75, 15.75, 8.25 ], "texture": "#texture" },
        "north": { "uv": [ 0.25, 1.25, 0.75, 2.25 ], "texture": "#texture" },
        "south": { "uv": [ 15.25, 1.25, 15.75, 2.25 ], "texture": "#texture" },
        "west":  { "uv": [ 7.75, 1.25, 8.25, 2.25 ], "texture": "#texture" },
        "east":  { "uv": [ 7.75, 1.25, 8.25, 2.25 ], "texture": "#texture" }
    }
},
{
    "from": [ 15.75, 7, 7.75 ],
    "to": [ 16, 8.25, 8.25 ],
    "faces": {
        "down":  { "uv": [ 0.5, 8.25, 0.25, 7.75 ], "texture": "#anvil 1" },
        "up":    { "uv": [ 15.5, 7.75, 15.75, 8.25 ], "texture": "#anvil 1" },
        "north": { "uv": [ 0.25, 8.25, 0.5, 9.5 ], "texture": "#anvil 1" },
        "south": { "uv": [ 15.5, 8.25, 15.75, 9.5 ], "texture": "#anvil 1" },
        "west":  { "uv": [ 7.75, 8.25, 8.25, 9.5 ], "texture": "#anvil 1" },
        "east":  { "uv": [ 7.75, 8.25, 8.25, 9.5 ], "texture": "#anvil 1", "cullface": "east" }
    }
},
{
    "from": [ 16.25, 6.5, 7.5 ],
    "to": [ 17, 7.75, 8.5 ],
    "faces": {
        "down":  { "uv": [ 0, 8.5, 0, 7.5 ], "texture": "#texture", "cullface": "east" },
        "north": { "uv": [ 0, 8.25, 0, 9.5 ], "texture": "#texture", "cullface": "east" },
        "south": { "uv": [ 16, 8.25, 16, 9.5 ], "texture": "#texture", "cullface": "east" },
        "west":  { "uv": [ 7.5, 8.25, 8.5, 9.5 ], "texture": "#texture", "cullface": "east" },
        "east":  { "uv": [ 7.5, 8.25, 8.5, 9.5 ], "texture": "#texture", "cullface": "east" }
    }
},
{
    "from": [ 15.25, 7.75, 7 ],
    "to": [ 18.25, 8.75, 9 ],
    "faces": {
        "down":  { "uv": [ 0.75, 9, 0, 7 ], "texture": "#texture", "cullface": "east" },
        "up":    { "uv": [ 15.25, 7, 16, 9 ], "texture": "#texture", "cullface": "east" },
        "north": { "uv": [ 0, 7.25, 0.75, 8.25 ], "texture": "#texture", "cullface": "east" },
        "south": { "uv": [ 15.25, 7.25, 16, 8.25 ], "texture": "#texture", "cullface": "east" },
        "west":  { "uv": [ 7, 7.25, 9, 8.25 ], "texture": "#texture", "cullface": "east" },
        "east":  { "uv": [ 7, 7.25, 9, 8.25 ], "texture": "#texture", "cullface": "east" }
    }
},
{
    "from": [ 16.25, 3.75, 7.25 ],
    "to": [ 18, 7.75, 8.75 ],
    "faces": {
        "down":  { "uv": [ 0, 8.5, 0, 7.5 ], "texture": "#anvil 1", "cullface": "east" },
        "north": { "uv": [ 0, 8.25, 0, 12.25 ], "texture": "#anvil 1", "cullface": "east" },
        "south": { "uv": [ 16, 8.25, 16, 12.25 ], "texture": "#anvil 1", "cullface": "east" },
        "west":  { "uv": [ 7.5, 8.25, 8.5, 12.25 ], "texture": "#anvil 1", "cullface": "east" },
        "east":  { "uv": [ 7.5, 8.25, 8.5, 12.25 ], "texture": "#anvil 1", "cullface": "east" }
    }
},
{
    "from": [ 16.25, 8.75, 7.5 ],
    "to": [ 17.5, 10, 8.5 ],
    "faces": {
        "up":    { "uv": [ 16, 7.5, 16, 8.5 ], "texture": "#anvil 1", "cullface": "east" },
        "north": { "uv": [ 0, 6, 0, 7.25 ], "texture": "#anvil 1", "cullface": "east" },
        "south": { "uv": [ 16, 6, 16, 7.25 ], "texture": "#anvil 1", "cullface": "east" },
        "west":  { "uv": [ 7.5, 6, 8.5, 7.25 ], "texture": "#anvil 1", "cullface": "east" },
        "east":  { "uv": [ 7.5, 6, 8.5, 7.25 ], "texture": "#anvil 1", "cullface": "east" }
    }
},
{
    "from": [ 17.5, 9, 7.75 ],
    "to": [ 17.75, 9.75, 8.25 ],
    "faces": {
        "down":  { "uv": [ 0, 8.25, 0, 7.75 ], "texture": "#anvil 1", "cullface": "east" },
        "up":    { "uv": [ 16, 7.75, 16, 8.25 ], "texture": "#anvil 1", "cullface": "east" },
        "north": { "uv": [ 0, 6.25, 0, 7 ], "texture": "#anvil 1", "cullface": "east" },
        "south": { "uv": [ 16, 6.25, 16, 7 ], "texture": "#anvil 1", "cullface": "east" },
        "east":  { "uv": [ 7.75, 6.25, 8.25, 7 ], "texture": "#anvil 1", "cullface": "east" }
    }
},
{
    "from": [ 10.5, 9.25, 7.5 ],
    "to": [ 14.75, 9.75, 7.75 ],
    "faces": {
        "down":  { "uv": [ 5.5, 7.75, 1.25, 7.5 ], "texture": "#anvil 1" },
        "north": { "uv": [ 1.25, 6.25, 5.5, 6.75 ], "texture": "#anvil 1" },
        "west":  { "uv": [ 7.5, 6.25, 7.75, 6.75 ], "texture": "#anvil 1" },
        "east":  { "uv": [ 8.25, 6.25, 8.5, 6.75 ], "texture": "#anvil 1" }
    }
},
{
    "from": [ 16.75, 8.75, 5.5 ],
    "to": [ 17, 9, 7.75 ],
    "faces": {
        "down":  { "uv": [ 0, 7.5, 0, 5.25 ], "texture": "#anvil 1", "cullface": "east" },
        "up":    { "uv": [ 16, 5.25, 16, 7.5 ], "texture": "#anvil 1", "cullface": "east" },
        "north": { "uv": [ 0, 0, 0, 0.25 ], "texture": "#anvil 1", "cullface": "east" },
        "south": { "uv": [ 16, 0, 16, 0.25 ], "texture": "#anvil 1", "cullface": "east" },
        "west":  { "uv": [ 5.25, 0, 7.5, 0.25 ], "texture": "#anvil 1", "cullface": "east" },
        "east":  { "uv": [ 8.5, 0, 10.75, 0.25 ], "texture": "#anvil 1", "cullface": "east" }
    }
},
{
    "from": [ 16.5, 8.25, 5 ],
    "to": [ 17.25, 9, 6.25 ],
    "faces": {
        "down":  { "uv": [ 0, 7, 0, 5.25 ], "texture": "#anvil 1", "cullface": "east" },
        "up":    { "uv": [ 16, 5.25, 16, 7 ], "texture": "#anvil 1", "cullface": "east" },
        "north": { "uv": [ 0, 0, 0, 0.75 ], "texture": "#anvil 1", "cullface": "east" },
        "south": { "uv": [ 16, 0, 16, 0.75 ], "texture": "#anvil 1", "cullface": "east" },
        "west":  { "uv": [ 5.25, 0, 7, 0.75 ], "texture": "#anvil 1", "cullface": "east" },
        "east":  { "uv": [ 9, 0, 10.75, 0.75 ], "texture": "#anvil 1", "cullface": "east" }
    }
},
{
    "from": [ 9, 10.25, 7.25 ],
    "to": [ 16.25, 10.5, 8.75 ],
    "faces": {
        "down":  { "uv": [ 7, 8.75, 0, 7.25 ], "texture": "#texture", "cullface": "east" },
        "up":    { "uv": [ 9, 7.25, 16, 8.75 ], "texture": "#texture", "cullface": "east" },
        "north": { "uv": [ 0, 5.5, 7, 5.75 ], "texture": "#texture", "cullface": "east" },
        "south": { "uv": [ 9, 5.5, 16, 5.75 ], "texture": "#texture", "cullface": "east" },
        "west":  { "uv": [ 7.25, 5.5, 8.75, 5.75 ], "texture": "#texture", "cullface": "east" },
        "east":  { "uv": [ 7.25, 5.5, 8.75, 5.75 ], "texture": "#texture", "cullface": "east" }
    }
},
{
    "from": [ 11.5, 10.5, 7.75 ],
    "to": [ 12, 11.25, 8.25 ],
    "faces": {
        "north": { "uv": [ 4, 4.75, 4.5, 5.5 ], "texture": "#anvil 1" },
        "south": { "uv": [ 11.5, 4.75, 12, 5.5 ], "texture": "#anvil 1" },
        "west":  { "uv": [ 7.75, 4.75, 8.25, 5.5 ], "texture": "#anvil 1" },
        "east":  { "uv": [ 7.75, 4.75, 8.25, 5.5 ], "texture": "#anvil 1" }
    }
},
{
    "from": [ 14, 10.5, 7.75 ],
    "to": [ 14.5, 11.25, 8.25 ],
    "faces": {
        "north": { "uv": [ 1.5, 4.75, 2, 5.5 ], "texture": "#anvil 1" },
        "south": { "uv": [ 14, 4.75, 14.5, 5.5 ], "texture": "#anvil 1" },
        "west":  { "uv": [ 7.75, 4.75, 8.25, 5.5 ], "texture": "#anvil 1" },
        "east":  { "uv": [ 7.75, 4.75, 8.25, 5.5 ], "texture": "#anvil 1" }
    }
},
{
    "from": [ 11.5, 11.25, 7.25 ],
    "to": [ 12, 12.75, 8.75 ],
    "faces": {
        "down":  { "uv": [ 4.5, 8.75, 4, 7.25 ], "texture": "#anvil 1" },
        "up":    { "uv": [ 11.5, 7.25, 12, 8.75 ], "texture": "#anvil 1" },
        "north": { "uv": [ 4, 3.25, 4.5, 4.75 ], "texture": "#anvil 1" },
        "south": { "uv": [ 11.5, 3.25, 12, 4.75 ], "texture": "#anvil 1" },
        "west":  { "uv": [ 7.25, 3.25, 8.75, 4.75 ], "texture": "#anvil 1" },
        "east":  { "uv": [ 7.25, 3.25, 8.75, 4.75 ], "texture": "#anvil 1" }
    }
},
{
    "from": [ 14, 11.25, 7.25 ],
    "to": [ 14.5, 12.75, 8.75 ],
    "faces": {
        "down":  { "uv": [ 2, 8.75, 1.5, 7.25 ], "texture": "#anvil 1" },
        "up":    { "uv": [ 14, 7.25, 14.5, 8.75 ], "texture": "#anvil 1" },
        "north": { "uv": [ 1.5, 3.25, 2, 4.75 ], "texture": "#anvil 1" },
        "south": { "uv": [ 14, 3.25, 14.5, 4.75 ], "texture": "#anvil 1" },
        "west":  { "uv": [ 7.25, 3.25, 8.75, 4.75 ], "texture": "#anvil 1" },
        "east":  { "uv": [ 7.25, 3.25, 8.75, 4.75 ], "texture": "#anvil 1" }
    }
},
{
    "from": [ 10, 11.25, 7.5 ],
    "to": [ 16, 12.75, 8.5 ],
    "faces": {
        "down":  { "uv": [ 6, 8.5, 0, 7.5 ], "texture": "#anvil 1" },
        "up":    { "uv": [ 10, 7.5, 16, 8.5 ], "texture": "#anvil 1" },
        "north": { "uv": [ 0, 3.25, 6, 4.75 ], "texture": "#anvil 1" },
        "south": { "uv": [ 10, 3.25, 16, 4.75 ], "texture": "#anvil 1" }
    }
},
{
    "from": [ 10, 11.5, 7.25 ],
    "to": [ 16, 12.5, 8.75 ],
    "faces": {
        "down":  { "uv": [ 6, 8.75, 0, 7.25 ], "texture": "#anvil 1" },
        "up":    { "uv": [ 10, 7.25, 16, 8.75 ], "texture": "#anvil 1" },
        "north": { "uv": [ 0, 3.5, 6, 4.5 ], "texture": "#anvil 1" },
        "south": { "uv": [ 10, 3.5, 16, 4.5 ], "texture": "#anvil 1" }
    }
},
{
    "from": [ 9.75, 11.25, 7.25 ],
    "to": [ 10, 12.75, 8.75 ],
    "faces": {
        "down":  { "uv": [ 6.25, 8.75, 6, 7.25 ], "texture": "#anvil 1" },
        "up":    { "uv": [ 9.75, 7.25, 10, 8.75 ], "texture": "#anvil 1" },
        "north": { "uv": [ 6, 3.25, 6.25, 4.75 ], "texture": "#anvil 1" },
        "south": { "uv": [ 9.75, 3.25, 10, 4.75 ], "texture": "#anvil 1" },
        "east":  { "uv": [ 7.25, 3.25, 8.75, 4.75 ], "texture": "#anvil 1" }
    }
},
{
    "from": [ 16, 11.25, 7.25 ],
    "to": [ 16.25, 12.75, 8.75 ],
    "faces": {
        "down":  { "uv": [ 0, 8.75, 0, 7.25 ], "texture": "#anvil 1", "cullface": "east" },
        "up":    { "uv": [ 16, 7.25, 16, 8.75 ], "texture": "#anvil 1", "cullface": "east" },
        "north": { "uv": [ 0, 3.25, 0, 4.75 ], "texture": "#anvil 1", "cullface": "east" },
        "south": { "uv": [ 16, 3.25, 16, 4.75 ], "texture": "#anvil 1", "cullface": "east" },
        "west":  { "uv": [ 7.25, 3.25, 8.75, 4.75 ], "texture": "#anvil 1", "cullface": "east" }
    }
},
{
    "from": [ 16.25, 11, 7.25 ],
    "to": [ 17.5, 13, 8.75 ],
    "faces": {
        "down":  { "uv": [ 0, 8.75, 0, 7.25 ], "texture": "#anvil 1", "cullface": "east" },
        "up":    { "uv": [ 16, 7.25, 16, 8.75 ], "texture": "#anvil 1", "cullface": "east" },
        "north": { "uv": [ 0, 3, 0, 5 ], "texture": "#anvil 1", "cullface": "east" },
        "south": { "uv": [ 16, 3, 16, 5 ], "texture": "#anvil 1", "cullface": "east" },
        "west":  { "uv": [ 7.25, 3, 8.75, 5 ], "texture": "#anvil 1", "cullface": "east" },
        "east":  { "uv": [ 7.25, 3, 8.75, 5 ], "texture": "#anvil 1", "cullface": "east" }
    }
},
{
    "from": [ 16.25, 11.25, 7 ],
    "to": [ 17.5, 12.75, 9 ],
    "faces": {
        "down":  { "uv": [ 0, 9, 0, 7 ], "texture": "#anvil 1", "cullface": "east" },
        "up":    { "uv": [ 16, 7, 16, 9 ], "texture": "#anvil 1", "cullface": "east" },
        "north": { "uv": [ 0, 3.25, 0, 4.75 ], "texture": "#anvil 1", "cullface": "east" },
        "south": { "uv": [ 16, 3.25, 16, 4.75 ], "texture": "#anvil 1", "cullface": "east" },
        "west":  { "uv": [ 7, 3.25, 9, 4.75 ], "texture": "#anvil 1", "cullface": "east" },
        "east":  { "uv": [ 7, 3.25, 9, 4.75 ], "texture": "#anvil 1", "cullface": "east" }
    }
},
{
    "from": [ 17.5, 11.25, 7 ],
    "to": [ 18.25, 12.75, 7.25 ],
    "faces": {
        "down":  { "uv": [ 0, 7.25, 0, 7 ], "texture": "#anvil 1", "cullface": "east" },
        "up":    { "uv": [ 16, 7, 16, 7.25 ], "texture": "#anvil 1", "cullface": "east" },
        "north": { "uv": [ 0, 3.25, 0, 4.75 ], "texture": "#anvil 1", "cullface": "east" },
        "south": { "uv": [ 16, 3.25, 16, 4.75 ], "texture": "#anvil 1", "cullface": "east" },
        "east":  { "uv": [ 8.75, 3.25, 9, 4.75 ], "texture": "#anvil 1", "cullface": "east" }
    }
},
{
    "from": [ 17.5, 11.25, 8.75 ],
    "to": [ 18.25, 12.75, 9 ],
    "faces": {
        "down":  { "uv": [ 0, 9, 0, 8.75 ], "texture": "#anvil 1", "cullface": "east" },
        "up":    { "uv": [ 16, 8.75, 16, 9 ], "texture": "#anvil 1", "cullface": "east" },
        "north": { "uv": [ 0, 3.25, 0, 4.75 ], "texture": "#anvil 1", "cullface": "east" },
        "south": { "uv": [ 16, 3.25, 16, 4.75 ], "texture": "#anvil 1", "cullface": "east" },
        "east":  { "uv": [ 7, 3.25, 7.25, 4.75 ], "texture": "#anvil 1", "cullface": "east" }
    }
},
{
    "from": [ 17.5, 12.75, 7.25 ],
    "to": [ 18.25, 13, 8.75 ],
    "faces": {
        "down":  { "uv": [ 0, 8.75, 0, 7.25 ], "texture": "#anvil 1", "cullface": "east" },
        "up":    { "uv": [ 16, 7.25, 16, 8.75 ], "texture": "#anvil 1", "cullface": "east" },
        "north": { "uv": [ 0, 3, 0, 3.25 ], "texture": "#anvil 1", "cullface": "east" },
        "south": { "uv": [ 16, 3, 16, 3.25 ], "texture": "#anvil 1", "cullface": "east" },
        "east":  { "uv": [ 7.25, 3, 8.75, 3.25 ], "texture": "#anvil 1", "cullface": "east" }
    }
},
{
    "from": [ 17.5, 11, 7.25 ],
    "to": [ 18.25, 11.25, 8.75 ],
    "faces": {
        "down":  { "uv": [ 0, 8.75, 0, 7.25 ], "texture": "#anvil 1", "cullface": "east" },
        "up":    { "uv": [ 16, 7.25, 16, 8.75 ], "texture": "#anvil 1", "cullface": "east" },
        "north": { "uv": [ 0, 4.75, 0, 5 ], "texture": "#anvil 1", "cullface": "east" },
        "south": { "uv": [ 16, 4.75, 16, 5 ], "texture": "#anvil 1", "cullface": "east" },
        "east":  { "uv": [ 7.25, 4.75, 8.75, 5 ], "texture": "#anvil 1", "cullface": "east" }
    }
},
{
    "from": [ 12.5, 11.5, 8.75 ],
    "to": [ 13.5, 12.5, 9.5 ],
    "faces": {
        "down":  { "uv": [ 3.5, 9.5, 2.5, 8.75 ], "texture": "#anvil 1" },
        "up":    { "uv": [ 12.5, 8.75, 13.5, 9.5 ], "texture": "#anvil 1" },
        "south": { "uv": [ 12.5, 3.5, 13.5, 4.5 ], "texture": "#anvil 1" },
        "west":  { "uv": [ 8.75, 3.5, 9.5, 4.5 ], "texture": "#anvil 1" },
        "east":  { "uv": [ 6.5, 3.5, 7.25, 4.5 ], "texture": "#anvil 1" }
    }
},
{
    "from": [ 12.5, 12.75, 7.5 ],
    "to": [ 13.5, 13.5, 8.5 ],
    "faces": {
        "up":    { "uv": [ 12.5, 7.5, 13.5, 8.5 ], "texture": "#anvil 1" },
        "north": { "uv": [ 2.5, 2.5, 3.5, 3.25 ], "texture": "#anvil 1" },
        "south": { "uv": [ 12.5, 2.5, 13.5, 3.25 ], "texture": "#anvil 1" },
        "west":  { "uv": [ 7.5, 2.5, 8.5, 3.25 ], "texture": "#anvil 1" },
        "east":  { "uv": [ 7.5, 2.5, 8.5, 3.25 ], "texture": "#anvil 1" }
    }
},
{
    "from": [ 9, 11.25, 7 ],
    "to": [ 9.75, 12.75, 9 ],
    "faces": {
        "down":  { "uv": [ 7, 9, 6.25, 7 ], "texture": "#anvil 1" },
        "up":    { "uv": [ 9, 7, 9.75, 9 ], "texture": "#anvil 1" },
        "north": { "uv": [ 6.25, 3.25, 7, 4.75 ], "texture": "#anvil 1" },
        "south": { "uv": [ 9, 3.25, 9.75, 4.75 ], "texture": "#anvil 1" },
        "east":  { "uv": [ 7, 3.25, 9, 4.75 ], "texture": "#anvil 1" }
    }
},
{
    "from": [ 9, 11, 7.25 ],
    "to": [ 9.75, 13, 8.75 ],
    "faces": {
        "down":  { "uv": [ 7, 8.75, 6.25, 7.25 ], "texture": "#anvil 1" },
        "up":    { "uv": [ 9, 7.25, 9.75, 8.75 ], "texture": "#anvil 1" },
        "north": { "uv": [ 6.25, 3, 7, 5 ], "texture": "#anvil 1" },
        "south": { "uv": [ 9, 3, 9.75, 5 ], "texture": "#anvil 1" },
        "east":  { "uv": [ 7.25, 3, 8.75, 5 ], "texture": "#anvil 1" }
    }
},
{
    "from": [ 8.75, 11, 7 ],
    "to": [ 9, 13, 9 ],
    "faces": {
        "down":  { "uv": [ 7.25, 9, 7, 7 ], "texture": "#anvil 1" },
        "up":    { "uv": [ 8.75, 7, 9, 9 ], "texture": "#anvil 1" },
        "north": { "uv": [ 7, 3, 7.25, 5 ], "texture": "#anvil 1" },
        "south": { "uv": [ 8.75, 3, 9, 5 ], "texture": "#anvil 1" },
        "east":  { "uv": [ 7, 3, 9, 5 ], "texture": "#anvil 1" }
    }
},
{
    "from": [ 7.5, 10.75, 7 ],
    "to": [ 8.75, 13.25, 9 ],
    "faces": {
        "down":  { "uv": [ 8.5, 9, 7.25, 7 ], "texture": "#anvil 1" },
        "up":    { "uv": [ 7.5, 7, 8.75, 9 ], "texture": "#anvil 1" },
        "north": { "uv": [ 7.25, 2.75, 8.5, 5.25 ], "texture": "#anvil 1" },
        "south": { "uv": [ 7.5, 2.75, 8.75, 5.25 ], "texture": "#anvil 1" },
        "west":  { "uv": [ 7, 2.75, 9, 5.25 ], "texture": "#anvil 1" },
        "east":  { "uv": [ 7, 2.75, 9, 5.25 ], "texture": "#anvil 1" }
    }
},
{
    "from": [ 7.5, 11, 6.75 ],
    "to": [ 8.75, 13, 9.25 ],
    "faces": {
        "down":  { "uv": [ 8.5, 9.25, 7.25, 6.75 ], "texture": "#anvil 1" },
        "up":    { "uv": [ 7.5, 6.75, 8.75, 9.25 ], "texture": "#anvil 1" },
        "north": { "uv": [ 7.25, 3, 8.5, 5 ], "texture": "#anvil 1" },
        "south": { "uv": [ 7.5, 3, 8.75, 5 ], "texture": "#anvil 1" },
        "west":  { "uv": [ 6.75, 3, 9.25, 5 ], "texture": "#anvil 1" },
        "east":  { "uv": [ 6.75, 3, 9.25, 5 ], "texture": "#anvil 1" }
    }
},
{
    "from": [ 6.75, 13, 7 ],
    "to": [ 7.5, 13.25, 9 ],
    "faces": {
        "down":  { "uv": [ 9.25, 9, 8.5, 7 ], "texture": "#anvil 1" },
        "up":    { "uv": [ 6.75, 7, 7.5, 9 ], "texture": "#anvil 1" },
        "north": { "uv": [ 8.5, 2.75, 9.25, 3 ], "texture": "#anvil 1" },
        "south": { "uv": [ 6.75, 2.75, 7.5, 3 ], "texture": "#anvil 1" },
        "west":  { "uv": [ 7, 2.75, 9, 3 ], "texture": "#anvil 1" }
    }
},
{
    "from": [ 6.75, 11, 6.75 ],
    "to": [ 7.5, 13, 7 ],
    "faces": {
        "down":  { "uv": [ 9.25, 7, 8.5, 6.75 ], "texture": "#anvil 1" },
        "up":    { "uv": [ 6.75, 6.75, 7.5, 7 ], "texture": "#anvil 1" },
        "north": { "uv": [ 8.5, 3, 9.25, 5 ], "texture": "#anvil 1" },
        "south": { "uv": [ 6.75, 3, 7.5, 5 ], "texture": "#anvil 1" },
        "west":  { "uv": [ 6.75, 3, 7, 5 ], "texture": "#anvil 1" }
    }
},
{
    "from": [ 6.75, 11, 9 ],
    "to": [ 7.5, 13, 9.25 ],
    "faces": {
        "down":  { "uv": [ 9.25, 9.25, 8.5, 9 ], "texture": "#anvil 1" },
        "up":    { "uv": [ 6.75, 9, 7.5, 9.25 ], "texture": "#anvil 1" },
        "north": { "uv": [ 8.5, 3, 9.25, 5 ], "texture": "#anvil 1" },
        "south": { "uv": [ 6.75, 3, 7.5, 5 ], "texture": "#anvil 1" },
        "west":  { "uv": [ 9, 3, 9.25, 5 ], "texture": "#anvil 1" }
    }
},
{
    "from": [ 6.75, 10.75, 7 ],
    "to": [ 7.5, 11, 9 ],
    "faces": {
        "down":  { "uv": [ 9.25, 9, 8.5, 7 ], "texture": "#anvil 1" },
        "up":    { "uv": [ 6.75, 7, 7.5, 9 ], "texture": "#anvil 1" },
        "north": { "uv": [ 8.5, 5, 9.25, 5.25 ], "texture": "#anvil 1" },
        "south": { "uv": [ 6.75, 5, 7.5, 5.25 ], "texture": "#anvil 1" },
        "west":  { "uv": [ 7, 5, 9, 5.25 ], "texture": "#anvil 1" }
    }
},
{
    "from": [ 7, 11, 7 ],
    "to": [ 7.25, 13, 9 ],
    "faces": {
        "west":  { "uv": [ 0, 0, 0.5, 0.5 ], "texture": "#woo colored black" },
        "east":  { "uv": [ 0.5, 0, 0, 0.5 ], "texture": "#woo colored black" }
    }
},
{
    "from": [ 17.75, 11.25, 7.25 ],
    "to": [ 18, 12.75, 8.75 ],
    "faces": {
        "west":  { "uv": [ 0, 0, 0.5, 0.5 ], "texture": "#woo colored black", "cullface": "east" },
        "east":  { "uv": [ 0.5, 0, 0, 0.5 ], "texture": "#woo colored black", "cullface": "east" }
    }
},
{
    "from": [ 17.4375, 8.3125, 7.75 ],
    "to": [ 25.4375, 8.8125, 8.25 ],
    "faces": {
        "down":  { "uv": [ 0, 8.25, 0, 7.75 ], "texture": "#texture", "cullface": "east" },
        "up":    { "uv": [ 16, 7.75, 16, 8.25 ], "texture": "#texture", "cullface": "east" },
        "north": { "uv": [ 0, 7.5, 0, 8 ], "texture": "#texture", "cullface": "east" },
        "south": { "uv": [ 16, 7.5, 16, 8 ], "texture": "#texture", "cullface": "east" }
    }
},
{
    "from": [ 24.75, 6.25, 7.25 ],
    "to": [ 25.75, 8.75, 8.75 ],
    "faces": {
        "down":  { "uv": [ 0, 8.75, 0, 7.25 ], "texture": "#texture", "cullface": "east" },
        "up":    { "uv": [ 16, 7.25, 16, 8.75 ], "texture": "#texture", "cullface": "east" },
        "north": { "uv": [ 0, 7.25, 0, 9.75 ], "texture": "#texture", "cullface": "east" },
        "south": { "uv": [ 16, 7.25, 16, 9.75 ], "texture": "#texture", "cullface": "east" },
        "west":  { "uv": [ 7.25, 7.25, 8.75, 9.75 ], "texture": "#texture", "cullface": "east" }
    }
},
{
    "from": [ 25.75, 6.25, 7 ],
    "to": [ 26.5, 10.75, 9 ],
    "faces": {
        "down":  { "uv": [ 0, 9, 0, 7 ], "texture": "#anvil 1", "cullface": "east" },
        "up":    { "uv": [ 16, 7, 16, 9 ], "texture": "#anvil 1", "cullface": "east" },
        "north": { "uv": [ 0, 5.25, 0, 9.75 ], "texture": "#anvil 1", "cullface": "east" },
        "south": { "uv": [ 16, 5.25, 16, 9.75 ], "texture": "#anvil 1", "cullface": "east" },
        "west":  { "uv": [ 7, 5.25, 9, 9.75 ], "texture": "#anvil 1", "cullface": "east" },
        "east":  { "uv": [ 7, 5.25, 9, 9.75 ], "texture": "#anvil 1", "cullface": "east" }
    }
},
{
    "from": [ 18, 7.4375, 7.25 ],
    "to": [ 25, 8.4375, 8.75 ],
    "faces": {
        "down":  { "uv": [ 0, 8.75, 0, 7.25 ], "texture": "#texture", "cullface": "east" },
        "up":    { "uv": [ 16, 7.25, 16, 8.75 ], "texture": "#texture", "cullface": "east" },
        "north": { "uv": [ 0, 4.75, 0, 6.25 ], "texture": "#texture", "cullface": "east" },
        "south": { "uv": [ 16, 4.75, 16, 6.25 ], "texture": "#texture", "cullface": "east" },
        "west":  { "uv": [ 7.25, 4.75, 8.75, 6.25 ], "texture": "#texture", "cullface": "east" },
        "east":  { "uv": [ 7.25, 4.75, 8.75, 6.25 ], "texture": "#texture", "cullface": "east" }
    }
},
{
    "from": [ 25.25, 8.75, 7.5 ],
    "to": [ 25.75, 9.75, 8.5 ],
    "faces": {
        "north": { "uv": [ 0, 6.25, 0, 7.25 ], "texture": "#anvil 1", "cullface": "east" },
        "south": { "uv": [ 16, 6.25, 16, 7.25 ], "texture": "#anvil 1", "cullface": "east" },
        "west":  { "uv": [ 7.5, 6.25, 8.5, 7.25 ], "texture": "#anvil 1", "cullface": "east" }
    }
},
{
    "from": [ 26.5, 9.25, 7 ],
    "to": [ 26.75, 10.75, 9 ],
    "faces": {
        "down":  { "uv": [ 0, 9, 0, 7 ], "texture": "#anvil 1", "cullface": "east" },
        "up":    { "uv": [ 16, 7, 16, 9 ], "texture": "#anvil 1", "cullface": "east" },
        "north": { "uv": [ 0, 5.25, 0, 6.75 ], "texture": "#anvil 1", "cullface": "east" },
        "south": { "uv": [ 16, 5.25, 16, 6.75 ], "texture": "#anvil 1", "cullface": "east" },
        "east":  { "uv": [ 7, 5.25, 9, 6.75 ], "texture": "#anvil 1", "cullface": "east" }
    }
},
{
    "from": [ 26.5, 6.25, 7 ],
    "to": [ 26.75, 7.75, 9 ],
    "faces": {
        "down":  { "uv": [ 0, 9, 0, 7 ], "texture": "#anvil 1", "cullface": "east" },
        "up":    { "uv": [ 16, 7, 16, 9 ], "texture": "#anvil 1", "cullface": "east" },
        "north": { "uv": [ 0, 8.25, 0, 9.75 ], "texture": "#anvil 1", "cullface": "east" },
        "south": { "uv": [ 16, 8.25, 16, 9.75 ], "texture": "#anvil 1", "cullface": "east" },
        "east":  { "uv": [ 7, 8.25, 9, 9.75 ], "texture": "#anvil 1", "cullface": "east" }
    }
},
{
    "from": [ 26.75, 10, 7 ],
    "to": [ 27, 10.75, 9 ],
    "faces": {
        "down":  { "uv": [ 0, 9, 0, 7 ], "texture": "#anvil 1", "cullface": "east" },
        "up":    { "uv": [ 16, 7, 16, 9 ], "texture": "#anvil 1", "cullface": "east" },
        "north": { "uv": [ 0, 5.25, 0, 6 ], "texture": "#anvil 1", "cullface": "east" },
        "south": { "uv": [ 16, 5.25, 16, 6 ], "texture": "#anvil 1", "cullface": "east" },
        "east":  { "uv": [ 7, 5.25, 9, 6 ], "texture": "#anvil 1", "cullface": "east" }
    }
},
{
    "from": [ 26.75, 6.25, 7 ],
    "to": [ 27, 7, 9 ],
    "faces": {
        "down":  { "uv": [ 0, 9, 0, 7 ], "texture": "#anvil 1", "cullface": "east" },
        "up":    { "uv": [ 16, 7, 16, 9 ], "texture": "#anvil 1", "cullface": "east" },
        "north": { "uv": [ 0, 9, 0, 9.75 ], "texture": "#anvil 1", "cullface": "east" },
        "south": { "uv": [ 16, 9, 16, 9.75 ], "texture": "#anvil 1", "cullface": "east" },
        "east":  { "uv": [ 7, 9, 9, 9.75 ], "texture": "#anvil 1", "cullface": "east" }
    }
}
],
"display": {
    "thirdperson_righthand": {
        "rotation": [ 62, -90, 0 ],
        "translation": [ -1.32, 10.58, -3.21 ],
        "scale": [ 1.5, 1.5, -1.5 ]
    },
    "thirdperson_lefthand": {
        "rotation": [ 62, 90, 0 ],
        "translation": [ -1.32, 10.58, -3.21 ],
        "scale": [ 1.5, 1.5, -1.5 ]
    },
    "ground": {
        "rotation": [ 0, 0, 0 ],
        "translation": [ 0, 0, 0 ],
        "scale": [ 1, 1, 1.5 ]
    },
    "firstperson_righthand": {
        "rotation": [ 0, -92, 3 ],
        "translation": [ -0.76, 1.32, -7.75 ],
        "scale": [ 1.3, 1.3, -1.3 ]
    },
    "firstperson_lefthand": {
        "rotation": [ 0, 92, 3 ],
        "translation": [ -0.76, 1.32, -7.75 ],
        "scale": [ 1.3, 1.3, -1.3 ]
    },
    "gui": {
        "rotation": [ 0, 0, -38 ],
        "translation": [ 0, 0, 0 ],
        "scale": [ 1, 1, 1 ]
    }
}
}