{
	"parent": "item/handheld",
	"textures": {
		"layer0": "items/diamond_hoe"
	},
	"overrides": [
		{ "predicate": {"damaged": 0, "damage": 0.0006402048655569782}, "model": "item/Slots/fill"},
		{ "predicate": {"damaged": 0, "damage": 0.0012804097311139564}, "model": "item/Slots/workbench_button"},
		{ "predicate": {"damaged": 0, "damage": 0.0019206145966709346}, "model": "item/Slots/info"},
		{ "predicate": {"damaged": 0, "damage": 0.002560819462227913}, "model": "item/Slots/helmet"},
		{ "predicate": {"damaged": 0, "damage": 0.003201024327784891}, "model": "item/Slots/chestplate"},
		{ "predicate": {"damaged": 0, "damage": 0.0038412291933418692}, "model": "item/Slots/leggings"},
		{ "predicate": {"damaged": 0, "damage": 0.004481434058898847}, "model": "item/Slots/boots"},
		{ "predicate": {"damaged": 0, "damage": 0.005121638924455826}, "model": "item/Slots/gloves"},
		{ "predicate": {"damaged": 0, "damage": 0.005761843790012804}, "model": "item/Slots/weapon"},
		{ "predicate": {"damaged": 0, "damage": 0.006402048655569782}, "model": "item/Slots/shield"},
		{ "predicate": {"damaged": 0, "damage": 0.00704225352112676}, "model": "item/Slots/elytra"},
		{ "predicate": {"damaged": 0, "damage": 0.0076824583866837385}, "model": "item/Slots/ring"},
		{ "predicate": {"damaged": 0, "damage": 0.008322663252240717}, "model": "item/Slots/amulet"},
		{ "predicate": {"damaged": 0, "damage": 0.008962868117797694}, "model": "item/Slots/pet"},
		{ "predicate": {"damaged": 0, "damage": 0.009603072983354673}, "model": "item/Slots/backpack"},
		{ "predicate": {"damaged": 0, "damage": 0.010243277848911651}, "model": "item/Slots/artifact"},
		{ "predicate": {"damaged": 0, "damage": 0.01088348271446863}, "model": "item/Slots/empty"},
		{ "predicate": {"damaged": 0, "damage": 0.011523687580025609}, "model": "item/Slots/buyable"},
		{ "predicate": {"damaged": 0, "damage": 0.012163892445582586}, "model": "item/Slots/locked"},
		{ "predicate": {"damaged": 0, "damage": 0.012804097311139564}, "model": "item/Backpacks/small"},
		{ "predicate": {"damaged": 0, "damage": 0.013444302176696543}, "model": "item/Backpacks/medium"},
		{ "predicate": {"damaged": 0, "damage": 0.01408450704225352}, "model": "item/Backpacks/large"},
		{ "predicate": {"damaged": 0, "damage": 0.014724711907810498}, "model": "item/Items/ring"},
		{ "predicate": {"damaged": 0, "damage": 0.015364916773367477}, "model": "item/Items/gloves"},
		{ "predicate": {"damaged": 0, "damage": 0.016005121638924456}, "model": "item/Items/amulet"},
		{ "predicate": {"damaged": 0, "damage": 0.016645326504481434}, "model": "item/Items/scroll"},
                { "predicate": {"damaged": 0, "damage": 0.017285531370038413}, "model": "item/Slots/extendable"}
	]
}