{
"__comment": "Designed by Glitcherdotbe with BDcraft Cubik PRO 0.95 Beta - http://bdcraft.net",
"textures": {
    "particle": "3D/iron_sword_texture1",
    "wooden_sword_texture1": "3D/iron_sword_texture1",
    "wooden_sword_texture2": "3D/iron_sword_texture2"
},
"elements": [ 
{
    "__comment": "Handle",
    "from": [ 7, 8, 9.5 ],
    "to": [ 9, 8.5, 13.5 ],
    "faces": {
        "down":  { "uv": [ 11.5, 9.5, 13.5, 13.5 ], "texture": "#wooden_sword_texture1" },
        "up":    { "uv": [ 11.5, 9.5, 13.5, 13.5 ], "texture": "#wooden_sword_texture1" },
        "north": { "uv": [ 11.5, 9.5, 13.5, 10 ], "texture": "#wooden_sword_texture1" },
        "south": { "uv": [ 11.5, 13, 13.5, 13.5 ], "texture": "#wooden_sword_texture1" },
        "west":  { "uv": [ 2.5, 13, 6.5, 13.5 ], "texture": "#wooden_sword_texture2" },
        "east":  { "uv": [ 2.5, 11.5, 6.5, 12 ], "texture": "#wooden_sword_texture2" }
    }
},
{
    "__comment": "Pommel",
    "from": [ 6.5, 8, 14 ],
    "to": [ 9.5, 8.5, 14.5 ],
    "faces": {
        "down":  { "uv": [ 11, 14.5, 14, 14 ], "texture": "#wooden_sword_texture1" },
        "up":    { "uv": [ 11, 14, 14, 14.5 ], "texture": "#wooden_sword_texture1" },
        "north": { "uv": [ 11, 14, 14, 14.5 ], "texture": "#wooden_sword_texture1" },
        "south": { "uv": [ 11, 14, 14, 14.5 ], "texture": "#wooden_sword_texture1" },
        "west":  { "uv": [ 11, 14, 11.5, 14.5 ], "texture": "#wooden_sword_texture1" },
        "east":  { "uv": [ 13.5, 14, 14, 14.5 ], "texture": "#wooden_sword_texture1" }
    }
},
{
    "__comment": "Pommel",
    "from": [ 6.5, 8, 14.5 ],
    "to": [ 9.5, 8.5, 15 ],
    "faces": {
        "down":  { "uv": [ 11, 15, 14, 14.5 ], "texture": "#wooden_sword_texture1" },
        "up":    { "uv": [ 11, 14.5, 14, 15 ], "texture": "#wooden_sword_texture1" },
        "north": { "uv": [ 11, 14.5, 14, 15 ], "texture": "#wooden_sword_texture1" },
        "south": { "uv": [ 11, 14.5, 14, 15 ], "texture": "#wooden_sword_texture1" },
        "west":  { "uv": [ 13.5, 14.5, 14, 15 ], "texture": "#wooden_sword_texture1" },
        "east":  { "uv": [ 11, 14.5, 11.5, 15 ], "texture": "#wooden_sword_texture1" }
    }
},
{
    "__comment": "Pommel",
    "from": [ 6.5, 8, 15 ],
    "to": [ 9.5, 8.5, 15.5 ],
    "faces": {
        "down":  { "uv": [ 11, 15.5, 14, 15 ], "texture": "#wooden_sword_texture1" },
        "up":    { "uv": [ 11, 15, 14, 15.5 ], "texture": "#wooden_sword_texture1" },
        "north": { "uv": [ 11, 15, 14, 15.5 ], "texture": "#wooden_sword_texture1" },
        "south": { "uv": [ 11, 15, 14, 15.5 ], "texture": "#wooden_sword_texture1" },
        "west":  { "uv": [ 11, 15, 11.5, 15.5 ], "texture": "#wooden_sword_texture1" },
        "east":  { "uv": [ 13.5, 15, 14, 15.5 ], "texture": "#wooden_sword_texture1" }
    }
},
{
    "__comment": "Pommel",
    "from": [ 7, 8, 15.5 ],
    "to": [ 9, 8.5, 16 ],
    "faces": {
        "down":  { "uv": [ 11.5, 16, 13.5, 15.5 ], "texture": "#wooden_sword_texture1" },
        "up":    { "uv": [ 11.5, 15.5, 13.5, 16 ], "texture": "#wooden_sword_texture1" },
        "north": { "uv": [ 11.5, 15.5, 13.5, 16 ], "texture": "#wooden_sword_texture1" },
        "south": { "uv": [ 11.5, 15.5, 13.5, 16 ], "texture": "#wooden_sword_texture1" },
        "west":  { "uv": [ 13, 15.5, 13.5, 16 ], "texture": "#wooden_sword_texture1" },
        "east":  { "uv": [ 11.5, 15.5, 12, 16 ], "texture": "#wooden_sword_texture1" }
    }
},
{
    "__comment": "Pommel",
    "from": [ 6.5, 8.5, 14.5 ],
    "to": [ 9.5, 9, 15 ],
    "faces": {
        "down":  { "uv": [ 14, 15, 11, 14.5 ], "texture": "#wooden_sword_texture1" },
        "up":    { "uv": [ 11, 14.5, 14, 15 ], "texture": "#wooden_sword_texture1" },
        "north": { "uv": [ 11, 14.5, 14, 15 ], "texture": "#wooden_sword_texture1" },
        "south": { "uv": [ 11, 14.5, 14, 15 ], "texture": "#wooden_sword_texture1" },
        "west":  { "uv": [ 13.5, 14.5, 14, 15 ], "texture": "#wooden_sword_texture1" },
        "east":  { "uv": [ 11, 14.5, 11.5, 15 ], "texture": "#wooden_sword_texture1" }
    }
},
{
    "__comment": "Pommel",
    "from": [ 7, 8.5, 15 ],
    "to": [ 9, 9, 15.5 ],
    "faces": {
        "down":  { "uv": [ 13.5, 15.5, 11.5, 15 ], "texture": "#wooden_sword_texture1" },
        "up":    { "uv": [ 11.5, 15, 13.5, 15.5 ], "texture": "#wooden_sword_texture1" },
        "north": { "uv": [ 11, 15, 13, 15.5 ], "texture": "#wooden_sword_texture1" },
        "south": { "uv": [ 11.5, 15, 13.5, 15.5 ], "texture": "#wooden_sword_texture1" },
        "west":  { "uv": [ 11.5, 15, 12, 15.5 ], "texture": "#wooden_sword_texture1" },
        "east":  { "uv": [ 13, 15, 13.5, 15.5 ], "texture": "#wooden_sword_texture1" }
    }
},
{
    "__comment": "Pommel",
    "from": [ 7, 8.5, 14 ],
    "to": [ 9, 9, 14.5 ],
    "faces": {
        "down":  { "uv": [ 13.5, 14.5, 11.5, 14 ], "texture": "#wooden_sword_texture1" },
        "up":    { "uv": [ 11.5, 14, 13.5, 14.5 ], "texture": "#wooden_sword_texture1" },
        "north": { "uv": [ 11.5, 14, 13.5, 14.5 ], "texture": "#wooden_sword_texture1" },
        "south": { "uv": [ 11.5, 14, 13.5, 14.5 ], "texture": "#wooden_sword_texture1" },
        "west":  { "uv": [ 13, 14, 13.5, 14.5 ], "texture": "#wooden_sword_texture1" },
        "east":  { "uv": [ 11.5, 14, 12, 14.5 ], "texture": "#wooden_sword_texture1" }
    }
},
{
    "__comment": "Pommel",
    "from": [ 7.5, 8.5, 15.5 ],
    "to": [ 8.5, 9, 16 ],
    "faces": {
        "down":  { "uv": [ 13, 16, 12, 15.5 ], "texture": "#wooden_sword_texture1" },
        "up":    { "uv": [ 12, 15.5, 13, 16 ], "texture": "#wooden_sword_texture1" },
        "north": { "uv": [ 12, 15.5, 13, 16 ], "texture": "#wooden_sword_texture1" },
        "south": { "uv": [ 12, 15.5, 13, 16 ], "texture": "#wooden_sword_texture1" },
        "west":  { "uv": [ 12, 15.5, 12.5, 16 ], "texture": "#wooden_sword_texture1" },
        "east":  { "uv": [ 12.5, 15.5, 13, 16 ], "texture": "#wooden_sword_texture1" }
    }
},
{
    "__comment": "Pommel",
    "from": [ 7.5, 8.5, 13.5 ],
    "to": [ 8.5, 9, 14 ],
    "faces": {
        "down":  { "uv": [ 13, 14, 12, 13.5 ], "texture": "#wooden_sword_texture1" },
        "up":    { "uv": [ 12, 13.5, 13, 14 ], "texture": "#wooden_sword_texture1" },
        "north": { "uv": [ 12, 13.5, 13, 14 ], "texture": "#wooden_sword_texture1" },
        "south": { "uv": [ 12, 13.5, 13, 14 ], "texture": "#wooden_sword_texture1" },
        "west":  { "uv": [ 12, 13.5, 12.5, 14 ], "texture": "#wooden_sword_texture1" },
        "east":  { "uv": [ 12.5, 13.5, 13, 14 ], "texture": "#wooden_sword_texture1" }
    }
},
{
    "__comment": "Handle",
    "from": [ 7.5, 8.5, 9.5 ],
    "to": [ 8.5, 8.75, 13.5 ],
    "faces": {
        "down":  { "uv": [ 12, 9.5, 13, 13.5 ], "texture": "#wooden_sword_texture1" },
        "up":    { "uv": [ 12, 9.5, 13, 13.5 ], "texture": "#wooden_sword_texture1" },
        "north": { "uv": [ 12, 9.5, 13, 10 ], "texture": "#wooden_sword_texture1" },
        "south": { "uv": [ 12, 13, 13, 13.5 ], "texture": "#wooden_sword_texture1" },
        "west":  { "uv": [ 2.5, 12, 6.5, 12.5 ], "texture": "#wooden_sword_texture2" },
        "east":  { "uv": [ 2.5, 12.5, 6.5, 13 ], "texture": "#wooden_sword_texture2" }
    }
},
{
    "__comment": "Handle",
    "from": [ 7.5, 7.75, 9.5 ],
    "to": [ 8.5, 8, 13.5 ],
    "faces": {
        "down":  { "uv": [ 12, 9.5, 13, 13.5 ], "texture": "#wooden_sword_texture1" },
        "up":    { "uv": [ 12, 9.5, 13, 13.5 ], "texture": "#wooden_sword_texture1" },
        "north": { "uv": [ 12, 9.5, 13, 10 ], "texture": "#wooden_sword_texture1" },
        "south": { "uv": [ 12, 13, 13, 13.5 ], "texture": "#wooden_sword_texture1" },
        "west":  { "uv": [ 2.5, 12, 6.5, 12.5 ], "texture": "#wooden_sword_texture2" },
        "east":  { "uv": [ 2.5, 12.5, 6.5, 13 ], "texture": "#wooden_sword_texture2" }
    }
},
{
    "__comment": "Pommel",
    "from": [ 7, 8, 13.5 ],
    "to": [ 9, 8.5, 14 ],
    "faces": {
        "down":  { "uv": [ 11.5, 14, 13.5, 13.5 ], "texture": "#wooden_sword_texture1" },
        "up":    { "uv": [ 11.5, 13.5, 13.5, 14 ], "texture": "#wooden_sword_texture1" },
        "north": { "uv": [ 11.5, 13.5, 13.5, 14 ], "texture": "#wooden_sword_texture1" },
        "south": { "uv": [ 11.5, 13.5, 13.5, 14 ], "texture": "#wooden_sword_texture1" },
        "west":  { "uv": [ 12.5, 13.5, 13, 14 ], "texture": "#wooden_sword_texture1" },
        "east":  { "uv": [ 12, 13.5, 12.5, 14 ], "texture": "#wooden_sword_texture1" }
    }
},
{
    "__comment": "Pommel",
    "from": [ 7.5, 7.5, 13.5 ],
    "to": [ 8.5, 8, 14 ],
    "faces": {
        "down":  { "uv": [ 13, 14, 12, 13.5 ], "texture": "#wooden_sword_texture1" },
        "up":    { "uv": [ 12, 13.5, 13, 14 ], "texture": "#wooden_sword_texture1" },
        "north": { "uv": [ 12, 13.5, 13, 14 ], "texture": "#wooden_sword_texture1" },
        "south": { "uv": [ 12, 13.5, 13, 14 ], "texture": "#wooden_sword_texture1" },
        "west":  { "uv": [ 12, 13.5, 12.5, 14 ], "texture": "#wooden_sword_texture1" },
        "east":  { "uv": [ 12.5, 13.5, 13, 14 ], "texture": "#wooden_sword_texture1" }
    }
},
{
    "__comment": "Pommel",
    "from": [ 7, 7.5, 14 ],
    "to": [ 9, 8, 14.5 ],
    "faces": {
        "down":  { "uv": [ 13.5, 14.5, 11.5, 14 ], "texture": "#wooden_sword_texture1" },
        "up":    { "uv": [ 11.5, 14, 13.5, 14.5 ], "texture": "#wooden_sword_texture1" },
        "north": { "uv": [ 11.5, 14, 13.5, 14.5 ], "texture": "#wooden_sword_texture1" },
        "south": { "uv": [ 11.5, 14, 13.5, 14.5 ], "texture": "#wooden_sword_texture1" },
        "west":  { "uv": [ 13, 14, 13.5, 14.5 ], "texture": "#wooden_sword_texture1" },
        "east":  { "uv": [ 11.5, 14, 12, 14.5 ], "texture": "#wooden_sword_texture1" }
    }
},
{
    "__comment": "Pommel",
    "from": [ 6.5, 7.5, 14.5 ],
    "to": [ 9.5, 8, 15 ],
    "faces": {
        "down":  { "uv": [ 14, 15, 11, 14.5 ], "texture": "#wooden_sword_texture1" },
        "up":    { "uv": [ 11, 14.5, 14, 15 ], "texture": "#wooden_sword_texture1" },
        "north": { "uv": [ 11, 14.5, 14, 15 ], "texture": "#wooden_sword_texture1" },
        "south": { "uv": [ 11, 14.5, 14, 15 ], "texture": "#wooden_sword_texture1" },
        "west":  { "uv": [ 13.5, 14.5, 14, 15 ], "texture": "#wooden_sword_texture1" },
        "east":  { "uv": [ 11, 14.5, 11.5, 15 ], "texture": "#wooden_sword_texture1" }
    }
},
{
    "__comment": "Pommel",
    "from": [ 7, 7.5, 15 ],
    "to": [ 9, 8, 15.5 ],
    "faces": {
        "down":  { "uv": [ 13.5, 15.5, 11.5, 15 ], "texture": "#wooden_sword_texture1" },
        "up":    { "uv": [ 11.5, 15, 13.5, 15.5 ], "texture": "#wooden_sword_texture1" },
        "north": { "uv": [ 11.5, 15, 13.5, 15.5 ], "texture": "#wooden_sword_texture1" },
        "south": { "uv": [ 11.5, 15, 13.5, 15.5 ], "texture": "#wooden_sword_texture1" },
        "west":  { "uv": [ 11.5, 15, 12, 15.5 ], "texture": "#wooden_sword_texture1" },
        "east":  { "uv": [ 13, 15, 13.5, 15.5 ], "texture": "#wooden_sword_texture1" }
    }
},
{
    "__comment": "Pommel",
    "from": [ 7.5, 7.5, 15.5 ],
    "to": [ 8.5, 8, 16 ],
    "faces": {
        "down":  { "uv": [ 13, 16, 12, 15.5 ], "texture": "#wooden_sword_texture1" },
        "up":    { "uv": [ 12, 15.5, 13, 16 ], "texture": "#wooden_sword_texture1" },
        "north": { "uv": [ 12, 15.5, 13, 16 ], "texture": "#wooden_sword_texture1" },
        "south": { "uv": [ 12, 15.5, 13, 16 ], "texture": "#wooden_sword_texture1" },
        "west":  { "uv": [ 11.5, 15.5, 12, 16 ], "texture": "#wooden_sword_texture1" },
        "east":  { "uv": [ 12, 15.5, 12.5, 16 ], "texture": "#wooden_sword_texture1" }
    }
},
{
    "__comment": "Hilt",
    "from": [ 5.5, 7.5, 9 ],
    "to": [ 10.5, 9, 9.5 ],
    "faces": {
        "down":  { "uv": [ 9.5, 9, 15.5, 9.5 ], "texture": "#wooden_sword_texture1" },
        "up":    { "uv": [ 9.5, 9, 15.5, 9.5 ], "texture": "#wooden_sword_texture1" },
        "north": { "uv": [ 9.5, 8, 15.5, 9.5 ], "texture": "#wooden_sword_texture1" },
        "south": { "uv": [ 9.5, 8, 15.5, 9.5 ], "texture": "#wooden_sword_texture1" },
        "west":  { "uv": [ 9.5, 8, 10, 9.5 ], "texture": "#wooden_sword_texture1" },
        "east":  { "uv": [ 15, 8, 15.5, 9.5 ], "texture": "#wooden_sword_texture1" }
    }
},
{
    "__comment": "Hilt",
    "from": [ 5, 7.5, 8.5 ],
    "to": [ 11, 9, 9 ],
    "faces": {
        "down":  { "uv": [ 9, 8.5, 16, 9 ], "texture": "#wooden_sword_texture1" },
        "up":    { "uv": [ 9, 8.5, 16, 9 ], "texture": "#wooden_sword_texture1" },
        "north": { "uv": [ 9, 7.5, 16, 9 ], "texture": "#wooden_sword_texture1" },
        "south": { "uv": [ 9, 7.5, 16, 9 ], "texture": "#wooden_sword_texture1" },
        "west":  { "uv": [ 9.5, 8, 10, 9.5 ], "texture": "#wooden_sword_texture1" },
        "east":  { "uv": [ 15, 8, 15.5, 9.5 ], "texture": "#wooden_sword_texture1" }
    }
},
{
    "__comment": "Hilt",
    "from": [ 5, 7.5, 8 ],
    "to": [ 11, 9, 8.5 ],
    "faces": {
        "down":  { "uv": [ 9, 8, 16, 8.5 ], "texture": "#wooden_sword_texture1" },
        "up":    { "uv": [ 9, 8, 16, 8.5 ], "texture": "#wooden_sword_texture1" },
        "north": { "uv": [ 9, 7.5, 16, 9 ], "texture": "#wooden_sword_texture1" },
        "south": { "uv": [ 9, 7.5, 16, 9 ], "texture": "#wooden_sword_texture1" },
        "west":  { "uv": [ 9.5, 8, 10, 9.5 ], "texture": "#wooden_sword_texture1" },
        "east":  { "uv": [ 15, 8, 15.5, 9.5 ], "texture": "#wooden_sword_texture1" }
    }
},
{
    "__comment": "Blade",
    "from": [ 7.75, 8, -8 ],
    "to": [ 8.25, 8.5, 8 ],
    "faces": {
        "down":  { "uv": [ 2, 0, 2.5, 16 ], "texture": "#wooden_sword_texture1" },
        "up":    { "uv": [ 2, 0, 2.5, 16 ], "texture": "#wooden_sword_texture1" },
        "north": { "uv": [ 2, 0, 2.5, 0.5 ], "texture": "#wooden_sword_texture1" },
        "south": { "uv": [ 2, 15.5, 2.5, 16 ], "texture": "#wooden_sword_texture1" },
        "west":  { "uv": [ 0, 2, 16, 2.5 ], "texture": "#wooden_sword_texture2" },
        "east":  { "uv": [ 0, 2, 16, 2.5 ], "texture": "#wooden_sword_texture2" }
    }
},
{
    "__comment": "Blade",
    "from": [ 7.25, 8, -7 ],
    "to": [ 7.75, 8.5, 8 ],
    "faces": {
        "down":  { "uv": [ 1.5, 1, 2, 16 ], "texture": "#wooden_sword_texture1" },
        "up":    { "uv": [ 1.5, 1, 2, 16 ], "texture": "#wooden_sword_texture1" },
        "north": { "uv": [ 1.5, 1, 2, 1.5 ], "texture": "#wooden_sword_texture1" },
        "south": { "uv": [ 1.5, 15.5, 2, 16 ], "texture": "#wooden_sword_texture1" },
        "west":  { "uv": [ 0, 1.5, 15, 2 ], "texture": "#wooden_sword_texture2" },
        "east":  { "uv": [ 0, 1.5, 15, 2 ], "texture": "#wooden_sword_texture2" }
    }
},
{
    "__comment": "Blade",
    "from": [ 8.25, 8, -7 ],
    "to": [ 8.75, 8.5, 8 ],
    "faces": {
        "down":  { "uv": [ 2.5, 1, 3, 16 ], "texture": "#wooden_sword_texture1" },
        "up":    { "uv": [ 2.5, 1, 3, 16 ], "texture": "#wooden_sword_texture1" },
        "north": { "uv": [ 2.5, 1, 3, 1.5 ], "texture": "#wooden_sword_texture1" },
        "south": { "uv": [ 2.5, 15.5, 3, 16 ], "texture": "#wooden_sword_texture1" },
        "west":  { "uv": [ 0, 2.5, 15, 3 ], "texture": "#wooden_sword_texture2" },
        "east":  { "uv": [ 0, 2.5, 15, 3 ], "texture": "#wooden_sword_texture2" }
    }
},
{
    "__comment": "Blade",
    "from": [ 8.75, 8, -5.5 ],
    "to": [ 9.25, 8.5, 8 ],
    "faces": {
        "down":  { "uv": [ 3, 2.5, 3.5, 16 ], "texture": "#wooden_sword_texture1" },
        "up":    { "uv": [ 3, 2.5, 3.5, 16 ], "texture": "#wooden_sword_texture1" },
        "north": { "uv": [ 3, 2.5, 3.5, 3 ], "texture": "#wooden_sword_texture1" },
        "south": { "uv": [ 3, 15.5, 3.5, 16 ], "texture": "#wooden_sword_texture1" },
        "west":  { "uv": [ 0, 3, 13.5, 3.5 ], "texture": "#wooden_sword_texture2" },
        "east":  { "uv": [ 0, 3, 13.5, 3.5 ], "texture": "#wooden_sword_texture2" }
    }
},
{
    "__comment": "Blade",
    "from": [ 9.25, 8, -4 ],
    "to": [ 9.75, 8.5, 8 ],
    "faces": {
        "down":  { "uv": [ 3.5, 4, 4, 16 ], "texture": "#wooden_sword_texture1" },
        "up":    { "uv": [ 3.5, 4, 4, 16 ], "texture": "#wooden_sword_texture1" },
        "north": { "uv": [ 3.5, 4, 4, 4.5 ], "texture": "#wooden_sword_texture1" },
        "south": { "uv": [ 3.5, 15.5, 4, 16 ], "texture": "#wooden_sword_texture1" },
        "west":  { "uv": [ 0, 3.5, 12, 4 ], "texture": "#wooden_sword_texture2" },
        "east":  { "uv": [ 0, 3.5, 12, 4 ], "texture": "#wooden_sword_texture2" }
    }
},
{
    "__comment": "Blade",
    "from": [ 6.75, 8, -5.5 ],
    "to": [ 7.25, 8.5, 8 ],
    "faces": {
        "down":  { "uv": [ 1, 2.5, 1.5, 16 ], "texture": "#wooden_sword_texture1" },
        "up":    { "uv": [ 1, 2.5, 1.5, 16 ], "texture": "#wooden_sword_texture1" },
        "north": { "uv": [ 1, 2.5, 1.5, 3 ], "texture": "#wooden_sword_texture1" },
        "south": { "uv": [ 1, 15.5, 1.5, 16 ], "texture": "#wooden_sword_texture1" },
        "west":  { "uv": [ 0, 1, 13.5, 1.5 ], "texture": "#wooden_sword_texture2" },
        "east":  { "uv": [ 0, 1, 13.5, 1.5 ], "texture": "#wooden_sword_texture2" }
    }
},
{
    "__comment": "Blade",
    "from": [ 6.25, 8, -4 ],
    "to": [ 6.75, 8.5, 8 ],
    "faces": {
        "down":  { "uv": [ 0.5, 4, 1, 16 ], "texture": "#wooden_sword_texture1" },
        "up":    { "uv": [ 0.5, 4, 1, 16 ], "texture": "#wooden_sword_texture1" },
        "north": { "uv": [ 0.5, 4, 1, 4.5 ], "texture": "#wooden_sword_texture1" },
        "south": { "uv": [ 0.5, 15.5, 1, 16 ], "texture": "#wooden_sword_texture1" },
        "west":  { "uv": [ 0, 0.5, 12, 1 ], "texture": "#wooden_sword_texture2" },
        "east":  { "uv": [ 0, 0.5, 12, 1 ], "texture": "#wooden_sword_texture2" }
    }
},
{
    "__comment": "Blade 2",
    "from": [ 7.25, 8.5, -5 ],
    "to": [ 7.75, 8.75, 8 ],
    "faces": {
        "down":  { "uv": [ 2, 0, 2.5, 16 ], "texture": "#wooden_sword_texture1" },
        "up":    { "uv": [ 2, 0, 2.5, 16 ], "texture": "#wooden_sword_texture1" },
        "north": { "uv": [ 2, 0, 2.5, 0.5 ], "texture": "#wooden_sword_texture1" },
        "south": { "uv": [ 2, 15.5, 2.5, 16 ], "texture": "#wooden_sword_texture1" },
        "west":  { "uv": [ 0, 2, 16, 2.5 ], "texture": "#wooden_sword_texture2" },
        "east":  { "uv": [ 0, 2, 16, 2.5 ], "texture": "#wooden_sword_texture2" }
    }
},
{
    "__comment": "Blade 2",
    "from": [ 8.25, 8.5, -5 ],
    "to": [ 8.75, 8.75, 8 ],
    "faces": {
        "down":  { "uv": [ 2.5, 3, 3, 16 ], "texture": "#wooden_sword_texture1" },
        "up":    { "uv": [ 2.5, 3, 3, 16 ], "texture": "#wooden_sword_texture1" },
        "north": { "uv": [ 2.5, 3, 3, 3.5 ], "texture": "#wooden_sword_texture1" },
        "south": { "uv": [ 2.5, 15.5, 3, 16 ], "texture": "#wooden_sword_texture1" },
        "west":  { "uv": [ 0, 2.5, 13, 3 ], "texture": "#wooden_sword_texture2" },
        "east":  { "uv": [ 0, 2.5, 13, 3 ], "texture": "#wooden_sword_texture2" }
    }
},
{
    "__comment": "Blade 2",
    "from": [ 8.75, 8.5, -3.5 ],
    "to": [ 9.25, 8.75, 8 ],
    "faces": {
        "down":  { "uv": [ 3, 4.5, 3.5, 16 ], "texture": "#wooden_sword_texture1" },
        "up":    { "uv": [ 3, 4.5, 3.5, 16 ], "texture": "#wooden_sword_texture1" },
        "north": { "uv": [ 3, 4.5, 3.5, 5 ], "texture": "#wooden_sword_texture1" },
        "south": { "uv": [ 3, 15.5, 3.5, 16 ], "texture": "#wooden_sword_texture1" },
        "west":  { "uv": [ 0, 3, 11.5, 3.5 ], "texture": "#wooden_sword_texture2" },
        "east":  { "uv": [ 0, 3, 11.5, 3.5 ], "texture": "#wooden_sword_texture2" }
    }
},
{
    "__comment": "Blade 2",
    "from": [ 6.75, 8.5, -3.5 ],
    "to": [ 7.25, 8.75, 8 ],
    "faces": {
        "down":  { "uv": [ 1, 4.5, 1.5, 16 ], "texture": "#wooden_sword_texture1" },
        "up":    { "uv": [ 1, 4.5, 1.5, 16 ], "texture": "#wooden_sword_texture1" },
        "north": { "uv": [ 1, 4.5, 1.5, 5 ], "texture": "#wooden_sword_texture1" },
        "south": { "uv": [ 1, 15.5, 1.5, 16 ], "texture": "#wooden_sword_texture1" },
        "west":  { "uv": [ 0, 1, 11.5, 1.5 ], "texture": "#wooden_sword_texture2" },
        "east":  { "uv": [ 0, 1, 11.5, 1.5 ], "texture": "#wooden_sword_texture2" }
    }
},
{
    "__comment": "Blade 2",
    "from": [ 7.75, 8.5, -6.5 ],
    "to": [ 8.25, 8.75, -3 ],
    "faces": {
        "down":  { "uv": [ 2, 1.5, 2.5, 5 ], "texture": "#wooden_sword_texture1" },
        "up":    { "uv": [ 2, 1.5, 2.5, 5 ], "texture": "#wooden_sword_texture1" },
        "north": { "uv": [ 2, 1.5, 2.5, 2 ], "texture": "#wooden_sword_texture1" },
        "south": { "uv": [ 2, 4.5, 2.5, 5 ], "texture": "#wooden_sword_texture1" },
        "west":  { "uv": [ 11, 2, 14.5, 2.5 ], "texture": "#wooden_sword_texture2" },
        "east":  { "uv": [ 11, 2, 14.5, 2.5 ], "texture": "#wooden_sword_texture2" }
    }
},
{
    "__comment": "Blade 3",
    "from": [ 7.25, 7.75, -5 ],
    "to": [ 7.75, 8, 8 ],
    "faces": {
        "down":  { "uv": [ 1.5, 3, 2, 16 ], "texture": "#wooden_sword_texture1" },
        "up":    { "uv": [ 1.5, 3, 2, 16 ], "texture": "#wooden_sword_texture1" },
        "north": { "uv": [ 1.5, 3, 2, 3.5 ], "texture": "#wooden_sword_texture1" },
        "south": { "uv": [ 1.5, 15.5, 2, 16 ], "texture": "#wooden_sword_texture1" },
        "west":  { "uv": [ 0, 1.5, 13, 2 ], "texture": "#wooden_sword_texture2" },
        "east":  { "uv": [ 0, 2.5, 13, 3 ], "texture": "#wooden_sword_texture2" }
    }
},
{
    "__comment": "Blade 3",
    "from": [ 8.25, 7.75, -5 ],
    "to": [ 8.75, 8, 8 ],
    "faces": {
        "down":  { "uv": [ 2.5, 3, 3, 16 ], "texture": "#wooden_sword_texture1" },
        "up":    { "uv": [ 2.5, 3, 3, 16 ], "texture": "#wooden_sword_texture1" },
        "north": { "uv": [ 2.5, 3, 3, 3.5 ], "texture": "#wooden_sword_texture1" },
        "south": { "uv": [ 2.5, 15.5, 3, 16 ], "texture": "#wooden_sword_texture1" },
        "west":  { "uv": [ 0, 2.5, 13, 3 ], "texture": "#wooden_sword_texture2" },
        "east":  { "uv": [ 0, 2.5, 13, 3 ], "texture": "#wooden_sword_texture2" }
    }
},
{
    "__comment": "Blade 3",
    "from": [ 8.75, 7.75, -3.5 ],
    "to": [ 9.25, 8, 8 ],
    "faces": {
        "down":  { "uv": [ 3, 4.5, 3.5, 16 ], "texture": "#wooden_sword_texture1" },
        "up":    { "uv": [ 3, 4.5, 3.5, 16 ], "texture": "#wooden_sword_texture1" },
        "north": { "uv": [ 3, 4.5, 3.5, 5 ], "texture": "#wooden_sword_texture1" },
        "south": { "uv": [ 3, 15.5, 3.5, 16 ], "texture": "#wooden_sword_texture1" },
        "west":  { "uv": [ 0, 3, 11.5, 3.5 ], "texture": "#wooden_sword_texture2" },
        "east":  { "uv": [ 0, 3, 11.5, 3.5 ], "texture": "#wooden_sword_texture2" }
    }
},
{
    "__comment": "Blade 3",
    "from": [ 6.75, 7.75, -3.5 ],
    "to": [ 7.25, 8, 8 ],
    "faces": {
        "down":  { "uv": [ 1, 4.5, 1.5, 16 ], "texture": "#wooden_sword_texture1" },
        "up":    { "uv": [ 1, 4.5, 1.5, 16 ], "texture": "#wooden_sword_texture1" },
        "north": { "uv": [ 1, 4.5, 1.5, 5 ], "texture": "#wooden_sword_texture1" },
        "south": { "uv": [ 1, 15.5, 1.5, 16 ], "texture": "#wooden_sword_texture1" },
        "west":  { "uv": [ 0, 1, 11.5, 1.5 ], "texture": "#wooden_sword_texture2" },
        "east":  { "uv": [ 0, 1, 11.5, 1.5 ], "texture": "#wooden_sword_texture2" }
    }
},
{
    "__comment": "Blade 3",
    "from": [ 7.75, 7.75, -6.5 ],
    "to": [ 8.25, 8, -3 ],
    "faces": {
        "down":  { "uv": [ 2, 1.5, 2.5, 5 ], "texture": "#wooden_sword_texture1" },
        "up":    { "uv": [ 2, 1.5, 2.5, 5 ], "texture": "#wooden_sword_texture1" },
        "north": { "uv": [ 2, 1.5, 2.5, 2 ], "texture": "#wooden_sword_texture1" },
        "south": { "uv": [ 2, 4.5, 2.5, 5 ], "texture": "#wooden_sword_texture1" },
        "west":  { "uv": [ 11, 2, 14.5, 2.5 ], "texture": "#wooden_sword_texture2" },
        "east":  { "uv": [ 11, 2, 14.5, 2.5 ], "texture": "#wooden_sword_texture2" }
    }
}
],
"display": {
    "thirdperson_righthand": {
        "rotation": [ 90, 0, 90 ],
        "translation": [ 0, 1.5, 1.7 ],
        "scale": [ 1, 1, 1 ]
    },
    "thirdperson_lefthand": {
        "rotation": [ 90, 0, 90 ],
        "translation": [ 0, 1.5, 1.7 ],
        "scale": [ 1, 1, 1 ]
    },
    "ground": {
        "rotation": [ 0, 0, 0 ],
        "translation": [ 0, 0, 0 ],
        "scale": [ 0.7, 0.7, 0.7 ]
    },
    "fixed": {
        "rotation": [ 90, 0, 0 ],
        "translation": [ 0, -4, -0.5 ],
        "scale": [ 1, 1, 1 ]
    },
    "firstperson_righthand": {
        "rotation": [ 90, -10, 90 ],
        "translation": [ 0, 2, -0.7 ],
        "scale": [ 0.9, 0.9, 0.9 ]
    },
    "firstperson_lefthand": {
        "rotation": [ 90, -10, 90 ],
        "translation": [ 0, 2, -0.7 ],
        "scale": [ 0.9, 0.9, 0.9 ]
    },
    "gui": {
        "rotation": [ 90, -45, 0 ],
        "translation": [ -2.5, -2.5, 0 ],
        "scale": [ 0.9, 0.9, 0.9 ]
    }
}
}