{
    "parent": "block/block",
    "__createdwith": "opl's Model Creator",
    "ambientocclusion": false,
    "textures": {
        "0": "3d/books",
        "particle": "blocks/planks_oak"
    },
    "elements": [
        {
            "from": [2,0,0],
            "to": [8,2,10],
            "faces": {
                "up": {
                    "uv": [0,12,5,15],
                    "texture": "#0",
                    "rotation": 90
                },
                "down": {
                    "uv": [5,12,0,15],
                    "texture": "#0",
                    "rotation": 90
                },
                "west": {
                    "uv": [0,15,5,16],
                    "texture": "#0"
                },
                "east": {
                    "uv": [0,11,5,12],
                    "texture": "#0"
                },
                "north": {
                    "uv": [15,12,16,15],
                    "texture": "#0",
                    "rotation": 90
                },
                "south": {
                    "uv": [15,12,16,15],
                    "texture": "#0",
                    "rotation": 90
                }
            }
        },
        {
            "from": [1.75,2,-0.5],
            "to": [7.75,4,9.5],
            "faces": {
                "up": {
                    "uv": [0,2,5,5],
                    "texture": "#0",
                    "rotation": 90
                },
                "down": {
                    "uv": [5,2,0,5],
                    "texture": "#0",
                    "rotation": 90
                },
                "west": {
                    "uv": [0,5,5,6],
                    "texture": "#0"
                },
                "east": {
                    "uv": [0,1,5,2],
                    "texture": "#0"
                },
                "north": {
                    "uv": [15,1,16,4],
                    "texture": "#0",
                    "rotation": 90
                },
                "south": {
                    "uv": [15,9,16,12],
                    "texture": "#0",
                    "rotation": 90
                }
            }
        },
        {
            "from": [2.25,6,5.25],
            "to": [8.25,8,15.25],
            "faces": {
                "up": {
                    "uv": [10,15,5,12],
                    "texture": "#0",
                    "rotation": 90
                },
                "down": {
                    "uv": [5,15,10,12],
                    "texture": "#0",
                    "rotation": 90
                },
                "west": {
                    "uv": [5,11,10,12],
                    "texture": "#0"
                },
                "east": {
                    "uv": [5,15,10,16],
                    "texture": "#0"
                },
                "north": {
                    "uv": [15,13,16,16],
                    "texture": "#0",
                    "rotation": 90
                },
                "south": {
                    "uv": [15,11,16,14],
                    "texture": "#0",
                    "rotation": 90
                }
            }
        },
        {
            "from": [10,0,3],
            "to": [16,2,13],
            "faces": {
                "up": {
                    "uv": [5,7,10,10],
                    "texture": "#0",
                    "rotation": 90
                },
                "down": {
                    "uv": [10,7,5,10],
                    "texture": "#0",
                    "rotation": 90
                },
                "west": {
                    "uv": [5,10,10,11],
                    "texture": "#0"
                },
                "east": {
                    "uv": [5,6,10,7],
                    "texture": "#0"
                },
                "north": {
                    "uv": [15,3.5,16,6.5],
                    "texture": "#0",
                    "rotation": 90
                },
                "south": {
                    "uv": [15,13,16,16],
                    "texture": "#0",
                    "rotation": 90
                }
            }
        },
        {
            "from": [10.25,2,2],
            "to": [16.25,4,12],
            "faces": {
                "up": {
                    "uv": [0,7,5,10],
                    "texture": "#0",
                    "rotation": 90
                },
                "down": {
                    "uv": [5,7,0,10],
                    "texture": "#0",
                    "rotation": 90
                },
                "west": {
                    "uv": [0,10,5,11],
                    "texture": "#0"
                },
                "east": {
                    "uv": [0,6,5,7],
                    "texture": "#0"
                },
                "north": {
                    "uv": [15,5.5,16,8.5],
                    "texture": "#0",
                    "rotation": 90
                },
                "south": {
                    "uv": [15,9,16,12],
                    "texture": "#0",
                    "rotation": 90
                }
            }
        },
        {
            "from": [10,4,3],
            "to": [16,6,13],
            "faces": {
                "up": {
                    "uv": [15,10,10,7],
                    "texture": "#0",
                    "rotation": 90
                },
                "down": {
                    "uv": [5,15,10,12],
                    "texture": "#0",
                    "rotation": 90
                },
                "west": {
                    "uv": [10,6,15,7],
                    "texture": "#0"
                },
                "east": {
                    "uv": [10,10,15,11],
                    "texture": "#0"
                },
                "north": {
                    "uv": [15,11,16,14],
                    "texture": "#0",
                    "rotation": 90
                },
                "south": {
                    "uv": [15,7,16,10],
                    "texture": "#0",
                    "rotation": 90
                }
            }
        },
        {
            "from": [0,0,10],
            "to": [10,2,16],
            "faces": {
                "up": {
                    "uv": [5,5,0,2],
                    "texture": "#0"
                },
                "down": {
                    "uv": [5,2,0,5],
                    "texture": "#0"
                },
                "west": {
                    "uv": [15,10.5,16,13.5],
                    "texture": "#0",
                    "rotation": 90
                },
                "east": {
                    "uv": [0,1,3,2],
                    "texture": "#0"
                },
                "north": {
                    "uv": [0,5,5,6],
                    "texture": "#0"
                },
                "south": {
                    "uv": [0,1,5,2],
                    "texture": "#0"
                }
            }
        },
        {
            "from": [0.5,2,10.25],
            "to": [10.5,4,16.25],
            "faces": {
                "up": {
                    "uv": [5,7,10,10],
                    "texture": "#0"
                },
                "down": {
                    "uv": [5,10,10,7],
                    "texture": "#0"
                },
                "west": {
                    "uv": [15,3,16,6],
                    "texture": "#0",
                    "rotation": 90
                },
                "east": {
                    "uv": [5,6,8,7],
                    "texture": "#0"
                },
                "north": {
                    "uv": [5,6,10,7],
                    "texture": "#0"
                },
                "south": {
                    "uv": [5,10,10,11],
                    "texture": "#0"
                }
            }
        },
        {
            "from": [0.25,4,10],
            "to": [10.25,6,16],
            "faces": {
                "up": {
                    "uv": [5,15,0,12],
                    "texture": "#0"
                },
                "down": {
                    "uv": [5,12,0,15],
                    "texture": "#0"
                },
                "west": {
                    "uv": [15,13,16,16],
                    "texture": "#0",
                    "rotation": 90
                },
                "east": {
                    "uv": [0,6,3,7],
                    "texture": "#0"
                },
                "north": {
                    "uv": [0,15,5,16],
                    "texture": "#0"
                },
                "south": {
                    "uv": [0,11,5,12],
                    "texture": "#0"
                }
            }
        },
        {
            "from": [9.25,6,3.5],
            "to": [15.25,8,13.5],
            "faces": {
                "up": {
                    "uv": [15,15,10,12],
                    "texture": "#0",
                    "rotation": 90
                },
                "down": {
                    "uv": [10,15,15,12],
                    "texture": "#0",
                    "rotation": 90
                },
                "west": {
                    "uv": [10,11,15,12],
                    "texture": "#0"
                },
                "east": {
                    "uv": [10,15,15,16],
                    "texture": "#0"
                },
                "north": {
                    "uv": [15,9,16,12],
                    "texture": "#0",
                    "rotation": 90
                },
                "south": {
                    "uv": [15,1,16,4],
                    "texture": "#0",
                    "rotation": 90
                }
            }
        },
        {
            "from": [1.25,4,-0.25],
            "to": [7.25,6,9.75],
            "faces": {
                "up": {
                    "uv": [0,7,5,10],
                    "texture": "#0",
                    "rotation": 90
                },
                "down": {
                    "uv": [5,7,0,10],
                    "texture": "#0",
                    "rotation": 90
                },
                "west": {
                    "uv": [0,10,5,11],
                    "texture": "#0"
                },
                "east": {
                    "uv": [0,6,5,7],
                    "texture": "#0"
                },
                "north": {
                    "uv": [15,5.5,16,8.5],
                    "texture": "#0",
                    "rotation": 90
                },
                "south": {
                    "uv": [15,9,16,12],
                    "texture": "#0",
                    "rotation": 90
                }
            }
        }
    ]
}