{
"__comment": "Designed by Flashtt with BDcraft Cubik PRO 0.96 Beta - http://bdcraft.net",
"textures": {
    "baise": "blocks/glass_blue",
    "zongse": "blocks/log_oak"
},
"elements": [ 
{
    "from": [ 6, 15, 3 ],
    "to": [ 9, 16, 10 ],
    "faces": {
        "down":  { "uv": [ 10, 10, 7, 3 ], "texture": "#baise" },
        "up":    { "uv": [ 6, 3, 9, 10 ], "texture": "#baise" },
        "north": { "uv": [ 7, 0, 10, 1 ], "texture": "#baise" },
        "south": { "uv": [ 6, 0, 9, 1 ], "texture": "#baise" },
        "west":  { "uv": [ 3, 0, 10, 1 ], "texture": "#baise" },
        "east":  { "uv": [ 6, 0, 13, 1 ], "texture": "#baise" }
    }
},
{
    "from": [ 7, 14.5, 1 ],
    "to": [ 8, 15.5, 10 ],
    "faces": {
        "down":  { "uv": [ 9, 10, 8, 1 ], "texture": "#baise" },
        "up":    { "uv": [ 7, 1, 8, 10 ], "texture": "#baise" },
        "north": { "uv": [ 8, 0.5, 9, 1.5 ], "texture": "#baise" },
        "south": { "uv": [ 7, 0.5, 8, 1.5 ], "texture": "#baise" },
        "west":  { "uv": [ 1, 0.5, 10, 1.5 ], "texture": "#baise" },
        "east":  { "uv": [ 6, 0.5, 15, 1.5 ], "texture": "#baise" }
    }
},
{
    "from": [ 7, 15.5, 1 ],
    "to": [ 8, 16.5, 10 ],
    "faces": {
        "down":  { "uv": [ 9, 10, 8, 1 ], "texture": "#baise" },
        "up":    { "uv": [ 7, 1, 8, 10 ], "texture": "#baise" },
        "north": { "uv": [ 8, 0, 9, 0.5 ], "texture": "#baise" },
        "south": { "uv": [ 7, 0, 8, 0.5 ], "texture": "#baise" },
        "west":  { "uv": [ 1, 0, 10, 0.5 ], "texture": "#baise" },
        "east":  { "uv": [ 6, 0, 15, 0.5 ], "texture": "#baise" }
    }
},
{
    "from": [ 6.5, 15, 1.5 ],
    "to": [ 7.5, 16, 2.5 ],
    "faces": {
        "down":  { "uv": [ 9.5, 2.5, 8.5, 1.5 ], "texture": "#baise" },
        "up":    { "uv": [ 6.5, 1.5, 7.5, 2.5 ], "texture": "#baise" },
        "north": { "uv": [ 8.5, 0, 9.5, 1 ], "texture": "#baise" },
        "south": { "uv": [ 6.5, 0, 7.5, 1 ], "texture": "#baise" },
        "west":  { "uv": [ 1.5, 0, 2.5, 1 ], "texture": "#baise" },
        "east":  { "uv": [ 13.5, 0, 14.5, 1 ], "texture": "#baise" }
    }
},
{
    "from": [ 7.5, 15, 2 ],
    "to": [ 8.5, 16, 3 ],
    "faces": {
        "down":  { "uv": [ 8.5, 3, 7.5, 2 ], "texture": "#baise" },
        "up":    { "uv": [ 7.5, 2, 8.5, 3 ], "texture": "#baise" },
        "north": { "uv": [ 7.5, 0, 8.5, 1 ], "texture": "#baise" },
        "south": { "uv": [ 7.5, 0, 8.5, 1 ], "texture": "#baise" },
        "west":  { "uv": [ 2, 0, 3, 1 ], "texture": "#baise" },
        "east":  { "uv": [ 13, 0, 14, 1 ], "texture": "#baise" }
    }
},
{
    "from": [ 6.5, 15, 2 ],
    "to": [ 7.5, 16, 3 ],
    "faces": {
        "down":  { "uv": [ 9.5, 3, 8.5, 2 ], "texture": "#baise" },
        "up":    { "uv": [ 6.5, 2, 7.5, 3 ], "texture": "#baise" },
        "north": { "uv": [ 8.5, 0, 9.5, 1 ], "texture": "#baise" },
        "south": { "uv": [ 6.5, 0, 7.5, 1 ], "texture": "#baise" },
        "west":  { "uv": [ 2, 0, 3, 1 ], "texture": "#baise" },
        "east":  { "uv": [ 13, 0, 14, 1 ], "texture": "#baise" }
    }
},
{
    "from": [ 7.5, 15, 1.5 ],
    "to": [ 8.5, 16, 2.5 ],
    "faces": {
        "down":  { "uv": [ 8.5, 2.5, 7.5, 1.5 ], "texture": "#baise" },
        "up":    { "uv": [ 7.5, 1.5, 8.5, 2.5 ], "texture": "#baise" },
        "north": { "uv": [ 7.5, 0, 8.5, 1 ], "texture": "#baise" },
        "south": { "uv": [ 7.5, 0, 8.5, 1 ], "texture": "#baise" },
        "west":  { "uv": [ 1.5, 0, 2.5, 1 ], "texture": "#baise" },
        "east":  { "uv": [ 13.5, 0, 14.5, 1 ], "texture": "#baise" }
    }
},
{
    "from": [ 5, 15, 10 ],
    "to": [ 10, 16, 11 ],
    "faces": {
        "down":  { "uv": [ 11, 11, 6, 10 ], "texture": "#zongse" },
        "up":    { "uv": [ 5, 10, 10, 11 ], "texture": "#zongse" },
        "north": { "uv": [ 6, 0, 11, 1 ], "texture": "#zongse" },
        "south": { "uv": [ 5, 0, 10, 1 ], "texture": "#zongse" },
        "west":  { "uv": [ 10, 0, 11, 1 ], "texture": "#zongse" },
        "east":  { "uv": [ 5, 0, 6, 1 ], "texture": "#zongse" }
    }
},
{
    "from": [ 6.5, 15, 11 ],
    "to": [ 8.5, 16, 15 ],
    "faces": {
        "down":  { "uv": [ 9.5, 15, 7.5, 11 ], "texture": "#zongse" },
        "up":    { "uv": [ 6.5, 11, 8.5, 15 ], "texture": "#zongse" },
        "north": { "uv": [ 7.5, 0, 9.5, 1 ], "texture": "#zongse" },
        "south": { "uv": [ 6.5, 0, 8.5, 1 ], "texture": "#zongse" },
        "west":  { "uv": [ 11, 0, 15, 1 ], "texture": "#zongse" },
        "east":  { "uv": [ 1, 0, 5, 1 ], "texture": "#zongse" }
    }
},
{
    "from": [ 6, 14.5, 10 ],
    "to": [ 9, 15.5, 11 ],
    "faces": {
        "down":  { "uv": [ 10, 11, 7, 10 ], "texture": "#zongse" },
        "up":    { "uv": [ 6, 10, 9, 11 ], "texture": "#zongse" },
        "north": { "uv": [ 7, 0.5, 10, 1.5 ], "texture": "#zongse" },
        "south": { "uv": [ 6, 0.5, 9, 1.5 ], "texture": "#zongse" },
        "west":  { "uv": [ 10, 0.5, 11, 1.5 ], "texture": "#zongse" },
        "east":  { "uv": [ 5, 0.5, 6, 1.5 ], "texture": "#zongse" }
    }
},
{
    "from": [ 6, 15.5, 10 ],
    "to": [ 9, 16.5, 11 ],
    "faces": {
        "down":  { "uv": [ 10, 11, 7, 10 ], "texture": "#zongse" },
        "up":    { "uv": [ 6, 10, 9, 11 ], "texture": "#zongse" },
        "north": { "uv": [ 7, 0, 10, 0.5 ], "texture": "#zongse" },
        "south": { "uv": [ 6, 0, 9, 0.5 ], "texture": "#zongse" },
        "west":  { "uv": [ 10, 0, 11, 0.5 ], "texture": "#zongse" },
        "east":  { "uv": [ 5, 0, 6, 0.5 ], "texture": "#zongse" }
    }
}
],
"display": {
    "thirdperson_righthand": {
        "rotation": [ 74, 0, 101 ],
        "translation": [ 8.31, 8.13, 3.02 ],
        "scale": [ 1, 1.07, 2.02 ]
    },
    "thirdperson_lefthand": {
        "rotation": [ 156, 153, 1 ],
        "translation": [ -5.67, -0.38, 4.91 ],
        "scale": [ 1, 1, 1.6 ]
    },
    "ground": {
        "rotation": [ 88, 0, 0 ],
        "translation": [ 0, 0, 0 ],
        "scale": [ 1, 1, 2.02 ]
    },
    "fixed": {
        "rotation": [ 88, 1, 0 ],
        "translation": [ 0, 0, -4.35 ],
        "scale": [ 1, 1, 2.02 ]
    },
    "firstperson_righthand": {
        "rotation": [ 0, 0, 92 ],
        "translation": [ 3.21, 3.78, 0 ],
        "scale": [ 1, 1, 2.02 ]
    },
    "firstperson_lefthand": {
        "rotation": [ 180, 0, 0 ],
        "translation": [ 0, 0, 0 ],
        "scale": [ 1, 1, 1 ]
    },
    "gui": {
        "rotation": [ 156, 14, 0 ],
        "translation": [ 0, -0.19, 0 ],
        "scale": [ 1, 0, 4 ]
    }
}
}