{
"__comment": "Designed by Glitcherdotbe with BDcraft Cubik PRO 0.95 Beta - http://bdcraft.net",
"textures": {
    "particle": "3D/mufu1",
    "texture1": "3D/mufu1",
    "texture2": "3D/mufu2"
},
"elements": [ 
{
    "__comment": "Handle",
    "from": [ 7, 8, 8 ],
    "to": [ 9, 8.5, 13 ],
    "faces": {
        "down":  { "uv": [ 7, 8, 9, 14 ], "texture": "#texture1" },
        "up":    { "uv": [ 7, 8, 9, 14 ], "texture": "#texture1" },
        "north": { "uv": [ 7, 8, 9, 8.5 ], "texture": "#texture1" },
        "south": { "uv": [ 7, 15.5, 9, 16 ], "texture": "#texture1" },
        "west":  { "uv": [ 0, 7, 6, 7.5 ], "texture": "#texture2" },
        "east":  { "uv": [ 0, 8.5, 6, 9 ], "texture": "#texture2" }
    }
},
{
    "__comment": "Handle",
    "from": [ 7.5, 8.5, 8 ],
    "to": [ 8.5, 8.75, 13 ],
    "faces": {
        "down":  { "uv": [ 7.5, 8, 8.5, 14 ], "texture": "#texture1" },
        "up":    { "uv": [ 7.5, 8, 8.5, 14 ], "texture": "#texture1" },
        "north": { "uv": [ 7.5, 8, 8.5, 8.5 ], "texture": "#texture1" },
        "south": { "uv": [ 7.5, 15.5, 8.5, 16 ], "texture": "#texture1" },
        "west":  { "uv": [ 0, 8, 6, 8.5 ], "texture": "#texture2" },
        "east":  { "uv": [ 0, 8, 6, 8.5 ], "texture": "#texture2" }
    }
},
{
    "__comment": "Handle",
    "from": [ 7.5, 8.5, 0 ],
    "to": [ 8.5, 8.75, 8 ],
    "faces": {
        "down":  { "uv": [ 7.5, 8, 8.5, 16 ], "texture": "#texture1" },
        "up":    { "uv": [ 7.5, 8, 8.5, 16 ], "texture": "#texture1" },
        "north": { "uv": [ 7.5, 8, 8.5, 8.5 ], "texture": "#texture1" },
        "south": { "uv": [ 7.5, 15.5, 8.5, 16 ], "texture": "#texture1" },
        "west":  { "uv": [ 0, 8, 8, 8.5 ], "texture": "#texture2" },
        "east":  { "uv": [ 0, 8, 8, 8.5 ], "texture": "#texture2" }
    }
},
{
    "__comment": "Handle",
    "from": [ 7, 8, 0 ],
    "to": [ 9, 8.5, 8 ],
    "faces": {
        "down":  { "uv": [ 7, 8, 9, 16 ], "texture": "#texture1" },
        "up":    { "uv": [ 7, 8, 9, 16 ], "texture": "#texture1" },
        "north": { "uv": [ 7, 8, 9, 8.5 ], "texture": "#texture1" },
        "south": { "uv": [ 7, 15.5, 9, 16 ], "texture": "#texture1" },
        "west":  { "uv": [ 0, 7, 8, 7.5 ], "texture": "#texture2" },
        "east":  { "uv": [ 0, 8.5, 8, 9 ], "texture": "#texture2" }
    }
},
{
    "__comment": "Handle",
    "from": [ 7.5, 7.75, 8 ],
    "to": [ 8.5, 8, 13 ],
    "faces": {
        "down":  { "uv": [ 7.5, 8, 8.5, 14 ], "texture": "#texture1" },
        "up":    { "uv": [ 7.5, 8, 8.5, 14 ], "texture": "#texture1" },
        "north": { "uv": [ 7.5, 8, 8.5, 8.5 ], "texture": "#texture1" },
        "south": { "uv": [ 7.5, 15.5, 8.5, 16 ], "texture": "#texture1" },
        "west":  { "uv": [ 0, 8, 6, 8.5 ], "texture": "#texture2" },
        "east":  { "uv": [ 0, 8, 6, 8.5 ], "texture": "#texture2" }
    }
},
{
    "__comment": "Handle",
    "from": [ 7.5, 7.75, 0 ],
    "to": [ 8.5, 8, 8 ],
    "faces": {
        "down":  { "uv": [ 7.5, 8, 8.5, 16 ], "texture": "#texture1" },
        "up":    { "uv": [ 7.5, 8, 8.5, 16 ], "texture": "#texture1" },
        "north": { "uv": [ 7.5, 8, 8.5, 8.5 ], "texture": "#texture1" },
        "south": { "uv": [ 7.5, 15.5, 8.5, 16 ], "texture": "#texture1" },
        "west":  { "uv": [ 0, 8, 8, 8.5 ], "texture": "#texture2" },
        "east":  { "uv": [ 0, 8, 8, 8.5 ], "texture": "#texture2" }
    }
},
{
    "__comment": "Blade",
    "from": [ 10, 8, -1 ],
    "to": [ 10.5, 8.5, 1 ],
    "faces": {
        "down":  { "uv": [ 10.5, 3, 10, 1 ], "texture": "#texture1" },
        "up":    { "uv": [ 10, 1, 10.5, 3 ], "texture": "#texture1" },
        "north": { "uv": [ 10, 1, 10.5, 2.5 ], "texture": "#texture1" },
        "south": { "uv": [ 10, 1.5, 10.5, 3 ], "texture": "#texture1" },
        "west":  { "uv": [ 13, 9, 15, 10.5 ], "texture": "#texture2" },
        "east":  { "uv": [ 13, 9, 15, 10.5 ], "texture": "#texture2" }
    }
},
{
    "__comment": "Blade",
    "from": [ 9.5, 7.75, -1.5 ],
    "to": [ 10, 8.75, 1.5 ],
    "faces": {
        "down":  { "uv": [ 9.5, 3.5, 10, 0.5 ], "texture": "#texture1" },
        "up":    { "uv": [ 9.5, 0.5, 10, 3.5 ], "texture": "#texture1" },
        "north": { "uv": [ 9.5, 0.5, 10, 2 ], "texture": "#texture1" },
        "south": { "uv": [ 9.5, 2, 10, 3.5 ], "texture": "#texture1" },
        "west":  { "uv": [ 12.5, 8.5, 15.5, 10 ], "texture": "#texture2" },
        "east":  { "uv": [ 12.5, 8.5, 15.5, 10 ], "texture": "#texture2" }
    }
},
{
    "__comment": "Blade",
    "from": [ 6.5, 7.5, -2 ],
    "to": [ 9.5, 9, 2 ],
    "faces": {
        "down":  { "uv": [ 6.5, 4, 9.5, 0 ], "texture": "#texture1" },
        "up":    { "uv": [ 6.5, 0, 9.5, 4 ], "texture": "#texture1" },
        "north": { "uv": [ 6.5, 0, 9.5, 1.5 ], "texture": "#texture1" },
        "south": { "uv": [ 6.5, 2.5, 9.5, 4 ], "texture": "#texture1" },
        "west":  { "uv": [ 12, 6.5, 16, 8 ], "texture": "#texture2" },
        "east":  { "uv": [ 12, 8, 16, 9.5 ], "texture": "#texture2" }
    }
},
{
    "__comment": "Blade",
    "from": [ 5, 7.5, -1.5 ],
    "to": [ 6.5, 9, 2.5 ],
    "faces": {
        "down":  { "uv": [ 5, 4.5, 6.5, 0.5 ], "texture": "#texture1" },
        "up":    { "uv": [ 5, 0.5, 6.5, 4.5 ], "texture": "#texture1" },
        "north": { "uv": [ 5, 0.5, 6.5, 2 ], "texture": "#texture1" },
        "south": { "uv": [ 5, 3, 6.5, 4.5 ], "texture": "#texture1" },
        "west":  { "uv": [ 11.5, 5, 15.5, 6.5 ], "texture": "#texture2" },
        "east":  { "uv": [ 11.5, 5, 15.5, 6.5 ], "texture": "#texture2" }
    }
},
{
    "__comment": "Blade",
    "from": [ 4.5, 7.75, -1.5 ],
    "to": [ 5, 8.75, 3 ],
    "faces": {
        "down":  { "uv": [ 4.5, 5, 5, 0.5 ], "texture": "#texture1" },
        "up":    { "uv": [ 4.5, 0.5, 5, 5 ], "texture": "#texture1" },
        "north": { "uv": [ 4.5, 0.5, 5, 1.5 ], "texture": "#texture1" },
        "south": { "uv": [ 4.5, 4, 5, 5 ], "texture": "#texture1" },
        "west":  { "uv": [ 11, 4.5, 15.5, 5 ], "texture": "#texture2" },
        "east":  { "uv": [ 11, 4.5, 15.5, 5 ], "texture": "#texture2" }
    }
},
{
    "__comment": "Blade",
    "from": [ 4, 7.75, -1 ],
    "to": [ 4.5, 8.75, 3 ],
    "faces": {
        "down":  { "uv": [ 4, 5, 4.5, 1 ], "texture": "#texture1" },
        "up":    { "uv": [ 4, 1, 4.5, 5 ], "texture": "#texture1" },
        "north": { "uv": [ 4, 1, 4.5, 2 ], "texture": "#texture1" },
        "south": { "uv": [ 4, 4, 4.5, 5 ], "texture": "#texture1" },
        "west":  { "uv": [ 11, 4, 15, 4.5 ], "texture": "#texture2" },
        "east":  { "uv": [ 11, 4, 15, 4.5 ], "texture": "#texture2" }
    }
},
{
    "__comment": "Blade",
    "from": [ 3.5, 7.75, -1 ],
    "to": [ 4, 8.75, 3.5 ],
    "faces": {
        "down":  { "uv": [ 3.5, 5.5, 4, 1 ], "texture": "#texture1" },
        "up":    { "uv": [ 3.5, 1, 4, 5.5 ], "texture": "#texture1" },
        "north": { "uv": [ 3.5, 1, 4, 2 ], "texture": "#texture1" },
        "south": { "uv": [ 3.5, 4.5, 4, 5.5 ], "texture": "#texture1" },
        "west":  { "uv": [ 10.5, 3.5, 15, 4 ], "texture": "#texture2" },
        "east":  { "uv": [ 10.5, 3.5, 15, 4 ], "texture": "#texture2" }
    }
},
{
    "__comment": "Blade",
    "from": [ 3, 7.75, -1 ],
    "to": [ 3.5, 8.75, 4 ],
    "faces": {
        "down":  { "uv": [ 3, 6, 3.5, 1 ], "texture": "#texture1" },
        "up":    { "uv": [ 3, 1, 3.5, 6 ], "texture": "#texture1" },
        "north": { "uv": [ 3, 1, 3.5, 2 ], "texture": "#texture1" },
        "south": { "uv": [ 3, 5, 3.5, 6 ], "texture": "#texture1" },
        "west":  { "uv": [ 10, 3, 15, 3.5 ], "texture": "#texture2" },
        "east":  { "uv": [ 10, 3, 15, 3.5 ], "texture": "#texture2" }
    }
},
{
    "__comment": "Blade",
    "from": [ 2.5, 8, -1 ],
    "to": [ 3, 8.5, 5 ],
    "faces": {
        "down":  { "uv": [ 3, 6, 3.5, 1 ], "texture": "#texture1" },
        "up":    { "uv": [ 3, 1, 3.5, 6 ], "texture": "#texture1" },
        "north": { "uv": [ 3, 1, 3.5, 2 ], "texture": "#texture1" },
        "south": { "uv": [ 3, 5, 3.5, 6 ], "texture": "#texture1" },
        "west":  { "uv": [ 10, 3, 15, 3.5 ], "texture": "#texture2" },
        "east":  { "uv": [ 10, 3, 15, 3.5 ], "texture": "#texture2" }
    }
},
{
    "__comment": "Blade",
    "from": [ 1.5, 8, -0.5 ],
    "to": [ 2.5, 8.5, 5 ],
    "faces": {
        "down":  { "uv": [ 1.5, 7, 2.5, 1.5 ], "texture": "#texture1" },
        "up":    { "uv": [ 1.5, 1.5, 2.5, 7 ], "texture": "#texture1" },
        "north": { "uv": [ 1.5, 1.5, 2.5, 2 ], "texture": "#texture1" },
        "south": { "uv": [ 1.5, 6.5, 2.5, 7 ], "texture": "#texture1" },
        "west":  { "uv": [ 9, 2, 14.5, 2.5 ], "texture": "#texture2" },
        "east":  { "uv": [ 9, 2, 14.5, 2.5 ], "texture": "#texture2" }
    }
},
{
    "__comment": "Blade",
    "from": [ 1, 8, -0.5 ],
    "to": [ 1.5, 8.5, 4.5 ],
    "faces": {
        "down":  { "uv": [ 1, 6.5, 1.5, 1.5 ], "texture": "#texture1" },
        "up":    { "uv": [ 1, 1.5, 1.5, 6.5 ], "texture": "#texture1" },
        "north": { "uv": [ 1, 1.5, 1.5, 2 ], "texture": "#texture1" },
        "south": { "uv": [ 1, 6, 1.5, 6.5 ], "texture": "#texture1" },
        "west":  { "uv": [ 9.5, 1, 14.5, 1.5 ], "texture": "#texture2" },
        "east":  { "uv": [ 9.5, 1, 14.5, 1.5 ], "texture": "#texture2" }
    }
},
{
    "__comment": "Blade",
    "from": [ 0.5, 8, -0.5 ],
    "to": [ 1, 8.5, 4 ],
    "faces": {
        "down":  { "uv": [ 0.5, 6, 1, 1.5 ], "texture": "#texture1" },
        "up":    { "uv": [ 0.5, 1.5, 1, 6 ], "texture": "#texture1" },
        "north": { "uv": [ 0.5, 1.5, 1, 2 ], "texture": "#texture1" },
        "south": { "uv": [ 0.5, 5.5, 1, 6 ], "texture": "#texture1" },
        "west":  { "uv": [ 10, 0.5, 14.5, 1 ], "texture": "#texture2" },
        "east":  { "uv": [ 10, 0.5, 14.5, 1 ], "texture": "#texture2" }
    }
},
{
    "__comment": "Blade",
    "from": [ 0, 8, 0 ],
    "to": [ 0.5, 8.5, 2.5 ],
    "faces": {
        "down":  { "uv": [ 0, 4.5, 0.5, 2 ], "texture": "#texture1" },
        "up":    { "uv": [ 0, 2, 0.5, 4.5 ], "texture": "#texture1" },
        "north": { "uv": [ 0, 2, 0.5, 2.5 ], "texture": "#texture1" },
        "south": { "uv": [ 0, 4, 0.5, 4.5 ], "texture": "#texture1" },
        "west":  { "uv": [ 11.5, 0, 14, 0.5 ], "texture": "#texture2" },
        "east":  { "uv": [ 11.5, 0, 14, 0.5 ], "texture": "#texture2" }
    }
},
{
    "__comment": "Blade",
    "from": [ 7, 9, -2 ],
    "to": [ 9, 9.25, 2 ],
    "faces": {
        "down":  { "uv": [ 9, 4, 7, 0 ], "texture": "#texture1" },
        "up":    { "uv": [ 7, 0, 9, 4 ], "texture": "#texture1" },
        "north": { "uv": [ 7, 0, 9, 0.25 ], "texture": "#texture1" },
        "south": { "uv": [ 7, 3.5, 9, 3.75 ], "texture": "#texture1" },
        "west":  { "uv": [ 12, 9, 16, 9.25 ], "texture": "#texture2" },
        "east":  { "uv": [ 12, 6.75, 16, 7 ], "texture": "#texture2" }
    }
},
{
    "__comment": "Blade",
    "from": [ 7, 7.25, -2 ],
    "to": [ 9, 7.5, 2 ],
    "faces": {
        "down":  { "uv": [ 9, 4, 7, 0 ], "texture": "#texture1" },
        "up":    { "uv": [ 7, 0, 9, 4 ], "texture": "#texture1" },
        "north": { "uv": [ 7, 0, 9, 0.25 ], "texture": "#texture1" },
        "south": { "uv": [ 7, 3.5, 9, 3.75 ], "texture": "#texture1" },
        "west":  { "uv": [ 12, 9, 16, 9.25 ], "texture": "#texture2" },
        "east":  { "uv": [ 12, 6.75, 16, 7 ], "texture": "#texture2" }
    }
},
{
    "__comment": "Handle*",
    "from": [ 6.5, 8, 13 ],
    "to": [ 8.5, 8.5, 15 ],
    "faces": {
        "down":  { "uv": [ 7, 13, 9, 15 ], "texture": "#texture1" },
        "up":    { "uv": [ 7, 13, 9, 15 ], "texture": "#texture1" },
        "north": { "uv": [ 7, 8, 9, 8.5 ], "texture": "#texture1" },
        "south": { "uv": [ 7, 15.5, 9, 16 ], "texture": "#texture1" },
        "west":  { "uv": [ 0, 7, 2, 7.5 ], "texture": "#texture2" },
        "east":  { "uv": [ 0, 8.5, 2, 9 ], "texture": "#texture2" }
    }
},
{
    "__comment": "Handle*",
    "from": [ 7, 8.5, 13 ],
    "to": [ 8, 8.75, 15 ],
    "faces": {
        "down":  { "uv": [ 7.5, 13, 8.5, 15 ], "texture": "#texture1" },
        "up":    { "uv": [ 7.5, 13, 8.5, 15 ], "texture": "#texture1" },
        "north": { "uv": [ 7.5, 8, 8.5, 8.5 ], "texture": "#texture1" },
        "south": { "uv": [ 7.5, 15.5, 8.5, 16 ], "texture": "#texture1" },
        "west":  { "uv": [ 0, 8, 1.5, 8.5 ], "texture": "#texture2" },
        "east":  { "uv": [ 0, 8, 1.5, 8.5 ], "texture": "#texture2" }
    }
},
{
    "__comment": "Handle*",
    "from": [ 7, 7.75, 13 ],
    "to": [ 8, 8, 15 ],
    "faces": {
        "down":  { "uv": [ 7.5, 13, 8.5, 15 ], "texture": "#texture1" },
        "up":    { "uv": [ 7.5, 13, 8.5, 15 ], "texture": "#texture1" },
        "north": { "uv": [ 7.5, 8, 8.5, 8.5 ], "texture": "#texture1" },
        "south": { "uv": [ 7.5, 15.5, 8.5, 16 ], "texture": "#texture1" },
        "west":  { "uv": [ 0, 8, 1.5, 8.5 ], "texture": "#texture2" },
        "east":  { "uv": [ 0, 8, 1.5, 8.5 ], "texture": "#texture2" }
    }
},
{
    "__comment": "Handle*",
    "from": [ 6, 8, 15 ],
    "to": [ 8, 8.5, 16 ],
    "faces": {
        "down":  { "uv": [ 7, 15, 9, 16 ], "texture": "#texture1" },
        "up":    { "uv": [ 7, 15, 9, 16 ], "texture": "#texture1" },
        "north": { "uv": [ 7, 8, 9, 8.5 ], "texture": "#texture1" },
        "south": { "uv": [ 7, 15.5, 9, 16 ], "texture": "#texture1" },
        "west":  { "uv": [ 2, 7, 3, 7.5 ], "texture": "#texture2" },
        "east":  { "uv": [ 2, 8.5, 3, 9 ], "texture": "#texture2" }
    }
},
{
    "__comment": "Handle*",
    "from": [ 6.5, 8.5, 15 ],
    "to": [ 7.5, 8.75, 16 ],
    "faces": {
        "down":  { "uv": [ 7.5, 15, 8.5, 16 ], "texture": "#texture1" },
        "up":    { "uv": [ 7.5, 15, 8.5, 16 ], "texture": "#texture1" },
        "north": { "uv": [ 7.5, 8, 8.5, 8.5 ], "texture": "#texture1" },
        "south": { "uv": [ 7.5, 15.5, 8.5, 16 ], "texture": "#texture1" },
        "west":  { "uv": [ 0, 8, 1, 8.5 ], "texture": "#texture2" },
        "east":  { "uv": [ 0, 8, 1, 8.5 ], "texture": "#texture2" }
    }
},
{
    "__comment": "Handle*",
    "from": [ 6.5, 7.75, 15 ],
    "to": [ 7.5, 8, 16 ],
    "faces": {
        "down":  { "uv": [ 7.5, 15, 8.5, 16 ], "texture": "#texture1" },
        "up":    { "uv": [ 7.5, 15, 8.5, 16 ], "texture": "#texture1" },
        "north": { "uv": [ 7.5, 8, 8.5, 8.5 ], "texture": "#texture1" },
        "south": { "uv": [ 7.5, 15.5, 8.5, 16 ], "texture": "#texture1" },
        "west":  { "uv": [ 0, 8, 1, 8.5 ], "texture": "#texture2" },
        "east":  { "uv": [ 0, 8, 1, 8.5 ], "texture": "#texture2" }
    }
}
],
"display": {
    "thirdperson_righthand": {
        "rotation": [ 90, 0, 90 ],
        "translation": [ 0, 1.5, 1.7 ],
        "scale": [ 1, 1, 1 ]
    },
    "thirdperson_lefthand": {
        "rotation": [ 90, 0, -90 ],
        "translation": [ 0.5, 1.5, 1.7 ],
        "scale": [ 1, 1, 1 ]
    },
    "ground": {
        "rotation": [ 0, 0, 0 ],
        "translation": [ 0, 0, 0 ],
        "scale": [ 0.6, 0.6, 0.6 ]
    },
    "fixed": {
        "rotation": [ 90, 0, 0 ],
        "translation": [ 0, -1.5, -0.5 ],
        "scale": [ 1, 1, 1 ]
    },
    "firstperson_righthand": {
        "rotation": [ 90, -10, 90 ],
        "translation": [ 0, 2, -0.7 ],
        "scale": [ 0.9, 0.9, 0.9 ]
    },
    "firstperson_lefthand": {
        "rotation": [ 90, -10, -90 ],
        "translation": [ 0, 2, -0.7 ],
        "scale": [ 0.9, 0.9, 0.9 ]
    },
    "gui": {
        "rotation": [ 90, -45, 0 ],
        "translation": [ -1.5, -2.3, 0 ],
        "scale": [ 0.9, 0.9, 0.9 ]
    }
}
}