{
"__comment": "Designed by Sibsib92 with BDcraft Cubik PRO 0.91 Beta - http://bdcraft.net",
"ambientocclusion": false,
"textures": {
    "particle": "blocks/log_oak",
    "texture": "blocks/slime",
    "iron": "blocks/iron_block",
    "wood": "blocks/log_oak"
},
"elements": [ 
{
    "__comment": "Wood",
    "from": [ 6.5, 0, 7 ],
    "to": [ 9.5, 1, 9 ],
    "faces": {
        "down":  { "uv": [ 6.5, 10.5, 9.5, 8.5 ], "texture": "#wood" },
        "up":    { "uv": [ 6.5, 8.5, 9.5, 10.5 ], "texture": "#wood" },
        "north": { "uv": [ 6.5, 15, 9.5, 16 ], "texture": "#wood" },
        "south": { "uv": [ 6.5, 15, 9.5, 16 ], "texture": "#wood" },
        "west":  { "uv": [ 7, 15, 9, 16 ], "texture": "#wood" },
        "east":  { "uv": [ 7, 15, 9, 16 ], "texture": "#wood" }
    }
},
{
    "__comment": "Wood",
    "from": [ 7, 0, 6.5 ],
    "to": [ 9, 1, 9.5 ],
    "faces": {
        "down":  { "uv": [ 7, 11, 9, 8 ], "texture": "#wood" },
        "up":    { "uv": [ 7, 8, 9, 11 ], "texture": "#wood" },
        "north": { "uv": [ 7, 15, 9, 16 ], "texture": "#wood" },
        "south": { "uv": [ 7, 15, 9, 16 ], "texture": "#wood" },
        "west":  { "uv": [ 6.5, 15, 9.5, 16 ], "texture": "#wood" },
        "east":  { "uv": [ 6.5, 15, 9.5, 16 ], "texture": "#wood" }
    }
},
{
    "__comment": "Gold",
    "from": [ 5, 15, 6 ],
    "to": [ 11, 19, 10 ],
    "faces": {
        "down":  { "uv": [ 5, 10, 11, 6 ], "texture": "#texture" },
        "up":    { "uv": [ 5, 6, 11, 10 ], "texture": "#texture" },
        "north": { "uv": [ 5, 6, 11, 10 ], "texture": "#texture" },
        "south": { "uv": [ 5, 6, 11, 10 ], "texture": "#texture" },
        "west":  { "uv": [ 5, 6, 9, 10 ], "texture": "#texture" },
        "east":  { "uv": [ 5, 6, 9, 10 ], "texture": "#texture" }
    }
},
{
    "__comment": "Gold",
    "from": [ 5.5, 15.5, 5.5 ],
    "to": [ 10.5, 18.5, 10.5 ],
    "faces": {
        "down":  { "uv": [ 5, 10, 11, 6 ], "texture": "#texture" },
        "up":    { "uv": [ 5, 6, 11, 10 ], "texture": "#texture" },
        "north": { "uv": [ 5, 6, 11, 10 ], "texture": "#texture" },
        "south": { "uv": [ 5, 6, 11, 10 ], "texture": "#texture" },
        "west":  { "uv": [ 5, 6, 9, 10 ], "texture": "#texture" },
        "east":  { "uv": [ 5, 6, 9, 10 ], "texture": "#texture" }
    }
},
{
    "__comment": "Gold",
    "from": [ 4.5, 15.5, 6.5 ],
    "to": [ 11.5, 18.5, 9.5 ],
    "faces": {
        "down":  { "uv": [ 5, 10, 11, 6 ], "texture": "#texture" },
        "up":    { "uv": [ 5, 6, 11, 10 ], "texture": "#texture" },
        "north": { "uv": [ 5, 6, 11, 10 ], "texture": "#texture" },
        "south": { "uv": [ 5, 6, 11, 10 ], "texture": "#texture" },
        "west":  { "uv": [ 5, 6, 9, 10 ], "texture": "#texture" },
        "east":  { "uv": [ 5, 6, 9, 10 ], "texture": "#texture" }
    }
},
{
    "__comment": "Gold",
    "from": [ 5.5, 14.5, 6.5 ],
    "to": [ 10.5, 19.5, 9.5 ],
    "faces": {
        "down":  { "uv": [ 5, 10, 11, 6 ], "texture": "#texture" },
        "up":    { "uv": [ 5, 6, 11, 10 ], "texture": "#texture" },
        "north": { "uv": [ 5, 6, 11, 10 ], "texture": "#texture" },
        "south": { "uv": [ 5, 6, 11, 10 ], "texture": "#texture" },
        "west":  { "uv": [ 5, 6, 9, 10 ], "texture": "#texture" },
        "east":  { "uv": [ 5, 6, 9, 10 ], "texture": "#texture" }
    }
},
{
    "__comment": "Wood",
    "from": [ 7.5, 1, 7.25 ],
    "to": [ 8.5, 16, 8.75 ],
    "faces": {
        "up":    { "uv": [ 7, 0, 8, 1 ], "texture": "#wood" },
        "north": { "uv": [ 7, 0, 8, 15 ], "texture": "#wood" },
        "south": { "uv": [ 7, 0, 8, 15 ], "texture": "#wood" },
        "west":  { "uv": [ 7, 0, 8, 15 ], "texture": "#wood" },
        "east":  { "uv": [ 7, 0, 8, 15 ], "texture": "#wood" }
    }
},
{
    "__comment": "Wood",
    "from": [ 7.25, 1, 7.5 ],
    "to": [ 8.75, 16, 8.5 ],
    "faces": {
        "up":    { "uv": [ 7, 0, 8, 1 ], "texture": "#wood" },
        "north": { "uv": [ 7, 0, 8, 15 ], "texture": "#wood" },
        "south": { "uv": [ 7, 0, 8, 15 ], "texture": "#wood" },
        "west":  { "uv": [ 7, 0, 8, 15 ], "texture": "#wood" },
        "east":  { "uv": [ 7, 0, 8, 15 ], "texture": "#wood" }
    }
},
{
    "__comment": "Wood",
    "from": [ 7.5, 19, 7.5 ],
    "to": [ 8.5, 20, 8.5 ],
    "faces": {
        "up":    { "uv": [ 7, 0, 8, 1 ], "texture": "#wood" },
        "north": { "uv": [ 7, 0, 8, 1 ], "texture": "#wood" },
        "south": { "uv": [ 7, 0, 8, 1 ], "texture": "#wood" },
        "west":  { "uv": [ 7, 0, 8, 1 ], "texture": "#wood" },
        "east":  { "uv": [ 7, 0, 8, 1 ], "texture": "#wood" }
    }
},
{
    "__comment": "Iron Splint",
    "from": [ 7, 18.75, 7.75 ],
    "to": [ 9, 19.75, 8.25 ],
    "faces": {
        "up":    { "uv": [ 6.5, 1, 8.5, 1.5 ], "texture": "#iron" },
        "north": { "uv": [ 6.5, 1, 8.5, 2 ], "texture": "#iron" },
        "south": { "uv": [ 6, 1, 8, 2 ], "texture": "#iron" },
        "west":  { "uv": [ 7.5, 1, 8, 2 ], "texture": "#iron" },
        "east":  { "uv": [ 7.5, 1, 8, 2 ], "texture": "#iron" }
    }
}
],
"display": {
    "thirdperson_righthand": {
        "rotation": [ 0, 0, 0 ],
        "translation": [ 0, 0, 1.32 ],
        "scale": [ 1.25, 1.25, 1.5 ]
    },
    "head": {
        "rotation": [ 0, 0, 115 ],
        "translation": [ 3, 6.5, 0 ],
        "scale": [ 1.25, 1.25, 1.25 ]
    },
    "ground": {
        "rotation": [ 0, 0, 0 ],
        "translation": [ 0, 0, 0 ],
        "scale": [ 2, 2, 2 ]
    },
    "fixed": {
        "rotation": [ 0, 0, 0 ],
        "translation": [ 0, -1.25, 0 ],
        "scale": [ 1.5, 1.5, 1.5 ]
    },
    "firstperson": {
        "rotation": [ 0, -135, -15 ],
        "translation": [ 0, 4, 2 ],
        "scale": [ 1.7, 1.7, 1.7 ]
    },
    "gui": {
        "rotation": [ 0, -45, 45 ],
        "translation": [ 2, -0.5, 0 ],
        "scale": [ 1.25, 1.25, 1.25 ]
    }
}
}