{
    "parent": "item/3d/_wand_cyanasaur",
    "display": {
		"firstperson_righthand": {
            "rotation": [ 0, -90, -10 ],
            "translation": [ 0.5, -0.5, 0 ],
            "scale": [ 0.65, 0.65, 0.65 ]
		},
        "thirdperson_righthand": {
            "rotation": [ 30, -90, 0 ],
            "translation": [ 0.5, 2.5, 3 ],
            "scale": [ 1, 1, 1 ]
		},
		"gui": {
			"rotation": [ 45, 25, -45 ],
			"translation": [ 0, 0, 0 ],
			"scale": [ 0.7, 0.7, 0.7 ]
		},
        "ground": {
            "rotation": [ 0, 0, 0 ],
            "translation": [ 0, 4, 0 ],
            "scale": [ 0.5, 0.5, 0.5 ]
        }
    }
}
