{
    "__createdwith": "opl's Model Creator",
    "ambientocclusion": false,
    "textures": {
        "tornado": "jhsy/air_anim3",
        "wrap1": "jhsy/muzhang/air2_wrap1"
    },
    "elements": [
        {
            "from": [3.5,21,4.5],
            "to": [12.5,26,11.5],
            "faces": {
                "up": {
                    "uv": [8,7,16,8],
                    "texture": "#wrap1"
                },
                "down": {
                    "uv": [8,7,16,8],
                    "texture": "#wrap1"
                },
                "west": {
                    "uv": [9,3,15,8],
                    "texture": "#wrap1"
                },
                "east": {
                    "uv": [9,3,15,8],
                    "texture": "#wrap1"
                },
                "north": {
                    "uv": [8,3,16,8],
                    "texture": "#wrap1"
                },
                "south": {
                    "uv": [8,3,16,8],
                    "texture": "#wrap1"
                }
            }
        },
        {
            "from": [4.5,21,3.5],
            "to": [11.5,26,12.5],
            "faces": {
                "up": {
                    "uv": [9,7,15,8],
                    "texture": "#wrap1"
                },
                "down": {
                    "uv": [9,7,15,8],
                    "texture": "#wrap1"
                },
                "west": {
                    "uv": [8,3,16,8],
                    "texture": "#wrap1"
                },
                "east": {
                    "uv": [8,3,16,8],
                    "texture": "#wrap1"
                },
                "north": {
                    "uv": [9,3,15,8],
                    "texture": "#wrap1"
                },
                "south": {
                    "uv": [9,3,15,8],
                    "texture": "#wrap1"
                }
            }
        },
        {
            "from": [4.5,26,9],
            "to": [11.5,27,12.5],
            "faces": {
                "up": {
                    "uv": [9,2,15,5],
                    "texture": "#wrap1"
                },
                "west": {
                    "uv": [13,2,16,3],
                    "texture": "#wrap1"
                },
                "east": {
                    "uv": [13,2,16,3],
                    "texture": "#wrap1"
                },
                "south": {
                    "uv": [9,2,15,3],
                    "texture": "#wrap1"
                }
            }
        },
        {
            "from": [5.75,27,10.5],
            "to": [11,28,12.5],
            "faces": {
                "up": {
                    "uv": [10,1,15,3],
                    "texture": "#wrap1"
                },
                "west": {
                    "uv": [14,1,16,2],
                    "texture": "#wrap1"
                },
                "east": {
                    "uv": [14,1,16,2],
                    "texture": "#wrap1"
                },
                "south": {
                    "uv": [10,1,15,2],
                    "texture": "#wrap1"
                }
            }
        },
        {
            "from": [8,28,10.5],
            "to": [11,29,12.5],
            "faces": {
                "up": {
                    "uv": [15,2,12,0],
                    "texture": "#wrap1"
                },
                "west": {
                    "uv": [13,0,15,1],
                    "texture": "#wrap1"
                },
                "east": {
                    "uv": [13,0,15,1],
                    "texture": "#wrap1"
                },
                "south": {
                    "uv": [12,0,15,1],
                    "texture": "#wrap1"
                }
            }
        },
        {
            "from": [6.25,26,4.5],
            "to": [12.25,27,11.5],
            "faces": {
                "up": {
                    "uv": [9,2,15,8],
                    "texture": "#wrap1"
                },
                "west": {
                    "uv": [9,2,16,3],
                    "texture": "#wrap1"
                },
                "east": {
                    "uv": [9,2,15,3],
                    "texture": "#wrap1"
                },
                "north": {
                    "uv": [9,2,15,3],
                    "texture": "#wrap1"
                },
                "south": {
                    "uv": [10,2,16,3],
                    "texture": "#wrap1"
                }
            }
        },
        {
            "from": [3.75,26,7],
            "to": [6,27,10.25],
            "faces": {
                "up": {
                    "uv": [9,5,11,2],
                    "texture": "#wrap1"
                },
                "west": {
                    "uv": [10,2,13,3],
                    "texture": "#wrap1"
                },
                "north": {
                    "uv": [10,1,12,2],
                    "texture": "#wrap1"
                },
                "south": {
                    "uv": [11,2,13,3],
                    "texture": "#wrap1"
                }
            }
        },
        {
            "from": [10.25,27,5.75],
            "to": [12.25,28,11.5],
            "faces": {
                "up": {
                    "uv": [10,1,12,6],
                    "texture": "#wrap1"
                },
                "east": {
                    "uv": [10,1,15,2],
                    "texture": "#wrap1"
                },
                "north": {
                    "uv": [12,0,14,1],
                    "texture": "#wrap1"
                },
                "south": {
                    "uv": [14,1,16,2],
                    "texture": "#wrap1"
                }
            }
        },
        {
            "from": [4.5,19,5],
            "to": [11.5,21,11],
            "faces": {
                "down": {
                    "uv": [9,9,15,10],
                    "texture": "#wrap1"
                },
                "west": {
                    "uv": [9,8,15,10],
                    "texture": "#wrap1"
                },
                "east": {
                    "uv": [9,8,15,10],
                    "texture": "#wrap1"
                },
                "north": {
                    "uv": [9,8,15,10],
                    "texture": "#wrap1"
                },
                "south": {
                    "uv": [9,8,15,10],
                    "texture": "#wrap1"
                }
            }
        },
        {
            "from": [6,18,6],
            "to": [11,19,11],
            "faces": {
                "down": {
                    "uv": [5,8,8,10],
                    "texture": "#wrap1"
                },
                "west": {
                    "uv": [15,10,10,11],
                    "texture": "#wrap1"
                },
                "east": {
                    "uv": [15,10,10,11],
                    "texture": "#wrap1"
                },
                "north": {
                    "uv": [10,10,15,11],
                    "texture": "#wrap1"
                },
                "south": {
                    "uv": [10,10,15,11],
                    "texture": "#wrap1"
                }
            }
        },
        {
            "from": [7,13,6],
            "to": [9,18,10],
            "faces": {
                "west": {
                    "uv": [10,11,14,16],
                    "texture": "#wrap1"
                },
                "east": {
                    "uv": [10,11,14,16],
                    "texture": "#wrap1"
                },
                "north": {
                    "uv": [13,11,11,16],
                    "texture": "#wrap1"
                },
                "south": {
                    "uv": [13,11,11,16],
                    "texture": "#wrap1"
                }
            }
        },
        {
            "from": [6,13,7],
            "to": [10,18,9],
            "faces": {
                "west": {
                    "uv": [11,11,13,16],
                    "texture": "#wrap1"
                },
                "east": {
                    "uv": [11,11,13,16],
                    "texture": "#wrap1"
                },
                "north": {
                    "uv": [14,11,10,16],
                    "texture": "#wrap1"
                },
                "south": {
                    "uv": [14,11,10,16],
                    "texture": "#wrap1"
                }
            }
        },
        {
            "from": [5,25,5],
            "to": [11,31,11],
            "faces": {
                "up": {
                    "uv": [1,1,7,7],
                    "texture": "#wrap1"
                },
                "west": {
                    "uv": [1,1,7,7],
                    "texture": "#wrap1"
                },
                "east": {
                    "uv": [1,1,7,7],
                    "texture": "#wrap1"
                },
                "north": {
                    "uv": [1,1,7,7],
                    "texture": "#wrap1"
                },
                "south": {
                    "uv": [1,1,7,7],
                    "texture": "#wrap1"
                }
            }
        },
        {
            "from": [10.25,28,8],
            "to": [12.25,29,11.5],
            "faces": {
                "up": {
                    "uv": [14,3,12,0],
                    "texture": "#wrap1"
                },
                "east": {
                    "uv": [12,0,15,1],
                    "texture": "#wrap1"
                },
                "north": {
                    "uv": [10,1,12,2],
                    "texture": "#wrap1"
                },
                "south": {
                    "uv": [13,0,15,1],
                    "texture": "#wrap1"
                }
            }
        },
        {
            "from": [4,26,6],
            "to": [12,30,10],
            "faces": {
                "up": {
                    "uv": [0,2,8,6],
                    "texture": "#wrap1"
                },
                "west": {
                    "uv": [2,2,6,6],
                    "texture": "#wrap1"
                },
                "east": {
                    "uv": [2,2,6,6],
                    "texture": "#wrap1"
                },
                "north": {
                    "uv": [0,2,8,6],
                    "texture": "#wrap1"
                },
                "south": {
                    "uv": [0,2,8,6],
                    "texture": "#wrap1"
                }
            }
        },
        {
            "from": [6,26,4],
            "to": [10,30,12],
            "faces": {
                "up": {
                    "uv": [2,0,6,8],
                    "texture": "#wrap1"
                },
                "west": {
                    "uv": [0,2,8,6],
                    "texture": "#wrap1"
                },
                "east": {
                    "uv": [0,2,8,6],
                    "texture": "#wrap1"
                },
                "north": {
                    "uv": [2,2,6,6],
                    "texture": "#wrap1"
                },
                "south": {
                    "uv": [2,2,6,6],
                    "texture": "#wrap1"
                }
            }
        },
        {
            "from": [6,26,6],
            "to": [10,32,10],
            "faces": {
                "up": {
                    "uv": [2,2,6,6],
                    "texture": "#wrap1"
                },
                "west": {
                    "uv": [2,0,6,6],
                    "texture": "#wrap1"
                },
                "east": {
                    "uv": [2,0,6,6],
                    "texture": "#wrap1"
                },
                "north": {
                    "uv": [2,0,6,6],
                    "texture": "#wrap1"
                },
                "south": {
                    "uv": [2,0,6,6],
                    "texture": "#wrap1"
                }
            }
        },
        {
            "from": [7,6,6],
            "to": [9,13,10],
            "faces": {
                "west": {
                    "uv": [0,8,4,15],
                    "texture": "#wrap1"
                },
                "east": {
                    "uv": [0,8,4,15],
                    "texture": "#wrap1"
                },
                "north": {
                    "uv": [3,8,1,15],
                    "texture": "#wrap1"
                },
                "south": {
                    "uv": [3,8,1,15],
                    "texture": "#wrap1"
                }
            }
        },
        {
            "from": [6,6,7],
            "to": [10,13,9],
            "faces": {
                "west": {
                    "uv": [1,8,3,15],
                    "texture": "#wrap1"
                },
                "east": {
                    "uv": [1,8,3,15],
                    "texture": "#wrap1"
                },
                "north": {
                    "uv": [4,8,0,15],
                    "texture": "#wrap1"
                },
                "south": {
                    "uv": [4,8,0,15],
                    "texture": "#wrap1"
                }
            }
        },
        {
            "from": [7,-1,6],
            "to": [9,6,10],
            "faces": {
                "west": {
                    "uv": [0,8,4,15],
                    "texture": "#wrap1"
                },
                "east": {
                    "uv": [0,8,4,15],
                    "texture": "#wrap1"
                },
                "north": {
                    "uv": [3,8,1,15],
                    "texture": "#wrap1"
                },
                "south": {
                    "uv": [3,8,1,15],
                    "texture": "#wrap1"
                }
            }
        },
        {
            "from": [6,-1,7],
            "to": [10,6,9],
            "faces": {
                "west": {
                    "uv": [1,8,3,15],
                    "texture": "#wrap1"
                },
                "east": {
                    "uv": [1,8,3,15],
                    "texture": "#wrap1"
                },
                "north": {
                    "uv": [4,8,0,15],
                    "texture": "#wrap1"
                },
                "south": {
                    "uv": [4,8,0,15],
                    "texture": "#wrap1"
                }
            }
        },
        {
            "from": [6,-5,7],
            "to": [10,-1,9],
            "faces": {
                "down": {
                    "uv": [5,11,9,13],
                    "texture": "#wrap1"
                },
                "west": {
                    "uv": [5,8,7,12],
                    "texture": "#wrap1"
                },
                "east": {
                    "uv": [5,8,7,12],
                    "texture": "#wrap1"
                },
                "north": {
                    "uv": [4,8,8,12],
                    "texture": "#wrap1"
                },
                "south": {
                    "uv": [4,8,8,12],
                    "texture": "#wrap1"
                }
            }
        },
        {
            "from": [7,-7,7],
            "to": [11,-4,9],
            "faces": {
                "up": {
                    "uv": [4,8,8,10],
                    "texture": "#wrap1"
                },
                "down": {
                    "uv": [5,11,9,13],
                    "texture": "#wrap1"
                },
                "west": {
                    "uv": [6,11,8,14],
                    "texture": "#wrap1"
                },
                "east": {
                    "uv": [6,11,8,14],
                    "texture": "#wrap1"
                },
                "north": {
                    "uv": [5,11,9,14],
                    "texture": "#wrap1"
                },
                "south": {
                    "uv": [5,11,9,14],
                    "texture": "#wrap1"
                }
            }
        },
        {
            "from": [8,-9,7],
            "to": [10,-7,9],
            "faces": {
                "down": {
                    "uv": [6,14,8,16],
                    "texture": "#wrap1"
                },
                "west": {
                    "uv": [6,14,8,16],
                    "texture": "#wrap1"
                },
                "east": {
                    "uv": [6,14,8,16],
                    "texture": "#wrap1"
                },
                "north": {
                    "uv": [6,14,8,16],
                    "texture": "#wrap1"
                },
                "south": {
                    "uv": [6,14,8,16],
                    "texture": "#wrap1"
                }
            }
        },
        {
            "from": [7,-5,6],
            "to": [9,-1,10],
            "faces": {
                "down": {
                    "uv": [5,8,7,12],
                    "texture": "#wrap1"
                },
                "west": {
                    "uv": [4,8,8,12],
                    "texture": "#wrap1"
                },
                "east": {
                    "uv": [4,8,8,12],
                    "texture": "#wrap1"
                },
                "north": {
                    "uv": [7,8,5,12],
                    "texture": "#wrap1"
                },
                "south": {
                    "uv": [5,8,7,12],
                    "texture": "#wrap1"
                }
            }
        },
        {
            "from": [8,-7,6],
            "to": [10,-4,10],
            "faces": {
                "up": {
                    "uv": [6,8,8,12],
                    "texture": "#wrap1"
                },
                "down": {
                    "uv": [6,8,8,12],
                    "texture": "#wrap1"
                },
                "west": {
                    "uv": [5,11,9,14],
                    "texture": "#wrap1"
                },
                "east": {
                    "uv": [5,11,9,14],
                    "texture": "#wrap1"
                },
                "north": {
                    "uv": [8,11,6,14],
                    "texture": "#wrap1"
                },
                "south": {
                    "uv": [6,11,8,14],
                    "texture": "#wrap1"
                }
            }
        },
        {
            "from": [-1,27.98,-1],
            "to": [17,28.02,17],
			"shade": false,
			"rotation": { "origin": [ 8, 28, 8 ], "axis": "x", "angle": 22.5, "rescale": false },
            "faces": {
                "up": {
                    "uv": [0,0,16,16],
                    "texture": "#tornado"
                },
                "down": {
                    "uv": [0,16,16,0],
                    "texture": "#tornado"
                }
            }
        },
		{
            "from": [-1,27.98,-1],
            "to": [17,28.02,17],
			"shade": false,
			"rotation": { "origin": [ 8, 28, 8 ], "axis": "x", "angle": -22.5, "rescale": false },
            "faces": {
                "up": {
                    "uv": [0,0,16,16],
                    "texture": "#tornado"
                },
                "down": {
                    "uv": [0,16,16,0],
                    "texture": "#tornado"
                }
            }
        },
        {
            "from": [1,24.98,1],
            "to": [15,25.02,15],
			"shade": false,
			"rotation": { "origin": [ 8, 25, 8 ], "axis": "z", "angle": 22.5, "rescale": false },
            "faces": {
                "up": {
                    "uv": [0,0,16,16],
                    "texture": "#tornado"
                },
                "down": {
                    "uv": [0,16,16,0],
                    "texture": "#tornado"
                }
            }
        },
		{
            "from": [1,24.98,1],
            "to": [15,25.02,15],
			"shade": false,
			"rotation": { "origin": [ 8, 25, 8 ], "axis": "z", "angle": -22.5, "rescale": false },
            "faces": {
                "up": {
                    "uv": [0,0,16,16],
                    "texture": "#tornado"
                },
                "down": {
                    "uv": [0,16,16,0],
                    "texture": "#tornado"
                }
            }
        },
        {
            "from": [1.5,30.98,1.5],
            "to": [14.5,31.02,14.5],
			"shade": false,
			"rotation": { "origin": [ 8, 31, 8 ], "axis": "z", "angle": 22.5, "rescale": false },
            "faces": {
                "up": {
                    "uv": [0,0,16,16],
                    "texture": "#tornado"
                },
                "down": {
                    "uv": [0,16,16,0],
                    "texture": "#tornado"
                }
            }
        },
		{
            "from": [1.5,30.98,1.5],
            "to": [14.5,31.02,14.5],
			"shade": false,
			"rotation": { "origin": [ 8, 31, 8 ], "axis": "z", "angle": -22.5, "rescale": false },
            "faces": {
                "up": {
                    "uv": [0,0,16,16],
                    "texture": "#tornado"
                },
                "down": {
                    "uv": [0,16,16,0],
                    "texture": "#tornado"
                }
            }
        }
    ]
}