{
    "__createdwith": "opl's Model Creator",
    "ambientocclusion": false,
    "textures": {
        "wand": "3d/cyanasaur_wand",
        "candle": "3d/redstone_torch_off",
        "flame": "3d/cyan_flame"
    },
    "elements": [
        {
            "from": [7,-4,8],
            "to": [9,4,10],
            "faces": {
                "down": {
                    "uv": [8,8,10,10],
                    "texture": "#wand"
                },
                "west": {
                    "uv": [10,8,12,16],
                    "texture": "#wand"
                },
                "east": {
                    "uv": [10,8,12,16],
                    "texture": "#wand"
                },
                "north": {
                    "uv": [10,8,12,16],
                    "texture": "#wand"
                },
                "south": {
                    "uv": [10,8,12,16],
                    "texture": "#wand"
                }
            }
        },
        {
            "from": [6.5,-10,8.5],
            "to": [8.5,-2,10.5],
            "faces": {
                "up": {
                    "uv": [8,8,10,10],
                    "texture": "#wand"
                },
                "down": {
                    "uv": [8,12,10,14],
                    "texture": "#wand"
                },
                "west": {
                    "uv": [8,8,10,16],
                    "texture": "#wand"
                },
                "east": {
                    "uv": [8,8,10,16],
                    "texture": "#wand"
                },
                "north": {
                    "uv": [8,8,10,16],
                    "texture": "#wand"
                },
                "south": {
                    "uv": [8,8,10,16],
                    "texture": "#wand"
                }
            }
        },
        {
            "from": [7.5,-11,9],
            "to": [9.5,-9,11],
            "faces": {
                "up": {
                    "uv": [8,14,10,16],
                    "texture": "#wand"
                },
                "down": {
                    "uv": [8,14,10,16],
                    "texture": "#wand"
                },
                "west": {
                    "uv": [8,14,10,16],
                    "texture": "#wand"
                },
                "east": {
                    "uv": [8,14,10,16],
                    "texture": "#wand"
                },
                "north": {
                    "uv": [8,14,10,16],
                    "texture": "#wand"
                },
                "south": {
                    "uv": [8,14,10,16],
                    "texture": "#wand"
                }
            }
        },
        {
            "from": [7,4,8],
            "to": [9,7,10],
            "faces": {
                "west": {
                    "uv": [13,13,15,16],
                    "texture": "#wand"
                },
                "east": {
                    "uv": [13,13,15,16],
                    "texture": "#wand"
                },
                "north": {
                    "uv": [13,13,15,16],
                    "texture": "#wand"
                },
                "south": {
                    "uv": [13,13,15,16],
                    "texture": "#wand"
                }
            }
        },
        {
            "from": [6,7,8],
            "to": [9,8,11],
            "faces": {
                "down": {
                    "uv": [13,8,16,11],
                    "texture": "#wand"
                },
                "west": {
                    "uv": [13,12,16,13],
                    "texture": "#wand"
                },
                "east": {
                    "uv": [13,12,16,13],
                    "texture": "#wand"
                },
                "north": {
                    "uv": [13,12,16,13],
                    "texture": "#wand"
                },
                "south": {
                    "uv": [13,12,16,13],
                    "texture": "#wand"
                }
            }
        },
        {
            "from": [6,8,7],
            "to": [10,12,11],
            "faces": {
                "down": {
                    "uv": [12,8,16,12],
                    "texture": "#wand"
                },
                "west": {
                    "uv": [12,8,16,12],
                    "texture": "#wand"
                },
                "east": {
                    "uv": [12,8,16,12],
                    "texture": "#wand"
                },
                "north": {
                    "uv": [12,8,16,12],
                    "texture": "#wand"
                },
                "south": {
                    "uv": [12,8,16,12],
                    "texture": "#wand"
                }
            }
        },
        {
            "from": [5,23,4],
            "to": [10,27,6],
            "faces": {
                "up": {
                    "uv": [9,0,14,2],
                    "texture": "#wand"
                },
                "down": {
                    "uv": [2,9,7,11],
                    "texture": "#wand"
                },
                "west": {
                    "uv": [0,1,2,5],
                    "texture": "#wand"
                },
                "east": {
                    "uv": [2,1,0,5],
                    "texture": "#wand"
                },
                "north": {
                    "uv": [2,6,7,10],
                    "texture": "#wand"
                },
                "south": {
                    "uv": [9,0,14,4],
                    "texture": "#wand"
                }
            }
        },
        {
            "from": [4,19,5],
            "to": [6,26,7],
            "faces": {
                "up": {
                    "uv": [8,1,10,3],
                    "texture": "#wand"
                },
                "down": {
                    "uv": [2,8,4,10],
                    "texture": "#wand"
                },
                "west": {
                    "uv": [1,2,3,9],
                    "texture": "#wand"
                },
                "east": {
                    "uv": [9,0,11,7],
                    "texture": "#wand"
                },
                "north": {
                    "uv": [1,2,3,9],
                    "texture": "#wand"
                },
                "south": {
                    "uv": [8,1,10,5],
                    "texture": "#wand"
                }
            }
        },
        {
            "from": [9,19,5],
            "to": [11,26,7],
            "faces": {
                "up": {
                    "uv": [13,1,15,3],
                    "texture": "#wand"
                },
                "down": {
                    "uv": [2,8,4,10],
                    "texture": "#wand"
                },
                "west": {
                    "uv": [12,0,14,7],
                    "texture": "#wand"
                },
                "east": {
                    "uv": [3,2,1,9],
                    "texture": "#wand"
                },
                "north": {
                    "uv": [1,2,3,9],
                    "texture": "#wand"
                },
                "south": {
                    "uv": [12,0,14,7],
                    "texture": "#wand"
                }
            }
        },
        {
            "from": [4,15,6],
            "to": [6,24,8],
            "faces": {
                "up": {
                    "uv": [8,2,10,4],
                    "texture": "#wand"
                },
                "down": {
                    "uv": [3,12,5,14],
                    "texture": "#wand"
                },
                "west": {
                    "uv": [2,4,4,13],
                    "texture": "#wand"
                },
                "north": {
                    "uv": [2,4,4,13],
                    "texture": "#wand"
                },
                "south": {
                    "uv": [11,0,13,8],
                    "texture": "#wand"
                }
            }
        },
        {
            "from": [10,16,6],
            "to": [12,23,9],
            "faces": {
                "up": {
                    "uv": [14,2,16,5],
                    "texture": "#wand"
                },
                "down": {
                    "uv": [3,13,5,16],
                    "texture": "#wand"
                },
                "east": {
                    "uv": [5,5,2,12],
                    "texture": "#wand"
                },
                "north": {
                    "uv": [2,4,4,11],
                    "texture": "#wand"
                },
                "south": {
                    "uv": [7,6,5,13],
                    "texture": "#wand"
                }
            }
        },
        {
            "from": [9,15,6],
            "to": [11,22,11],
            "faces": {
                "up": {
                    "uv": [13,2,15,7],
                    "texture": "#wand"
                },
                "down": {
                    "uv": [3,11,5,16],
                    "texture": "#wand"
                },
                "east": {
                    "uv": [7,6,2,13],
                    "texture": "#wand"
                },
                "north": {
                    "uv": [3,5,5,12],
                    "texture": "#wand"
                },
                "south": {
                    "uv": [6,6,7,13],
                    "texture": "#wand"
                }
            }
        },
        {
            "from": [4,15,8],
            "to": [6,23,9],
            "faces": {
                "up": {
                    "uv": [8,4,10,5],
                    "texture": "#wand"
                },
                "down": {
                    "uv": [3,13,5,14],
                    "texture": "#wand"
                },
                "west": {
                    "uv": [4,5,5,13],
                    "texture": "#wand"
                },
                "south": {
                    "uv": [3,4,4,12],
                    "texture": "#wand"
                }
            }
        },
        {
            "from": [5,15,9],
            "to": [10,22,11],
            "faces": {
                "up": {
                    "uv": [9,5,14,7],
                    "texture": "#wand"
                },
                "west": {
                    "uv": [5,6,7,13],
                    "texture": "#wand"
                },
                "south": {
                    "uv": [2,6,7,13],
                    "texture": "#wand"
                }
            }
        },
        {
            "from": [6,16,11],
            "to": [9,21,12],
            "faces": {
                "up": {
                    "uv": [10,7,13,8],
                    "texture": "#wand"
                },
                "down": {
                    "uv": [2,12,5,13],
                    "texture": "#wand"
                },
                "west": {
                    "uv": [7,7,8,12],
                    "texture": "#wand"
                },
                "east": {
                    "uv": [8,7,7,12],
                    "texture": "#wand"
                },
                "south": {
                    "uv": [5,7,8,12],
                    "texture": "#wand"
                }
            }
        },
        {
            "from": [5,12,7],
            "to": [10,15,11],
            "faces": {
                "down": {
                    "uv": [2,9,7,13],
                    "texture": "#wand"
                },
                "west": {
                    "uv": [3,13,7,16],
                    "texture": "#wand"
                },
                "east": {
                    "uv": [3,13,7,16],
                    "texture": "#wand"
                },
                "north": {
                    "uv": [2,10,7,13],
                    "texture": "#wand"
                },
                "south": {
                    "uv": [2,10,7,13],
                    "texture": "#wand"
                }
            }
        },
        {
            "from": [6,17,5],
            "to": [9,23,6],
            "faces": {
                "down": {
                    "uv": [2,9,5,10],
                    "texture": "#wand"
                },
                "west": {
                    "uv": [2,4,3,10],
                    "texture": "#wand"
                },
                "east": {
                    "uv": [1,3,2,9],
                    "texture": "#wand"
                },
                "north": {
                    "uv": [3,7,6,13],
                    "texture": "#wand"
                }
            }
        },
        {
            "from": [6,15,6],
            "to": [9,19,7],
            "faces": {
                "down": {
                    "uv": [3,13,6,14],
                    "texture": "#wand"
                },
                "north": {
                    "uv": [2,8,5,12],
                    "texture": "#wand"
                }
            }
        },
        {
            "from": [6,20,6],
            "to": [10,25,10],
            "faces": {
                "up": {
                    "uv": [0,12,4,16],
                    "texture": "#candle"
                },
                "west": {
                    "uv": [6,10,10,15],
                    "texture": "#candle"
                },
                "east": {
                    "uv": [6,10,10,15],
                    "texture": "#candle"
                },
                "south": {
                    "uv": [6,10,10,15],
                    "texture": "#candle"
                }
            }
        },
        {
            "from": [7.5,25,7.5],
            "to": [8.5,26,8.5],
            "faces": {
                "up": {
                    "uv": [8,9,9,10],
                    "texture": "#candle"
                },
                "west": {
                    "uv": [8,9,9,10],
                    "texture": "#candle"
                },
                "east": {
                    "uv": [8,9,9,10],
                    "texture": "#candle"
                },
                "north": {
                    "uv": [8,9,9,10],
                    "texture": "#candle"
                },
                "south": {
                    "uv": [8,9,9,10],
                    "texture": "#candle"
                }
            }
        },
        {
            "from": [4,24,7.9],
            "to": [12,32,8.1],
			"shade": false,
			"rotation": { "origin": [ 8, 25, 8 ], "axis": "y", "angle": 45, "rescale": false },
            "faces": {
                "north": {
					"uv": [ 0, 0, 16, 16 ],
                    "texture": "#flame"
                },
                "south": {
                    "uv": [ 0, 0, 16, 16 ],
                    "texture": "#flame"
                }
            }
        },
        {
            "from": [7.9,24,4],
            "to": [8.1,32,12],
			"shade": false,
			"rotation": { "origin": [ 8, 25, 8 ], "axis": "y", "angle": 45, "rescale": false },
            "faces": {
                "west": {
                    "uv": [ 0, 0, 16, 16 ],
                    "texture": "#flame"
                },
                "east": {
                    "uv": [ 0, 0, 16, 16 ],
                    "texture": "#flame"
                }
            }
        }
    ]
}