{
    "parent": "item/3d/claws1",
    "display": {
		"thirdperson_righthand": {
			"rotation": [ 0, -90, 89 ],
			"translation": [ -3.97, -2.08, 0.19 ],
			"scale": [ 1, 1, 1 ]
		},
		"thirdperson_lefthand": {
			"rotation": [ 0, -90, 89 ],
			"translation": [ -3.97, -2.08, 0.19 ],
			"scale": [ 1, 1, 1 ]
		},
		"firstperson_righthand": {
			"rotation": [ 137, 13, 173 ],
			"translation": [ 1.32, 0, -4.54 ],
			"scale": [ 1, 1, 1 ]
		},
		"firstperson_lefthand": {
			"rotation": [ 137, 13, 173 ],
			"translation": [ 1.32, 0, -4.54 ],
			"scale": [ 1, 1, 1 ]
		},
		"gui": {
			"rotation": [ -28, 180, -38 ],
			"translation": [ 0, -3.4, 6.43 ],
			"scale": [ 1, 1, 1 ]
		},
        "ground": {
            "rotation": [ 0, 0, 0 ],
            "translation": [ 0, 4, 0 ],
            "scale": [ 0.5, 0.5, 0.5 ]
        }
    }
}
