{
"__comment": "Designed by Mrfahrenheid with BDcraft Cubik PRO 0.91 Beta - http://bdcraft.net",
"textures": {
    "particle": "blocks/green",
    "texture": "blocks/gray"
},
"elements": [ 
{
    "from": [ 3, 10, 2 ],
    "to": [ 20, 14.5, 6.5 ],
    "faces": {
        "down":  { "uv": [ 13, 6.5, 0, 2 ], "texture": "#texture" },
        "up":    { "uv": [ 3, 2, 16, 6.5 ], "texture": "#texture" },
        "north": { "uv": [ 0, 1.5, 13, 6 ], "texture": "#texture" },
        "south": { "uv": [ 3, 1.5, 16, 6 ], "texture": "#texture" },
        "west":  { "uv": [ 2, 1.5, 6.5, 6 ], "texture": "#texture" },
        "east":  { "uv": [ 9.5, 1.5, 14, 6 ], "texture": "#texture" }
    }
},
{
    "from": [ 20, 12.5, 3.5 ],
    "to": [ 29, 14, 5 ],
    "faces": {
        "down":  { "uv": [ 0, 5, 0, 3.5 ], "texture": "#texture" },
        "up":    { "uv": [ 16, 3.5, 16, 5 ], "texture": "#texture" },
        "north": { "uv": [ 0, 2, 0, 3.5 ], "texture": "#texture" },
        "south": { "uv": [ 16, 2, 16, 3.5 ], "texture": "#texture" },
        "west":  { "uv": [ 3.5, 2, 5, 3.5 ], "texture": "#texture" },
        "east":  { "uv": [ 11, 2, 12.5, 3.5 ], "texture": "#texture" }
    }
},
{
    "from": [ 20, 10.5, 3.5 ],
    "to": [ 28, 12, 5 ],
    "faces": {
        "down":  { "uv": [ 0, 5, 0, 3.5 ], "texture": "#texture" },
        "up":    { "uv": [ 16, 3.5, 16, 5 ], "texture": "#texture" },
        "north": { "uv": [ 0, 4, 0, 5.5 ], "texture": "#texture" },
        "south": { "uv": [ 16, 4, 16, 5.5 ], "texture": "#texture" },
        "west":  { "uv": [ 3.5, 4, 5, 5.5 ], "texture": "#texture" },
        "east":  { "uv": [ 11, 4, 12.5, 5.5 ], "texture": "#texture" }
    }
},
{
    "from": [ -5, 10.5, 2 ],
    "to": [ 3, 13.5, 6.5 ],
    "faces": {
        "down":  { "uv": [ 16, 6.5, 13, 2 ], "texture": "#texture" },
        "up":    { "uv": [ 0, 2, 3, 6.5 ], "texture": "#texture" },
        "north": { "uv": [ 13, 2.5, 16, 5.5 ], "texture": "#texture" },
        "south": { "uv": [ 0, 2.5, 3, 5.5 ], "texture": "#texture" },
        "west":  { "uv": [ 2, 2.5, 6.5, 5.5 ], "texture": "#texture" },
        "east":  { "uv": [ 9.5, 2.5, 14, 5.5 ], "texture": "#texture" }
    }
},
{
    "from": [ -2.5, 5.5, 2.5 ],
    "to": [ -0.5, 10.5, 6 ],
    "faces": {
        "down":  { "uv": [ 16, 6, 16, 2.5 ], "texture": "#texture" },
        "up":    { "uv": [ 0, 2.5, 0, 6 ], "texture": "#texture" },
        "north": { "uv": [ 16, 5.5, 16, 10.5 ], "texture": "#texture" },
        "south": { "uv": [ 0, 5.5, 0, 10.5 ], "texture": "#texture" },
        "west":  { "uv": [ 2.5, 5.5, 6, 10.5 ], "texture": "#texture" },
        "east":  { "uv": [ 10, 5.5, 13.5, 10.5 ], "texture": "#texture" }
    }
},
{
    "from": [ -2, 8.5, 3.5 ],
    "to": [ 1, 9, 4.5 ],
    "faces": {
        "down":  { "uv": [ 16, 4.5, 15, 3.5 ], "texture": "#texture" },
        "up":    { "uv": [ 0, 3.5, 1, 4.5 ], "texture": "#texture" },
        "north": { "uv": [ 15, 7, 16, 7.5 ], "texture": "#texture" },
        "south": { "uv": [ 0, 7, 1, 7.5 ], "texture": "#texture" },
        "west":  { "uv": [ 3.5, 7, 4.5, 7.5 ], "texture": "#texture" },
        "east":  { "uv": [ 11.5, 7, 12.5, 7.5 ], "texture": "#texture" }
    }
},
{
    "from": [ 1, 9, 3.5 ],
    "to": [ 1.5, 10.5, 4.5 ],
    "faces": {
        "down":  { "uv": [ 15, 4.5, 14.5, 3.5 ], "texture": "#texture" },
        "up":    { "uv": [ 1, 3.5, 1.5, 4.5 ], "texture": "#texture" },
        "north": { "uv": [ 14.5, 5.5, 15, 7 ], "texture": "#texture" },
        "south": { "uv": [ 1, 5.5, 1.5, 7 ], "texture": "#texture" },
        "west":  { "uv": [ 3.5, 5.5, 4.5, 7 ], "texture": "#texture" },
        "east":  { "uv": [ 11.5, 5.5, 12.5, 7 ], "texture": "#texture" }
    }
},
{
    "from": [ 27.5, 13, 4 ],
    "to": [ 28, 15, 4.5 ],
    "faces": {
        "down":  { "uv": [ 0, 4.5, 0, 4 ], "texture": "#texture" },
        "up":    { "uv": [ 16, 4, 16, 4.5 ], "texture": "#texture" },
        "north": { "uv": [ 0, 1, 0, 3 ], "texture": "#texture" },
        "south": { "uv": [ 16, 1, 16, 3 ], "texture": "#texture" },
        "west":  { "uv": [ 4, 1, 4.5, 3 ], "texture": "#texture" },
        "east":  { "uv": [ 11.5, 1, 12, 3 ], "texture": "#texture" }
    }
},
{
    "from": [ -3, 12.5, 3 ],
    "to": [ 17.5, 15.5, 5.5 ],
    "faces": {
        "down":  { "uv": [ 16, 5.5, 0, 3 ], "texture": "#texture" },
        "up":    { "uv": [ 0, 3, 16, 5.5 ], "texture": "#texture" },
        "north": { "uv": [ 0, 0.5, 16, 3.5 ], "texture": "#texture" },
        "south": { "uv": [ 0, 0.5, 16, 3.5 ], "texture": "#texture" },
        "west":  { "uv": [ 3, 0.5, 5.5, 3.5 ], "texture": "#texture" },
        "east":  { "uv": [ 10.5, 0.5, 13, 3.5 ], "texture": "#texture" }
    }
},
{
    "from": [ -4.5, 13, 3 ],
    "to": [ -3, 14.5, 5.5 ],
    "faces": {
        "down":  { "uv": [ 16, 5.5, 16, 3 ], "texture": "#texture" },
        "up":    { "uv": [ 0, 3, 0, 5.5 ], "texture": "#texture" },
        "north": { "uv": [ 16, 1.5, 16, 3 ], "texture": "#texture" },
        "south": { "uv": [ 0, 1.5, 0, 3 ], "texture": "#texture" },
        "west":  { "uv": [ 3, 1.5, 5.5, 3 ], "texture": "#texture" },
        "east":  { "uv": [ 10.5, 1.5, 13, 3 ], "texture": "#texture" }
    }
},
{
    "from": [ 4.5, 11.5, 1.5 ],
    "to": [ 18, 12.5, 7 ],
    "faces": {
        "down":  { "uv": [ 11.5, 7, 0, 1.5 ], "texture": "#texture" },
        "up":    { "uv": [ 4.5, 1.5, 16, 7 ], "texture": "#texture" },
        "north": { "uv": [ 0, 3.5, 11.5, 4.5 ], "texture": "#texture" },
        "south": { "uv": [ 4.5, 3.5, 16, 4.5 ], "texture": "#texture" },
        "west":  { "uv": [ 1.5, 3.5, 7, 4.5 ], "texture": "#texture" },
        "east":  { "uv": [ 9, 3.5, 14.5, 4.5 ], "texture": "#texture" }
    }
},
{
    "from": [ -2, 13, 4 ],
    "to": [ -1, 16.5, 4.5 ],
    "faces": {
        "down":  { "uv": [ 16, 4.5, 16, 4 ], "texture": "#texture" },
        "up":    { "uv": [ 0, 4, 0, 4.5 ], "texture": "#texture" },
        "north": { "uv": [ 16, 0, 16, 3 ], "texture": "#texture" },
        "south": { "uv": [ 0, 0, 0, 3 ], "texture": "#texture" },
        "west":  { "uv": [ 4, 0, 4.5, 3 ], "texture": "#texture" },
        "east":  { "uv": [ 11.5, 0, 12, 3 ], "texture": "#texture" }
    }
}
],
"display": {
    "thirdperson_righthand": {
        "rotation": [ 154, 90, -90 ],
        "translation": [ 4.35, 3.9, -3.3 ],
        "scale": [ 1, 1, 1 ]
    },
    "thirdperson_lefthand": {
        "rotation": [ 154, 90, -90 ],
        "translation": [ 4.35, 3.9, -3.3 ],
        "scale": [ 1, 1, 1 ]
    },
    "ground": {
        "rotation": [ 0, 0, 0 ],
        "translation": [ 0, 0, 0 ],
        "scale": [ 1, 1, 1 ]
    },
    "firstperson_righthand": {
        "rotation": [ 0, 92, 3 ],
        "translation": [ 2.08, -2.46, -7.56 ],
        "scale": [ 1, 1, 1 ]
    },
    "firstperson_lefthand": {
        "rotation": [ 0, -92, 3 ],
        "translation": [ 0.38, -2.46, -7.56 ],
        "scale": [ 1, 1, 1 ]
    },
    "gui": {
        "rotation": [ 7, 170, 31 ],
        "translation": [ 1.89, -3.02, 0 ],
        "scale": [ 0.8, 0.8, 0.8 ]
    }
}
}