{
"__comment": "Designed by Corporalblober with BDcraft Cubik PRO 0.95 Beta - http://bdcraft.net",
"textures": {
    "particle": "blocks/anvil 1",
    "texture": "blocks/anvil 1"
},
"elements": [ 
{
    "from": [ -4, 9.75, 7.75 ],
    "to": [ 2.75, 10.25, 7.875 ],
    "faces": {
        "down":  { "uv": [ 16, 7.875, 13.25, 7.75 ], "texture": "#texture", "cullface": "west" },
        "up":    { "uv": [ 0, 7.75, 2.75, 7.875 ], "texture": "#texture", "cullface": "west" },
        "north": { "uv": [ 13.25, 5.75, 16, 6.25 ], "texture": "#texture", "cullface": "west" },
        "south": { "uv": [ 0, 5.75, 2.75, 6.25 ], "texture": "#texture", "cullface": "west" },
        "west":  { "uv": [ 7.75, 5.75, 7.875, 6.25 ], "texture": "#texture", "cullface": "west" }
    }
},
{
    "from": [ -4, 9.75, 8.125 ],
    "to": [ 2.75, 10.25, 8.25 ],
    "faces": {
        "down":  { "uv": [ 16, 8.25, 13.25, 8.125 ], "texture": "#texture", "cullface": "west" },
        "up":    { "uv": [ 0, 8.125, 2.75, 8.25 ], "texture": "#texture", "cullface": "west" },
        "north": { "uv": [ 13.25, 5.75, 16, 6.25 ], "texture": "#texture", "cullface": "west" },
        "south": { "uv": [ 0, 5.75, 2.75, 6.25 ], "texture": "#texture", "cullface": "west" },
        "west":  { "uv": [ 8.125, 5.75, 8.25, 6.25 ], "texture": "#texture", "cullface": "west" }
    }
},
{
    "from": [ -4, 10.125, 7.875 ],
    "to": [ 2.75, 10.25, 8.125 ],
    "faces": {
        "down":  { "uv": [ 16, 8.125, 13.25, 7.875 ], "texture": "#texture", "cullface": "west" },
        "up":    { "uv": [ 0, 7.875, 2.75, 8.125 ], "texture": "#texture", "cullface": "west" },
        "west":  { "uv": [ 7.875, 5.75, 8.125, 5.875 ], "texture": "#texture", "cullface": "west" }
    }
},
{
    "from": [ -4, 9.75, 7.875 ],
    "to": [ 2.75, 9.875, 8.125 ],
    "faces": {
        "down":  { "uv": [ 16, 8.125, 13.25, 7.875 ], "texture": "#texture", "cullface": "west" },
        "up":    { "uv": [ 0, 7.875, 2.75, 8.125 ], "texture": "#texture", "cullface": "west" },
        "west":  { "uv": [ 7.875, 6.125, 8.125, 6.25 ], "texture": "#texture", "cullface": "west" }
    }
},
{
    "from": [ 1.25, 9.5, 7.75 ],
    "to": [ 1.5, 12.5, 8.25 ],
    "faces": {
        "down":  { "uv": [ 14.75, 8.25, 14.5, 7.75 ], "texture": "#texture" },
        "up":    { "uv": [ 1.25, 7.75, 1.5, 8.25 ], "texture": "#texture" },
        "north": { "uv": [ 14.5, 3.5, 14.75, 6.5 ], "texture": "#texture" },
        "south": { "uv": [ 1.25, 3.5, 1.5, 6.5 ], "texture": "#texture" },
        "west":  { "uv": [ 7.75, 3.5, 8.25, 6.5 ], "texture": "#texture" },
        "east":  { "uv": [ 7.75, 3.5, 8.25, 6.5 ], "texture": "#texture" }
    }
},
{
    "from": [ 1.5, 12, 7.75 ],
    "to": [ 2, 12.5, 8.25 ],
    "faces": {
        "down":  { "uv": [ 14.5, 8.25, 14, 7.75 ], "texture": "#texture" },
        "up":    { "uv": [ 1.5, 7.75, 2, 8.25 ], "texture": "#texture" },
        "north": { "uv": [ 14, 3.5, 14.5, 4 ], "texture": "#texture" },
        "south": { "uv": [ 1.5, 3.5, 2, 4 ], "texture": "#texture" },
        "east":  { "uv": [ 7.75, 3.5, 8.25, 4 ], "texture": "#texture" }
    }
},
{
    "from": [ 1.75, 9.75, 7.75 ],
    "to": [ 2, 12.25, 8.25 ],
    "faces": {
        "down":  { "uv": [ 16, 8.5, 15.5, 7.5 ], "texture": "#texture" },
        "up":    { "uv": [ 0, 7.5, 0.5, 8.5 ], "texture": "#texture" },
        "north": { "uv": [ 15.5, 5.25, 16, 7.25 ], "texture": "#texture" },
        "south": { "uv": [ 0, 5.25, 0.5, 7.25 ], "texture": "#texture" },
        "west":  { "uv": [ 7.5, 5.25, 8.5, 7.25 ], "texture": "#texture" },
        "east":  { "uv": [ 7.5, 5.25, 8.5, 7.25 ], "texture": "#texture" }
    }
},
{
    "from": [ 3.25, 8.75, 7.25 ],
    "to": [ 9.5, 11, 8.75 ],
    "faces": {
        "down":  { "uv": [ 12.75, 8.75, 6.5, 7.25 ], "texture": "#texture" },
        "up":    { "uv": [ 3.25, 7.25, 9.5, 8.75 ], "texture": "#texture" },
        "north": { "uv": [ 6.5, 5, 12.75, 7.25 ], "texture": "#texture" },
        "south": { "uv": [ 3.25, 5, 9.5, 7.25 ], "texture": "#texture" },
        "west":  { "uv": [ 7.25, 5, 8.75, 7.25 ], "texture": "#texture" },
        "east":  { "uv": [ 7.25, 5, 8.75, 7.25 ], "texture": "#texture" }
    }
},
{
    "from": [ 1.5, 11.5, 7.75 ],
    "to": [ 1.75, 12, 8.25 ],
    "faces": {
        "down":  { "uv": [ 14.5, 8.25, 14.25, 7.75 ], "texture": "#texture" },
        "north": { "uv": [ 14.25, 4, 14.5, 4.5 ], "texture": "#texture" },
        "south": { "uv": [ 1.5, 4, 1.75, 4.5 ], "texture": "#texture" }
    }
},
{
    "from": [ 1.25, 10.5, 7.75 ],
    "to": [ 2.75, 10.75, 8.25 ],
    "faces": {
        "down":  { "uv": [ 14.75, 8.25, 13.25, 7.75 ], "texture": "#texture" },
        "up":    { "uv": [ 1.25, 7.75, 2.75, 8.25 ], "texture": "#texture" },
        "north": { "uv": [ 13.25, 5.25, 14.75, 5.5 ], "texture": "#texture" },
        "south": { "uv": [ 1.25, 5.25, 2.75, 5.5 ], "texture": "#texture" }
    }
},
{
    "from": [ 3.25, 9.25, 6.75 ],
    "to": [ 9.5, 10.5, 9.25 ],
    "faces": {
        "down":  { "uv": [ 12.75, 9.25, 6.5, 6.75 ], "texture": "#texture" },
        "up":    { "uv": [ 3.25, 6.75, 9.5, 9.25 ], "texture": "#texture" },
        "north": { "uv": [ 6.5, 5.5, 12.75, 6.75 ], "texture": "#texture" },
        "south": { "uv": [ 3.25, 5.5, 9.5, 6.75 ], "texture": "#texture" },
        "west":  { "uv": [ 6.75, 5.5, 9.25, 6.75 ], "texture": "#texture" },
        "east":  { "uv": [ 6.75, 5.5, 9.25, 6.75 ], "texture": "#texture" }
    }
},
{
    "from": [ 9.5, 9, 7.25 ],
    "to": [ 10.25, 10.75, 8.75 ],
    "faces": {
        "down":  { "uv": [ 6.5, 8.75, 5.75, 7.25 ], "texture": "#texture" },
        "up":    { "uv": [ 9.5, 7.25, 10.25, 8.75 ], "texture": "#texture" },
        "north": { "uv": [ 5.75, 5.25, 6.5, 7 ], "texture": "#texture" },
        "south": { "uv": [ 9.5, 5.25, 10.25, 7 ], "texture": "#texture" },
        "east":  { "uv": [ 7.25, 5.25, 8.75, 7 ], "texture": "#texture" }
    }
},
{
    "from": [ 10.25, 9.25, 7.5 ],
    "to": [ 10.5, 10.5, 8.5 ],
    "faces": {
        "down":  { "uv": [ 5.75, 8.5, 5.5, 7.5 ], "texture": "#texture" },
        "up":    { "uv": [ 10.25, 7.5, 10.5, 8.5 ], "texture": "#texture" },
        "north": { "uv": [ 5.5, 5.5, 5.75, 6.75 ], "texture": "#texture" },
        "south": { "uv": [ 10.25, 5.5, 10.5, 6.75 ], "texture": "#texture" }
    }
},
{
    "from": [ 10.5, 8.75, 7 ],
    "to": [ 18.25, 11, 9 ],
    "faces": {
        "down":  { "uv": [ 5.5, 9, 0, 7 ], "texture": "#texture", "cullface": "east" },
        "up":    { "uv": [ 10.5, 7, 16, 9 ], "texture": "#texture", "cullface": "east" },
        "north": { "uv": [ 0, 5, 5.5, 7.25 ], "texture": "#texture", "cullface": "east" },
        "south": { "uv": [ 10.5, 5, 16, 7.25 ], "texture": "#texture", "cullface": "east" },
        "west":  { "uv": [ 7, 5, 9, 7.25 ], "texture": "#texture", "cullface": "east" },
        "east":  { "uv": [ 7, 5, 9, 7.25 ], "texture": "#texture", "cullface": "east" }
    }
},
{
    "from": [ 10.75, 7, 7 ],
    "to": [ 12.25, 8.75, 9 ],
    "faces": {
        "down":  { "uv": [ 5.25, 9, 3.75, 7 ], "texture": "#texture" },
        "north": { "uv": [ 3.75, 7.25, 5.25, 9 ], "texture": "#texture" },
        "south": { "uv": [ 10.75, 7.25, 12.25, 9 ], "texture": "#texture" },
        "west":  { "uv": [ 7, 7.25, 9, 9 ], "texture": "#texture" }
    }
},
{
    "from": [ 12.25, 6.75, 7 ],
    "to": [ 13.75, 8.75, 9 ],
    "faces": {
        "down":  { "uv": [ 3.75, 9, 2.25, 7 ], "texture": "#texture" },
        "north": { "uv": [ 2.25, 7.25, 3.75, 9.25 ], "texture": "#texture" },
        "south": { "uv": [ 12.25, 7.25, 13.75, 9.25 ], "texture": "#texture" },
        "west":  { "uv": [ 7, 7.25, 9, 9.25 ], "texture": "#texture" },
        "east":  { "uv": [ 7, 7.25, 9, 9.25 ], "texture": "#texture" }
    }
},
{
    "from": [ 3.25, 9, 7 ],
    "to": [ 9.5, 10.75, 9 ],
    "faces": {
        "down":  { "uv": [ 12.75, 9, 6.5, 7 ], "texture": "#texture" },
        "up":    { "uv": [ 3.25, 7, 9.5, 9 ], "texture": "#texture" },
        "north": { "uv": [ 6.5, 5.25, 12.75, 7 ], "texture": "#texture" },
        "south": { "uv": [ 3.25, 5.25, 9.5, 7 ], "texture": "#texture" },
        "east":  { "uv": [ 7, 5.25, 9, 7 ], "texture": "#texture" }
    }
},
{
    "from": [ 11, 5, 7.25 ],
    "to": [ 13.5, 7.25, 8.75 ],
    "faces": {
        "down":  { "uv": [ 5, 8.75, 2.5, 7.25 ], "texture": "#texture" },
        "up":    { "uv": [ 11, 7.25, 13.5, 8.75 ], "texture": "#texture" },
        "north": { "uv": [ 2.5, 8.75, 5, 11 ], "texture": "#texture" },
        "south": { "uv": [ 11, 8.75, 13.5, 11 ], "texture": "#texture" },
        "west":  { "uv": [ 7.25, 8.75, 8.75, 11 ], "texture": "#texture" },
        "east":  { "uv": [ 7.25, 8.75, 8.75, 11 ], "texture": "#texture" }
    }
},
{
    "from": [ 11.25, 3.25, 7.25 ],
    "to": [ 13.75, 6, 8.75 ],
    "faces": {
        "down":  { "uv": [ 5, 8.75, 2.5, 7.25 ], "texture": "#texture" },
        "up":    { "uv": [ 11, 7.25, 13.5, 8.75 ], "texture": "#texture" },
        "north": { "uv": [ 2.5, 11, 5, 13.75 ], "texture": "#texture" },
        "south": { "uv": [ 11, 11, 13.5, 13.75 ], "texture": "#texture" },
        "west":  { "uv": [ 7.25, 11, 8.75, 13.75 ], "texture": "#texture" },
        "east":  { "uv": [ 7.25, 11, 8.75, 13.75 ], "texture": "#texture" }
    }
},
{
    "from": [ 13.75, 8.25, 7 ],
    "to": [ 18, 8.75, 9 ],
    "faces": {
        "down":  { "uv": [ 2.25, 9, 0, 7 ], "texture": "#texture", "cullface": "east" },
        "north": { "uv": [ 0, 7.25, 2.25, 7.75 ], "texture": "#texture", "cullface": "east" },
        "south": { "uv": [ 13.75, 7.25, 16, 7.75 ], "texture": "#texture", "cullface": "east" },
        "east":  { "uv": [ 7, 7.25, 9, 7.75 ], "texture": "#texture", "cullface": "east" }
    }
},
{
    "from": [ 13.75, 6.75, 7.5 ],
    "to": [ 14.25, 7.25, 8.5 ],
    "faces": {
        "down":  { "uv": [ 2.25, 8.5, 1.75, 7.5 ], "texture": "#texture" },
        "up":    { "uv": [ 13.75, 7.5, 14.25, 8.5 ], "texture": "#texture" },
        "north": { "uv": [ 1.75, 8.75, 2.25, 9.25 ], "texture": "#texture" },
        "south": { "uv": [ 13.75, 8.75, 14.25, 9.25 ], "texture": "#texture" },
        "east":  { "uv": [ 7.5, 8.75, 8.5, 9.25 ], "texture": "#texture" }
    }
},
{
    "from": [ 14.25, 6.75, 7.75 ],
    "to": [ 16, 7, 8.25 ],
    "faces": {
        "down":  { "uv": [ 1.75, 8.25, 0, 7.75 ], "texture": "#texture" },
        "up":    { "uv": [ 14.25, 7.75, 16, 8.25 ], "texture": "#texture" },
        "north": { "uv": [ 0, 9, 1.75, 9.25 ], "texture": "#texture" },
        "south": { "uv": [ 14.25, 9, 16, 9.25 ], "texture": "#texture" }
    }
},
{
    "from": [ 13.75, 7.75, 7.5 ],
    "to": [ 14.25, 8.25, 8.5 ],
    "faces": {
        "down":  { "uv": [ 2.25, 8.5, 1.75, 7.5 ], "texture": "#texture" },
        "north": { "uv": [ 1.75, 7.75, 2.25, 8.25 ], "texture": "#texture" },
        "south": { "uv": [ 13.75, 7.75, 14.25, 8.25 ], "texture": "#texture" },
        "east":  { "uv": [ 7.5, 7.75, 8.5, 8.25 ], "texture": "#texture" }
    }
},
{
    "from": [ 13.75, 7.25, 7.5 ],
    "to": [ 14, 7.75, 8.5 ],
    "faces": {
        "north": { "uv": [ 2, 8.25, 2.25, 8.75 ], "texture": "#texture" },
        "south": { "uv": [ 13.75, 8.25, 14, 8.75 ], "texture": "#texture" },
        "east":  { "uv": [ 7.5, 8.25, 8.5, 8.75 ], "texture": "#texture" }
    }
},
{
    "from": [ 16, 6.75, 7.5 ],
    "to": [ 16.5, 7.25, 8.5 ],
    "faces": {
        "down":  { "uv": [ 0, 8.5, 0, 7.5 ], "texture": "#texture", "cullface": "east" },
        "up":    { "uv": [ 16, 7.5, 16, 8.5 ], "texture": "#texture", "cullface": "east" },
        "north": { "uv": [ 0, 8.75, 0, 9.25 ], "texture": "#texture", "cullface": "east" },
        "south": { "uv": [ 16, 8.75, 16, 9.25 ], "texture": "#texture", "cullface": "east" },
        "west":  { "uv": [ 7.5, 8.75, 8.5, 9.25 ], "texture": "#texture", "cullface": "east" }
    }
},
{
    "from": [ 16, 7.75, 7.5 ],
    "to": [ 16.5, 8.25, 8.5 ],
    "faces": {
        "down":  { "uv": [ 0, 8.5, 0, 7.5 ], "texture": "#texture", "cullface": "east" },
        "north": { "uv": [ 0, 7.75, 0, 8.25 ], "texture": "#texture", "cullface": "east" },
        "south": { "uv": [ 16, 7.75, 16, 8.25 ], "texture": "#texture", "cullface": "east" },
        "west":  { "uv": [ 7.5, 7.75, 8.5, 8.25 ], "texture": "#texture", "cullface": "east" }
    }
},
{
    "from": [ 16.25, 7.25, 7.5 ],
    "to": [ 16.5, 7.75, 8.5 ],
    "faces": {
        "north": { "uv": [ 0, 8.25, 0, 8.75 ], "texture": "#texture", "cullface": "east" },
        "south": { "uv": [ 16, 8.25, 16, 8.75 ], "texture": "#texture", "cullface": "east" },
        "west":  { "uv": [ 7.5, 8.25, 8.5, 8.75 ], "texture": "#texture", "cullface": "east" }
    }
},
{
    "from": [ 15.5, 7.25, 7.75 ],
    "to": [ 15.75, 8.5, 8.25 ],
    "faces": {
        "down":  { "uv": [ 8.5, 8.25, 8.25, 7.75 ], "texture": "#texture" },
        "up":    { "uv": [ 7.5, 7.75, 7.75, 8.25 ], "texture": "#texture" },
        "north": { "uv": [ 8.25, 0, 8.5, 1.25 ], "texture": "#texture" },
        "south": { "uv": [ 7.5, 0, 7.75, 1.25 ], "texture": "#texture" },
        "west":  { "uv": [ 7.75, 0, 8.25, 1.25 ], "texture": "#texture" },
        "east":  { "uv": [ 7.75, 0, 8.25, 1.25 ], "texture": "#texture" }
    }
},
{
    "from": [ 16.5, 6.75, 7.25 ],
    "to": [ 17.75, 8.25, 8.75 ],
    "faces": {
        "down":  { "uv": [ 0, 8.75, 0, 7.25 ], "texture": "#texture", "cullface": "east" },
        "north": { "uv": [ 0, 7.75, 0, 9.25 ], "texture": "#texture", "cullface": "east" },
        "south": { "uv": [ 16, 7.75, 16, 9.25 ], "texture": "#texture", "cullface": "east" },
        "west":  { "uv": [ 7.25, 7.75, 8.75, 9.25 ], "texture": "#texture", "cullface": "east" },
        "east":  { "uv": [ 7.25, 7.75, 8.75, 9.25 ], "texture": "#texture", "cullface": "east" }
    }
},
{
    "from": [ 16.5, 3.5, 7.25 ],
    "to": [ 17.75, 7.25, 8.75 ],
    "faces": {
        "down":  { "uv": [ 0, 8.75, 0, 7.25 ], "texture": "#texture", "cullface": "east" },
        "up":    { "uv": [ 16, 7.25, 16, 8.75 ], "texture": "#texture", "cullface": "east" },
        "north": { "uv": [ 0, 9.25, 0, 13 ], "texture": "#texture", "cullface": "east" },
        "south": { "uv": [ 16, 9.25, 16, 13 ], "texture": "#texture", "cullface": "east" },
        "west":  { "uv": [ 7.25, 9.25, 8.75, 13 ], "texture": "#texture", "cullface": "east" },
        "east":  { "uv": [ 7.25, 9.25, 8.75, 13 ], "texture": "#texture", "cullface": "east" }
    }
},
{
    "from": [ 16.5, 3.5, 7.25 ],
    "to": [ 16.75, 6.75, 8.75 ],
    "faces": {
        "down":  { "uv": [ 0, 8.75, 0, 7.25 ], "texture": "#texture", "cullface": "east" },
        "north": { "uv": [ 0, 9.25, 0, 12.5 ], "texture": "#texture", "cullface": "east" },
        "south": { "uv": [ 16, 9.25, 16, 12.5 ], "texture": "#texture", "cullface": "east" },
        "west":  { "uv": [ 7.25, 9.25, 8.75, 12.5 ], "texture": "#texture", "cullface": "east" },
        "east":  { "uv": [ 7.25, 9.25, 8.75, 12.5 ], "texture": "#texture", "cullface": "east" }
    }
},
{
    "from": [ 18.25, 9, 7.25 ],
    "to": [ 26.25, 10.75, 8.75 ],
    "faces": {
        "down":  { "uv": [ 0, 8.75, 0, 7.25 ], "texture": "#texture", "cullface": "east" },
        "up":    { "uv": [ 16, 7.25, 16, 8.75 ], "texture": "#texture", "cullface": "east" },
        "north": { "uv": [ 0, 5.25, 0, 7 ], "texture": "#texture", "cullface": "east" },
        "south": { "uv": [ 16, 5.25, 16, 7 ], "texture": "#texture", "cullface": "east" }
    }
},
{
    "from": [ 19, 8.75, 7.5 ],
    "to": [ 27, 9, 8.5 ],
    "faces": {
        "down":  { "uv": [ 0, 8.5, 0, 7.5 ], "texture": "#texture", "cullface": "east" },
        "north": { "uv": [ 0, 7, 0, 7.25 ], "texture": "#texture", "cullface": "east" },
        "south": { "uv": [ 16, 7, 16, 7.25 ], "texture": "#texture", "cullface": "east" },
        "west":  { "uv": [ 7.5, 7, 8.5, 7.25 ], "texture": "#texture", "cullface": "east" },
        "east":  { "uv": [ 7.5, 7, 8.5, 7.25 ], "texture": "#texture", "cullface": "east" }
    }
},
{
    "from": [ 20.25, 8.5, 7.5 ],
    "to": [ 27, 8.75, 8.5 ],
    "faces": {
        "down":  { "uv": [ 0, 8.5, 0, 7.5 ], "texture": "#texture", "cullface": "east" },
        "north": { "uv": [ 0, 7.25, 0, 7.5 ], "texture": "#texture", "cullface": "east" },
        "south": { "uv": [ 16, 7.25, 16, 7.5 ], "texture": "#texture", "cullface": "east" },
        "west":  { "uv": [ 7.5, 7.25, 8.5, 7.5 ], "texture": "#texture", "cullface": "east" },
        "east":  { "uv": [ 7.5, 7.25, 8.5, 7.5 ], "texture": "#texture", "cullface": "east" }
    }
},
{
    "from": [ 20.75, 8.25, 7.5 ],
    "to": [ 27, 8.5, 8.5 ],
    "faces": {
        "down":  { "uv": [ 0, 8.5, 0, 7.5 ], "texture": "#texture", "cullface": "east" },
        "north": { "uv": [ 0, 7.5, 0, 7.75 ], "texture": "#texture", "cullface": "east" },
        "south": { "uv": [ 16, 7.5, 16, 7.75 ], "texture": "#texture", "cullface": "east" },
        "west":  { "uv": [ 7.5, 7.5, 8.5, 7.75 ], "texture": "#texture", "cullface": "east" },
        "east":  { "uv": [ 7.5, 7.5, 8.5, 7.75 ], "texture": "#texture", "cullface": "east" }
    }
},
{
    "from": [ 21.5, 8, 7.5 ],
    "to": [ 27, 8.25, 8.5 ],
    "faces": {
        "down":  { "uv": [ 0, 8.5, 0, 7.5 ], "texture": "#texture", "cullface": "east" },
        "north": { "uv": [ 0, 7.75, 0, 8 ], "texture": "#texture", "cullface": "east" },
        "south": { "uv": [ 16, 7.75, 16, 8 ], "texture": "#texture", "cullface": "east" },
        "west":  { "uv": [ 7.5, 7.75, 8.5, 8 ], "texture": "#texture", "cullface": "east" },
        "east":  { "uv": [ 7.5, 7.75, 8.5, 8 ], "texture": "#texture", "cullface": "east" }
    }
},
{
    "from": [ 22, 7.75, 7.5 ],
    "to": [ 27, 8, 8.5 ],
    "faces": {
        "down":  { "uv": [ 0, 8.5, 0, 7.5 ], "texture": "#texture", "cullface": "east" },
        "north": { "uv": [ 0, 8, 0, 8.25 ], "texture": "#texture", "cullface": "east" },
        "south": { "uv": [ 16, 8, 16, 8.25 ], "texture": "#texture", "cullface": "east" },
        "west":  { "uv": [ 7.5, 8, 8.5, 8.25 ], "texture": "#texture", "cullface": "east" },
        "east":  { "uv": [ 7.5, 8, 8.5, 8.25 ], "texture": "#texture", "cullface": "east" }
    }
},
{
    "from": [ 24, 7.5, 7.5 ],
    "to": [ 27, 7.75, 8.5 ],
    "faces": {
        "down":  { "uv": [ 0, 8.5, 0, 7.5 ], "texture": "#texture", "cullface": "east" },
        "north": { "uv": [ 0, 8.25, 0, 8.5 ], "texture": "#texture", "cullface": "east" },
        "south": { "uv": [ 16, 8.25, 16, 8.5 ], "texture": "#texture", "cullface": "east" },
        "west":  { "uv": [ 7.5, 8.25, 8.5, 8.5 ], "texture": "#texture", "cullface": "east" },
        "east":  { "uv": [ 7.5, 8.25, 8.5, 8.5 ], "texture": "#texture", "cullface": "east" }
    }
},
{
    "from": [ 25, 7.25, 7.5 ],
    "to": [ 27, 7.5, 8.5 ],
    "faces": {
        "down":  { "uv": [ 0, 8.5, 0, 7.5 ], "texture": "#texture", "cullface": "east" },
        "north": { "uv": [ 0, 8.5, 0, 8.75 ], "texture": "#texture", "cullface": "east" },
        "south": { "uv": [ 16, 8.5, 16, 8.75 ], "texture": "#texture", "cullface": "east" },
        "west":  { "uv": [ 7.5, 8.5, 8.5, 8.75 ], "texture": "#texture", "cullface": "east" },
        "east":  { "uv": [ 7.5, 8.5, 8.5, 8.75 ], "texture": "#texture", "cullface": "east" }
    }
},
{
    "from": [ 25.25, 7, 7.5 ],
    "to": [ 27, 7.25, 8.5 ],
    "faces": {
        "down":  { "uv": [ 0, 8.5, 0, 7.5 ], "texture": "#texture", "cullface": "east" },
        "north": { "uv": [ 0, 8.75, 0, 9 ], "texture": "#texture", "cullface": "east" },
        "south": { "uv": [ 16, 8.75, 16, 9 ], "texture": "#texture", "cullface": "east" },
        "west":  { "uv": [ 7.5, 8.75, 8.5, 9 ], "texture": "#texture", "cullface": "east" },
        "east":  { "uv": [ 7.5, 8.75, 8.5, 9 ], "texture": "#texture", "cullface": "east" }
    }
},
{
    "from": [ 25.5, 6.75, 7.5 ],
    "to": [ 27, 7, 8.5 ],
    "faces": {
        "down":  { "uv": [ 0, 8.5, 0, 7.5 ], "texture": "#texture", "cullface": "east" },
        "north": { "uv": [ 0, 9, 0, 9.25 ], "texture": "#texture", "cullface": "east" },
        "south": { "uv": [ 16, 9, 16, 9.25 ], "texture": "#texture", "cullface": "east" },
        "west":  { "uv": [ 7.5, 9, 8.5, 9.25 ], "texture": "#texture", "cullface": "east" },
        "east":  { "uv": [ 7.5, 9, 8.5, 9.25 ], "texture": "#texture", "cullface": "east" }
    }
},
{
    "from": [ 25.75, 6.5, 7.5 ],
    "to": [ 27, 6.75, 8.5 ],
    "faces": {
        "down":  { "uv": [ 0, 8.5, 0, 7.5 ], "texture": "#texture", "cullface": "east" },
        "north": { "uv": [ 0, 9.25, 0, 9.5 ], "texture": "#texture", "cullface": "east" },
        "south": { "uv": [ 16, 9.25, 16, 9.5 ], "texture": "#texture", "cullface": "east" },
        "west":  { "uv": [ 7.5, 9.25, 8.5, 9.5 ], "texture": "#texture", "cullface": "east" },
        "east":  { "uv": [ 7.5, 9.25, 8.5, 9.5 ], "texture": "#texture", "cullface": "east" }
    }
},
{
    "from": [ 26, 6.25, 7.5 ],
    "to": [ 27, 6.5, 8.5 ],
    "faces": {
        "down":  { "uv": [ 0, 8.5, 0, 7.5 ], "texture": "#texture", "cullface": "east" },
        "north": { "uv": [ 0, 9.5, 0, 9.75 ], "texture": "#texture", "cullface": "east" },
        "south": { "uv": [ 16, 9.5, 16, 9.75 ], "texture": "#texture", "cullface": "east" },
        "west":  { "uv": [ 7.5, 9.5, 8.5, 9.75 ], "texture": "#texture", "cullface": "east" },
        "east":  { "uv": [ 7.5, 9.5, 8.5, 9.75 ], "texture": "#texture", "cullface": "east" }
    }
},
{
    "from": [ 26.25, 6, 7.5 ],
    "to": [ 27, 6.25, 8.5 ],
    "faces": {
        "down":  { "uv": [ 0, 8.5, 0, 7.5 ], "texture": "#texture", "cullface": "east" },
        "north": { "uv": [ 0, 9.75, 0, 10 ], "texture": "#texture", "cullface": "east" },
        "south": { "uv": [ 16, 9.75, 16, 10 ], "texture": "#texture", "cullface": "east" },
        "west":  { "uv": [ 7.5, 9.75, 8.5, 10 ], "texture": "#texture", "cullface": "east" },
        "east":  { "uv": [ 7.5, 9.75, 8.5, 10 ], "texture": "#texture", "cullface": "east" }
    }
},
{
    "from": [ 26.5, 5.75, 7.5 ],
    "to": [ 27, 6, 8.5 ],
    "faces": {
        "down":  { "uv": [ 0, 8.5, 0, 7.5 ], "texture": "#texture", "cullface": "east" },
        "north": { "uv": [ 0, 10, 0, 10.25 ], "texture": "#texture", "cullface": "east" },
        "south": { "uv": [ 16, 10, 16, 10.25 ], "texture": "#texture", "cullface": "east" },
        "west":  { "uv": [ 7.5, 10, 8.5, 10.25 ], "texture": "#texture", "cullface": "east" },
        "east":  { "uv": [ 7.5, 10, 8.5, 10.25 ], "texture": "#texture", "cullface": "east" }
    }
},
{
    "from": [ 10.75, 9, 6.75 ],
    "to": [ 18, 10.75, 9.25 ],
    "faces": {
        "down":  { "uv": [ 5.25, 9.25, 0, 6.75 ], "texture": "#texture", "cullface": "east" },
        "up":    { "uv": [ 10.75, 6.75, 16, 9.25 ], "texture": "#texture", "cullface": "east" },
        "north": { "uv": [ 0, 5.25, 5.25, 7 ], "texture": "#texture", "cullface": "east" },
        "south": { "uv": [ 10.75, 5.25, 16, 7 ], "texture": "#texture", "cullface": "east" },
        "west":  { "uv": [ 6.75, 5.25, 9.25, 7 ], "texture": "#texture", "cullface": "east" },
        "east":  { "uv": [ 6.75, 5.25, 9.25, 7 ], "texture": "#texture", "cullface": "east" }
    }
},
{
    "from": [ 2.75, 9, 7 ],
    "to": [ 3.25, 10.75, 9 ],
    "faces": {
        "down":  { "uv": [ 13.25, 9, 12.75, 7 ], "texture": "#texture" },
        "up":    { "uv": [ 2.75, 7, 3.25, 9 ], "texture": "#texture" },
        "north": { "uv": [ 12.75, 5.25, 13.25, 7 ], "texture": "#texture" },
        "south": { "uv": [ 2.75, 5.25, 3.25, 7 ], "texture": "#texture" },
        "west":  { "uv": [ 7, 5.25, 9, 7 ], "texture": "#texture" }
    }
},
{
    "from": [ 10.5, 11, 7.25 ],
    "to": [ 11.25, 11.25, 8.75 ],
    "faces": {
        "up":    { "uv": [ 10.5, 7.25, 11.25, 8.75 ], "texture": "#texture" },
        "north": { "uv": [ 4.75, 4.75, 5.5, 5 ], "texture": "#texture" },
        "south": { "uv": [ 10.5, 4.75, 11.25, 5 ], "texture": "#texture" },
        "west":  { "uv": [ 7.25, 4.75, 8.75, 5 ], "texture": "#texture" },
        "east":  { "uv": [ 7.25, 4.75, 8.75, 5 ], "texture": "#texture" }
    }
},
{
    "from": [ 11.5, 11, 7.25 ],
    "to": [ 11.75, 11.25, 8.75 ],
    "faces": {
        "up":    { "uv": [ 11.5, 7.25, 11.75, 8.75 ], "texture": "#texture" },
        "north": { "uv": [ 4.25, 4.75, 4.5, 5 ], "texture": "#texture" },
        "south": { "uv": [ 11.5, 4.75, 11.75, 5 ], "texture": "#texture" },
        "west":  { "uv": [ 7.25, 4.75, 8.75, 5 ], "texture": "#texture" },
        "east":  { "uv": [ 7.25, 4.75, 8.75, 5 ], "texture": "#texture" }
    }
},
{
    "from": [ 12, 11, 7.25 ],
    "to": [ 12.25, 11.25, 8.75 ],
    "faces": {
        "up":    { "uv": [ 12, 7.25, 12.25, 8.75 ], "texture": "#texture" },
        "north": { "uv": [ 3.75, 4.75, 4, 5 ], "texture": "#texture" },
        "south": { "uv": [ 12, 4.75, 12.25, 5 ], "texture": "#texture" },
        "west":  { "uv": [ 7.25, 4.75, 8.75, 5 ], "texture": "#texture" },
        "east":  { "uv": [ 7.25, 4.75, 8.75, 5 ], "texture": "#texture" }
    }
},
{
    "from": [ 16, 11, 7.25 ],
    "to": [ 18, 11.25, 8.75 ],
    "faces": {
        "up":    { "uv": [ 16, 7.25, 16, 8.75 ], "texture": "#texture", "cullface": "east" },
        "north": { "uv": [ 0, 4.75, 0, 5 ], "texture": "#texture", "cullface": "east" },
        "south": { "uv": [ 16, 4.75, 16, 5 ], "texture": "#texture", "cullface": "east" },
        "west":  { "uv": [ 7.25, 4.75, 8.75, 5 ], "texture": "#texture", "cullface": "east" },
        "east":  { "uv": [ 7.25, 4.75, 8.75, 5 ], "texture": "#texture", "cullface": "east" }
    }
},
{
    "from": [ 16.75, 11.75, 7.5 ],
    "to": [ 17, 12.75, 7.75 ],
    "faces": {
        "up":    { "uv": [ 16, 7.5, 16, 7.75 ], "texture": "#texture", "cullface": "east" },
        "north": { "uv": [ 0, 3.25, 0, 4.25 ], "texture": "#texture", "cullface": "east" },
        "south": { "uv": [ 16, 3.25, 16, 4.25 ], "texture": "#texture", "cullface": "east" },
        "west":  { "uv": [ 7.5, 3.25, 7.75, 4.25 ], "texture": "#texture", "cullface": "east" },
        "east":  { "uv": [ 8.25, 3.25, 8.5, 4.25 ], "texture": "#texture", "cullface": "east" }
    }
},
{
    "from": [ 16.25, 11.25, 7.5 ],
    "to": [ 17.5, 11.75, 8.5 ],
    "faces": {
        "up":    { "uv": [ 16, 7.5, 16, 8.5 ], "texture": "#texture", "cullface": "east" },
        "north": { "uv": [ 0, 4.25, 0, 4.75 ], "texture": "#texture", "cullface": "east" },
        "south": { "uv": [ 16, 4.25, 16, 4.75 ], "texture": "#texture", "cullface": "east" },
        "west":  { "uv": [ 7.5, 4.25, 8.5, 4.75 ], "texture": "#texture", "cullface": "east" },
        "east":  { "uv": [ 7.5, 4.25, 8.5, 4.75 ], "texture": "#texture", "cullface": "east" }
    }
},
{
    "from": [ 15.5, 11, 7.25 ],
    "to": [ 15.75, 11.25, 8.75 ],
    "faces": {
        "up":    { "uv": [ 15.5, 7.25, 15.75, 8.75 ], "texture": "#texture" },
        "north": { "uv": [ 0.25, 4.75, 0.5, 5 ], "texture": "#texture" },
        "south": { "uv": [ 15.5, 4.75, 15.75, 5 ], "texture": "#texture" },
        "west":  { "uv": [ 7.25, 4.75, 8.75, 5 ], "texture": "#texture" },
        "east":  { "uv": [ 7.25, 4.75, 8.75, 5 ], "texture": "#texture" }
    }
},
{
    "from": [ 15, 11, 7.25 ],
    "to": [ 15.25, 11.25, 8.75 ],
    "faces": {
        "up":    { "uv": [ 15, 7.25, 15.25, 8.75 ], "texture": "#texture" },
        "north": { "uv": [ 0.75, 4.75, 1, 5 ], "texture": "#texture" },
        "south": { "uv": [ 15, 4.75, 15.25, 5 ], "texture": "#texture" },
        "west":  { "uv": [ 7.25, 4.75, 8.75, 5 ], "texture": "#texture" },
        "east":  { "uv": [ 7.25, 4.75, 8.75, 5 ], "texture": "#texture" }
    }
},
{
    "from": [ 14.5, 11, 7.25 ],
    "to": [ 14.75, 11.25, 8.75 ],
    "faces": {
        "up":    { "uv": [ 14.5, 7.25, 14.75, 8.75 ], "texture": "#texture" },
        "north": { "uv": [ 1.25, 4.75, 1.5, 5 ], "texture": "#texture" },
        "south": { "uv": [ 14.5, 4.75, 14.75, 5 ], "texture": "#texture" },
        "west":  { "uv": [ 7.25, 4.75, 8.75, 5 ], "texture": "#texture" },
        "east":  { "uv": [ 7.25, 4.75, 8.75, 5 ], "texture": "#texture" }
    }
},
{
    "from": [ 14, 11, 7.25 ],
    "to": [ 14.25, 11.25, 8.75 ],
    "faces": {
        "up":    { "uv": [ 14, 7.25, 14.25, 8.75 ], "texture": "#texture" },
        "north": { "uv": [ 1.75, 4.75, 2, 5 ], "texture": "#texture" },
        "south": { "uv": [ 14, 4.75, 14.25, 5 ], "texture": "#texture" },
        "west":  { "uv": [ 7.25, 4.75, 8.75, 5 ], "texture": "#texture" },
        "east":  { "uv": [ 7.25, 4.75, 8.75, 5 ], "texture": "#texture" }
    }
},
{
    "from": [ 13.5, 11, 7.25 ],
    "to": [ 13.75, 11.25, 8.75 ],
    "faces": {
        "up":    { "uv": [ 13.5, 7.25, 13.75, 8.75 ], "texture": "#texture" },
        "north": { "uv": [ 2.25, 4.75, 2.5, 5 ], "texture": "#texture" },
        "south": { "uv": [ 13.5, 4.75, 13.75, 5 ], "texture": "#texture" },
        "west":  { "uv": [ 7.25, 4.75, 8.75, 5 ], "texture": "#texture" },
        "east":  { "uv": [ 7.25, 4.75, 8.75, 5 ], "texture": "#texture" }
    }
},
{
    "from": [ 13, 11, 7.25 ],
    "to": [ 13.25, 11.25, 8.75 ],
    "faces": {
        "up":    { "uv": [ 13, 7.25, 13.25, 8.75 ], "texture": "#texture" },
        "north": { "uv": [ 2.75, 4.75, 3, 5 ], "texture": "#texture" },
        "south": { "uv": [ 13, 4.75, 13.25, 5 ], "texture": "#texture" },
        "west":  { "uv": [ 7.25, 4.75, 8.75, 5 ], "texture": "#texture" },
        "east":  { "uv": [ 7.25, 4.75, 8.75, 5 ], "texture": "#texture" }
    }
},
{
    "from": [ 12.5, 11, 7.25 ],
    "to": [ 12.75, 11.25, 8.75 ],
    "faces": {
        "up":    { "uv": [ 12.5, 7.25, 12.75, 8.75 ], "texture": "#texture" },
        "north": { "uv": [ 3.25, 4.75, 3.5, 5 ], "texture": "#texture" },
        "south": { "uv": [ 12.5, 4.75, 12.75, 5 ], "texture": "#texture" },
        "west":  { "uv": [ 7.25, 4.75, 8.75, 5 ], "texture": "#texture" },
        "east":  { "uv": [ 7.25, 4.75, 8.75, 5 ], "texture": "#texture" }
    }
},
{
    "from": [ 16.75, 11.75, 8.25 ],
    "to": [ 17, 12.75, 8.5 ],
    "faces": {
        "up":    { "uv": [ 16, 8.25, 16, 8.5 ], "texture": "#texture", "cullface": "east" },
        "north": { "uv": [ 0, 3.25, 0, 4.25 ], "texture": "#texture", "cullface": "east" },
        "south": { "uv": [ 16, 3.25, 16, 4.25 ], "texture": "#texture", "cullface": "east" },
        "west":  { "uv": [ 8.25, 3.25, 8.5, 4.25 ], "texture": "#texture", "cullface": "east" },
        "east":  { "uv": [ 7.5, 3.25, 7.75, 4.25 ], "texture": "#texture", "cullface": "east" }
    }
},
{
    "from": [ 13, 11, 7.25 ],
    "to": [ 13.25, 11.25, 8.75 ],
    "faces": {
        "up":    { "uv": [ 13, 7.25, 13.25, 8.75 ], "texture": "#texture" },
        "north": { "uv": [ 2.75, 4.75, 3, 5 ], "texture": "#texture" },
        "south": { "uv": [ 13, 4.75, 13.25, 5 ], "texture": "#texture" },
        "west":  { "uv": [ 7.25, 4.75, 8.75, 5 ], "texture": "#texture" },
        "east":  { "uv": [ 7.25, 4.75, 8.75, 5 ], "texture": "#texture" }
    }
},
{
    "from": [ 16.75, 11.75, 7.75 ],
    "to": [ 17, 12.25, 8.25 ],
    "faces": {
        "up":    { "uv": [ 16, 7.75, 16, 8.25 ], "texture": "#texture", "cullface": "east" },
        "west":  { "uv": [ 7.75, 3.75, 8.25, 4.25 ], "texture": "#texture", "cullface": "east" },
        "east":  { "uv": [ 7.75, 3.75, 8.25, 4.25 ], "texture": "#texture", "cullface": "east" }
    }
},
{
    "from": [ 26.25, 5.75, 7.25 ],
    "to": [ 27.25, 10.75, 8.75 ],
    "faces": {
        "down":  { "uv": [ 0, 8.75, 0, 7.25 ], "texture": "#texture", "cullface": "east" },
        "up":    { "uv": [ 16, 7.25, 16, 8.75 ], "texture": "#texture", "cullface": "east" },
        "north": { "uv": [ 0, 5.25, 0, 10.25 ], "texture": "#texture", "cullface": "east" },
        "south": { "uv": [ 16, 5.25, 16, 10.25 ], "texture": "#texture", "cullface": "east" },
        "west":  { "uv": [ 7.25, 5.25, 8.75, 10.25 ], "texture": "#texture", "cullface": "east" },
        "east":  { "uv": [ 7.25, 5.25, 8.75, 10.25 ], "texture": "#texture", "cullface": "east" }
    }
},
{
    "from": [ 19.75, 8.75, 7.5 ],
    "to": [ 22.75, 9, 8.5 ],
    "faces": {
        "down":  { "uv": [ 0, 8.5, 0, 7.5 ], "texture": "#texture", "cullface": "east" },
        "north": { "uv": [ 0, 2.75, 0, 3 ], "texture": "#texture", "cullface": "east" },
        "south": { "uv": [ 16, 2.75, 16, 3 ], "texture": "#texture", "cullface": "east" },
        "west":  { "uv": [ 7.5, 2.75, 8.5, 3 ], "texture": "#texture", "cullface": "east" },
        "east":  { "uv": [ 7.5, 2.75, 8.5, 3 ], "texture": "#texture", "cullface": "east" }
    }
},
{
    "from": [ 24.25, 8, 7.5 ],
    "to": [ 27.75, 8.25, 8.5 ],
    "faces": {
        "down":  { "uv": [ 0, 8.5, 0, 7.5 ], "texture": "#texture", "cullface": "east" },
        "up":    { "uv": [ 16, 7.5, 16, 8.5 ], "texture": "#texture", "cullface": "east" },
        "north": { "uv": [ 0, 10, 0, 10.25 ], "texture": "#texture", "cullface": "east" },
        "south": { "uv": [ 16, 10, 16, 10.25 ], "texture": "#texture", "cullface": "east" },
        "west":  { "uv": [ 7.5, 10, 8.5, 10.25 ], "texture": "#texture", "cullface": "east" },
        "east":  { "uv": [ 7.5, 10, 8.5, 10.25 ], "texture": "#texture", "cullface": "east" }
    }
},
{
    "from": [ 23.75, 7.75, 7.25 ],
    "to": [ 24.5, 8, 8.75 ],
    "faces": {
        "down":  { "uv": [ 0, 8.75, 0, 7.25 ], "texture": "#texture", "cullface": "east" },
        "up":    { "uv": [ 16, 7.25, 16, 8.75 ], "texture": "#texture", "cullface": "east" },
        "north": { "uv": [ 0, 4.75, 0, 5 ], "texture": "#texture", "cullface": "east" },
        "south": { "uv": [ 16, 4.75, 16, 5 ], "texture": "#texture", "cullface": "east" },
        "west":  { "uv": [ 7.25, 4.75, 8.75, 5 ], "texture": "#texture", "cullface": "east" },
        "east":  { "uv": [ 7.25, 4.75, 8.75, 5 ], "texture": "#texture", "cullface": "east" }
    }
}
],
"display": {
    "thirdperson_righthand": {
        "rotation": [ 70, -90, 0 ],
        "translation": [ -1.32, 10.58, -3.21 ],
        "scale": [ 1.5, 1.5, -1.5 ]
    },
    "thirdperson_lefthand": {
        "rotation": [ 70, 90, 0 ],
        "translation": [ -1.32, 10.58, -3.21 ],
        "scale": [ 1.5, 1.5, -1.5 ]
    },
    "ground": {
        "rotation": [ 0, 0, 0 ],
        "translation": [ 0, 0, 0 ],
        "scale": [ 1, 1, 1.5 ]
    },
    "firstperson_righthand": {
        "rotation": [ 0, -92, 3 ],
        "translation": [ -0.76, 1.32, -7.75 ],
        "scale": [ 1.3, 1.3, -1.3 ]
    },
    "firstperson_lefthand": {
        "rotation": [ 0, 92, 3 ],
        "translation": [ -0.76, 1.32, -7.75 ],
        "scale": [ 1.3, 1.3, 1.3 ]
    },
    "gui": {
        "rotation": [ 0, 0, -38 ],
        "translation": [ -3.97, 1.89, 0 ],
        "scale": [ 1, 1, 1 ]
    }
}
}