{
"__comment": "Designed by Mrfahrenheid with BDcraft Cubik PRO 0.91 Beta - http://bdcraft.net",
"textures": {
    "texture": "blocks/gray",
    "black": "blocks/gray"
},
"elements": [ 
{
    "from": [ 7.5, 9, -4 ],
    "to": [ 12, 11.5, 11.5 ],
    "faces": {
        "down":  { "uv": [ 8.5, 11.5, 4, 0 ], "texture": "#texture", "cullface": "north" },
        "up":    { "uv": [ 7.5, 0, 12, 11.5 ], "texture": "#texture", "cullface": "north" },
        "north": { "uv": [ 4, 4.5, 8.5, 7 ], "texture": "#texture", "cullface": "north" },
        "south": { "uv": [ 7.5, 4.5, 12, 7 ], "texture": "#texture", "cullface": "north" },
        "west":  { "uv": [ 0, 4.5, 11.5, 7 ], "texture": "#texture", "cullface": "north" },
        "east":  { "uv": [ 4.5, 4.5, 16, 7 ], "texture": "#texture", "cullface": "north" }
    }
},
{
    "from": [ 8, 7.5, -5 ],
    "to": [ 11.5, 11, 15.5 ],
    "faces": {
        "down":  { "uv": [ 8, 15.5, 4.5, 0 ], "texture": "#texture", "cullface": "north" },
        "up":    { "uv": [ 8, 0, 11.5, 15.5 ], "texture": "#texture", "cullface": "north" },
        "north": { "uv": [ 4.5, 5, 8, 8.5 ], "texture": "#texture", "cullface": "north" },
        "south": { "uv": [ 8, 5, 11.5, 8.5 ], "texture": "#texture", "cullface": "north" },
        "west":  { "uv": [ 0, 5, 15.5, 8.5 ], "texture": "#texture", "cullface": "north" },
        "east":  { "uv": [ 0.5, 5, 16, 8.5 ], "texture": "#texture", "cullface": "north" }
    }
},
{
    "from": [ 9, 4, 1.5 ],
    "to": [ 10.5, 9, 4.5 ],
    "faces": {
        "down":  { "uv": [ 7.5, 3, 6, 2 ], "texture": "#texture" },
        "north": { "uv": [ 6, 7, 7.5, 11 ], "texture": "#texture" },
        "south": { "uv": [ 8.5, 7, 10, 11 ], "texture": "#texture" },
        "west":  { "uv": [ 2, 7, 3, 11 ], "texture": "#texture" },
        "east":  { "uv": [ 13, 7, 14, 11 ], "texture": "#texture" }
    }
},
{
    "from": [ 9, 5, 9.5 ],
    "to": [ 10.5, 10, 11.5 ],
    "faces": {
        "down":  { "uv": [ 7, 11.5, 5.5, 9.5 ], "texture": "#texture" },
        "up":    { "uv": [ 9, 9.5, 10.5, 11.5 ], "texture": "#texture" },
        "north": { "uv": [ 5.5, 6, 7, 11 ], "texture": "#texture" },
        "south": { "uv": [ 9, 6, 10.5, 11 ], "texture": "#texture" },
        "west":  { "uv": [ 9.5, 6, 11.5, 11 ], "texture": "#texture" },
        "east":  { "uv": [ 4.5, 6, 6.5, 11 ], "texture": "#texture" }
    }
},
{
    "from": [ 9, 0.5, 2 ],
    "to": [ 10.5, 4, 4.5 ],
    "faces": {
        "down":  { "uv": [ 7, 4.5, 5.5, 2 ], "texture": "#texture" },
        "north": { "uv": [ 5.5, 12, 7, 15.5 ], "texture": "#texture" },
        "south": { "uv": [ 9, 12, 10.5, 15.5 ], "texture": "#texture" },
        "west":  { "uv": [ 2, 12, 4.5, 15.5 ], "texture": "#texture" },
        "east":  { "uv": [ 11.5, 12, 14, 15.5 ], "texture": "#texture" }
    }
},
{
    "from": [ 9, 11, -3.5 ],
    "to": [ 10.5, 12.5, -2.5 ],
    "faces": {
        "up":    { "uv": [ 9, 0, 10.5, 0 ], "texture": "#texture", "cullface": "north" },
        "north": { "uv": [ 5.5, 3.5, 7, 5 ], "texture": "#texture", "cullface": "north" },
        "south": { "uv": [ 9, 3.5, 10.5, 5 ], "texture": "#texture", "cullface": "north" },
        "west":  { "uv": [ 0, 3.5, 0, 5 ], "texture": "#texture", "cullface": "north" },
        "east":  { "uv": [ 16, 3.5, 16, 5 ], "texture": "#texture", "cullface": "north" }
    }
},
{
    "from": [ 8.5, 9, 10 ],
    "to": [ 11, 12, 11 ],
    "faces": {
        "down":  { "uv": [ 7.5, 11, 5, 10 ], "texture": "#texture" },
        "up":    { "uv": [ 8.5, 10, 11, 11 ], "texture": "#texture" },
        "north": { "uv": [ 5, 4, 7.5, 7 ], "texture": "#texture" },
        "south": { "uv": [ 8.5, 4, 11, 7 ], "texture": "#texture" },
        "west":  { "uv": [ 10, 4, 11, 7 ], "texture": "#texture" },
        "east":  { "uv": [ 5, 4, 6, 7 ], "texture": "#texture" }
    }
},
{
    "from": [ 8.5, 8, 11.5 ],
    "to": [ 11, 10.5, 17.5 ],
    "faces": {
        "down":  { "uv": [ 7.5, 16, 5, 11.5 ], "texture": "#texture", "cullface": "south" },
        "up":    { "uv": [ 8.5, 11.5, 11, 16 ], "texture": "#texture", "cullface": "south" },
        "north": { "uv": [ 5, 5.5, 7.5, 8 ], "texture": "#texture", "cullface": "south" },
        "south": { "uv": [ 8.5, 5.5, 11, 8 ], "texture": "#texture", "cullface": "south" },
        "west":  { "uv": [ 11.5, 5.5, 16, 8 ], "texture": "#texture", "cullface": "south" },
        "east":  { "uv": [ 0, 5.5, 4.5, 8 ], "texture": "#texture", "cullface": "south" }
    }
},
{
    "from": [ 8.5, 7.5, 2 ],
    "to": [ 9.5, 8.5, 5.5 ],
    "faces": {
        "down":  { "uv": [ 7.5, 5.5, 6.5, 3 ], "texture": "#texture" },
        "up":    { "uv": [ 8.5, 3, 9.5, 5.5 ], "texture": "#texture" },
        "north": { "uv": [ 6.5, 9, 7.5, 10 ], "texture": "#texture" },
        "south": { "uv": [ 8.5, 9, 9.5, 10 ], "texture": "#texture" },
        "west":  { "uv": [ 3, 9, 5.5, 10 ], "texture": "#texture" },
        "east":  { "uv": [ 10.5, 9, 13, 10 ], "texture": "#texture" }
    }
},
{
    "from": [ 9, 3, -4.5 ],
    "to": [ 10, 8, -2 ],
    "faces": {
        "down":  { "uv": [ 7, 0, 6, 0 ], "texture": "#texture", "cullface": "north" },
        "up":    { "uv": [ 9, 0, 10, 0 ], "texture": "#texture", "cullface": "north" },
        "north": { "uv": [ 6, 8, 7, 13 ], "texture": "#texture", "cullface": "north" },
        "south": { "uv": [ 9, 8, 10, 13 ], "texture": "#texture", "cullface": "north" },
        "west":  { "uv": [ 0, 8, 0, 13 ], "texture": "#texture", "cullface": "north" },
        "east":  { "uv": [ 16, 8, 16, 13 ], "texture": "#texture", "cullface": "north" }
    }
},
{
    "from": [ 9, 8.5, 16 ],
    "to": [ 10.5, 9.5, 21 ],
    "faces": {
        "down":  { "uv": [ 7, 16, 5.5, 16 ], "texture": "#texture", "cullface": "south" },
        "up":    { "uv": [ 9, 16, 10.5, 16 ], "texture": "#texture", "cullface": "south" },
        "north": { "uv": [ 5.5, 6.5, 7, 7.5 ], "texture": "#texture", "cullface": "south" },
        "south": { "uv": [ 9, 6.5, 10.5, 7.5 ], "texture": "#texture", "cullface": "south" },
        "west":  { "uv": [ 16, 6.5, 16, 7.5 ], "texture": "#texture", "cullface": "south" },
        "east":  { "uv": [ 0, 6.5, 0, 7.5 ], "texture": "#texture", "cullface": "south" }
    }
},
{
    "from": [ 7.5, 7, 1 ],
    "to": [ 12, 9.5, 13.5 ],
    "faces": {
        "down":  { "uv": [ 8.5, 13.5, 4, 1 ], "texture": "#texture" },
        "up":    { "uv": [ 7.5, 1, 12, 13.5 ], "texture": "#texture" },
        "north": { "uv": [ 4, 6.5, 8.5, 9 ], "texture": "#texture" },
        "south": { "uv": [ 7.5, 6.5, 12, 9 ], "texture": "#texture" },
        "west":  { "uv": [ 1, 6.5, 13.5, 9 ], "texture": "#texture" },
        "east":  { "uv": [ 2.5, 6.5, 15, 9 ], "texture": "#texture" }
    }
},
{
    "from": [ 8.5, 8, -5.5 ],
    "to": [ 11, 10.5, -4.5 ],
    "faces": {
        "down":  { "uv": [ 7.5, 0, 5, 0 ], "texture": "#texture", "cullface": "north" },
        "up":    { "uv": [ 8.5, 0, 11, 0 ], "texture": "#texture", "cullface": "north" },
        "north": { "uv": [ 5, 5.5, 7.5, 8 ], "texture": "#texture", "cullface": "north" },
        "south": { "uv": [ 8.5, 5.5, 11, 8 ], "texture": "#texture", "cullface": "north" },
        "west":  { "uv": [ 0, 5.5, 0, 8 ], "texture": "#texture", "cullface": "north" },
        "east":  { "uv": [ 16, 5.5, 16, 8 ], "texture": "#texture", "cullface": "north" }
    }
},
{
    "from": [ 10.5, 12, 10 ],
    "to": [ 11, 12.5, 11 ],
    "faces": {
        "up":    { "uv": [ 10.5, 10, 11, 11 ], "texture": "#texture" },
        "north": { "uv": [ 5, 3.5, 5.5, 4 ], "texture": "#texture" },
        "south": { "uv": [ 10.5, 3.5, 11, 4 ], "texture": "#texture" },
        "west":  { "uv": [ 10, 3.5, 11, 4 ], "texture": "#texture" },
        "east":  { "uv": [ 5, 3.5, 6, 4 ], "texture": "#texture" }
    }
},
{
    "from": [ 8.5, 12, 10 ],
    "to": [ 9, 12.5, 11 ],
    "faces": {
        "up":    { "uv": [ 8.5, 10, 9, 11 ], "texture": "#texture" },
        "north": { "uv": [ 7, 3.5, 7.5, 4 ], "texture": "#texture" },
        "south": { "uv": [ 8.5, 3.5, 9, 4 ], "texture": "#texture" },
        "west":  { "uv": [ 10, 3.5, 11, 4 ], "texture": "#texture" },
        "east":  { "uv": [ 5, 3.5, 6, 4 ], "texture": "#texture" }
    }
},
{
    "from": [ 9.5, 5, 4.5 ],
    "to": [ 10, 5.5, 6 ],
    "faces": {
        "down":  { "uv": [ 6.5, 6, 6, 4.5 ], "texture": "#texture" },
        "up":    { "uv": [ 9.5, 4.5, 10, 6 ], "texture": "#texture" },
        "south": { "uv": [ 9.5, 10.5, 10, 11 ], "texture": "#texture" },
        "west":  { "uv": [ 4.5, 10.5, 6, 11 ], "texture": "#texture" },
        "east":  { "uv": [ 10, 10.5, 11.5, 11 ], "texture": "#texture" }
    }
},
{
    "from": [ 9.5, 5.5, 6 ],
    "to": [ 10, 7, 6.5 ],
    "faces": {
        "down":  { "uv": [ 6.5, 6.5, 6, 6 ], "texture": "#texture" },
        "north": { "uv": [ 6, 9, 6.5, 10.5 ], "texture": "#texture" },
        "south": { "uv": [ 9.5, 9, 10, 10.5 ], "texture": "#texture" },
        "west":  { "uv": [ 6, 9, 6.5, 10.5 ], "texture": "#texture" },
        "east":  { "uv": [ 9.5, 9, 10, 10.5 ], "texture": "#texture" }
    }
},
{
    "from": [ 9.5, 6, 5 ],
    "to": [ 10, 7, 5.5 ],
    "faces": {
        "down":  { "uv": [ 6.5, 5.5, 6, 5 ], "texture": "#texture" },
        "north": { "uv": [ 6, 9, 6.5, 10 ], "texture": "#texture" },
        "south": { "uv": [ 9.5, 9, 10, 10 ], "texture": "#texture" },
        "west":  { "uv": [ 5, 9, 5.5, 10 ], "texture": "#texture" },
        "east":  { "uv": [ 10.5, 9, 11, 10 ], "texture": "#texture" }
    }
},
{
    "from": [ 7, 9.5, -3.5 ],
    "to": [ 8, 11, 2 ],
    "faces": {
        "down":  { "uv": [ 7, -3.5, 8, 2 ], "texture": "#texture", "cullface": "north" },
        "up":    { "uv": [ 7, 0, 8, 5.5 ], "texture": "#texture", "cullface": "north" },
        "north": { "uv": [ 7, 5, 8, 6.5 ], "texture": "#texture", "cullface": "north" },
        "west":  { "uv": [ 0, 5, 5.5, 6.5 ], "texture": "#texture", "cullface": "north" }
    }
},
{
    "from": [ 7.5, 8, -4 ],
    "to": [ 8.5, 8.5, 1.5 ],
    "faces": {
        "down":  { "uv": [ 8.5, 1.5, 7.5, 0 ], "texture": "#texture", "cullface": "north" },
        "up":    { "uv": [ 7.5, 0, 8.5, 1.5 ], "texture": "#texture", "cullface": "north" },
        "north": { "uv": [ 7.5, 7.5, 8.5, 8 ], "texture": "#texture", "cullface": "north" },
        "west":  { "uv": [ 0, 7.5, 1.5, 8 ], "texture": "#texture", "cullface": "north" },
        "east":  { "uv": [ 14.5, 7.5, 16, 8 ], "texture": "#texture", "cullface": "north" }
    }
},
{
    "from": [ 7.5, 10, 11.5 ],
    "to": [ 8.5, 10.5, 15 ],
    "faces": {
        "down":  { "uv": [ 8.5, 15, 7.5, 11.5 ], "texture": "#texture" },
        "up":    { "uv": [ 7.5, 11.5, 8.5, 15 ], "texture": "#texture" },
        "south": { "uv": [ 7.5, 5.5, 8.5, 6 ], "texture": "#texture" },
        "west":  { "uv": [ 11.5, 5.5, 15, 6 ], "texture": "#texture" }
    }
},
{
    "from": [ 7, 7.5, 2 ],
    "to": [ 8, 11, 10.5 ],
    "faces": {
        "down":  { "uv": [ 9, 10.5, 8, 2 ], "texture": "#black", "tintindex": 0 },
        "up":    { "uv": [ 7, 2, 8, 10.5 ], "texture": "#black", "tintindex": 0 },
        "north": { "uv": [ 8, 5, 9, 8.5 ], "texture": "#black", "tintindex": 0 },
        "south": { "uv": [ 7, 5, 8, 8.5 ], "texture": "#black", "tintindex": 0 },
        "west":  { "uv": [ 2, 5, 10.5, 8.5 ], "texture": "#black", "tintindex": 0 }
    }
},
{
    "from": [ 7, 7.5, 10.5 ],
    "to": [ 8, 9, 13.5 ],
    "faces": {
        "down":  { "uv": [ 9, 13.5, 8, 10.5 ], "texture": "#texture" },
        "up":    { "uv": [ 7, 10.5, 8, 13.5 ], "texture": "#texture" },
        "south": { "uv": [ 7, 7, 8, 8.5 ], "texture": "#texture" },
        "west":  { "uv": [ 10.5, 7, 13.5, 8.5 ], "texture": "#texture" }
    }
},
{
    "from": [ 11.5, 7.5, 2 ],
    "to": [ 12.5, 11, 10.5 ],
    "faces": {
        "down":  { "uv": [ 4.5, 10.5, 3.5, 2 ], "texture": "#texture" },
        "up":    { "uv": [ 11.5, 2, 12.5, 10.5 ], "texture": "#texture" },
        "north": { "uv": [ 3.5, 5, 4.5, 8.5 ], "texture": "#texture" },
        "south": { "uv": [ 11.5, 5, 12.5, 8.5 ], "texture": "#texture" },
        "east":  { "uv": [ 5.5, 5, 14, 8.5 ], "texture": "#texture" }
    }
},
{
    "from": [ 11.5, 7.5, 10.5 ],
    "to": [ 12.5, 9, 13.5 ],
    "faces": {
        "down":  { "uv": [ 4.5, 13.5, 3.5, 10.5 ], "texture": "#texture" },
        "up":    { "uv": [ 11.5, 10.5, 12.5, 13.5 ], "texture": "#texture" },
        "south": { "uv": [ 11.5, 7, 12.5, 8.5 ], "texture": "#texture" },
        "east":  { "uv": [ 2.5, 7, 5.5, 8.5 ], "texture": "#texture" }
    }
},
{
    "from": [ 11.5, 7.5, 10.5 ],
    "to": [ 12.5, 9, 13.5 ],
    "faces": {
        "down":  { "uv": [ 4.5, 13.5, 3.5, 10.5 ], "texture": "#texture" },
        "up":    { "uv": [ 11.5, 10.5, 12.5, 13.5 ], "texture": "#texture" },
        "south": { "uv": [ 11.5, 7, 12.5, 8.5 ], "texture": "#texture" },
        "east":  { "uv": [ 2.5, 7, 5.5, 8.5 ], "texture": "#texture" }
    }
},
{
    "from": [ 11.5, 9.5, -3.5 ],
    "to": [ 12.5, 11, 2 ],
    "faces": {
        "down":  { "uv": [ 4.5, 2, 3.5, 0 ], "texture": "#texture", "cullface": "north" },
        "up":    { "uv": [ 11.5, 0, 12.5, 2 ], "texture": "#texture", "cullface": "north" },
        "north": { "uv": [ 3.5, 5, 4.5, 6.5 ], "texture": "#texture", "cullface": "north" },
        "east":  { "uv": [ 14, 5, 16, 6.5 ], "texture": "#texture", "cullface": "north" }
    }
},
{
    "from": [ 11, 8, -4 ],
    "to": [ 12, 8.5, 1.5 ],
    "faces": {
        "down":  { "uv": [ 5, 1.5, 4, 0 ], "texture": "#texture", "cullface": "north" },
        "up":    { "uv": [ 11, 0, 12, 1.5 ], "texture": "#texture", "cullface": "north" },
        "north": { "uv": [ 4, 7.5, 5, 8 ], "texture": "#texture", "cullface": "north" },
        "west":  { "uv": [ 0, 7.5, 1.5, 8 ], "texture": "#texture", "cullface": "north" },
        "east":  { "uv": [ 14.5, 7.5, 16, 8 ], "texture": "#texture", "cullface": "north" }
    }
},
{
    "from": [ 11, 10, 11.5 ],
    "to": [ 12, 10.5, 14.5 ],
    "faces": {
        "down":  { "uv": [ 5, 14.5, 4, 11.5 ], "texture": "#texture" },
        "up":    { "uv": [ 11, 11.5, 12, 14.5 ], "texture": "#texture" },
        "south": { "uv": [ 11, 5.5, 12, 6 ], "texture": "#texture" },
        "east":  { "uv": [ 1.5, 5.5, 4.5, 6 ], "texture": "#texture" }
    }
}
],
"display": {
    "thirdperson_righthand": {
        "rotation": [ 62, 180, 0 ],
        "translation": [ 1.13, 4.34, 2.46 ],
        "scale": [ 1, 1, 1 ]
    },
    "thirdperson_lefthand": {
        "rotation": [ 62, 180, 0 ],
        "translation": [ 1.13, 4.34, 2.46 ],
        "scale": [ 1, 1, 1 ]
    },
    "ground": {
        "rotation": [ 0, 0, 0 ],
        "translation": [ 0, 5.29, 0 ],
        "scale": [ 1, 1, 1.5 ]
    },
    "firstperson_righthand": {
        "rotation": [ 0, -180, 0 ],
        "translation": [ 1.51, 2.46, -5.1 ],
        "scale": [ 1, 1, 1 ]
    },
    "firstperson_lefthand": {
        "rotation": [ 0, -180, 0 ],
        "translation": [ 1.51, 2.46, -5.1 ],
        "scale": [ 1, 1, 1 ]
    },
    "gui": {
        "rotation": [ -72, -58, -78 ],
        "translation": [ -0.76, 1.7, 0 ],
        "scale": [ 1, 1, 1 ]
    }
}
}