{
    "parent": "item/jhsy/wand_air_1",
    "display": {
		"firstperson_righthand": {
            "rotation": [ 0, 100, 0 ],
            "translation": [ 0, 4, 1 ],
            "scale": [ 0.6, 0.6, 0.6 ]
		},
        "thirdperson_righthand": {
            "rotation": [ 0, -90, 0 ],
            "translation": [ -0.5, 3, 2 ],
            "scale": [ 0.85, 0.85, 0.85 ]
		},
		"gui": {
			"rotation": [ 45, 25, -45 ],
			"translation": [ 0, 0, 0 ],
			"scale": [ 0.7, 0.7, 0.7 ]
		},
        "ground": {
            "rotation": [ 0, 0, 0 ],
            "translation": [ 0, 4, 0 ],
            "scale": [ 0.5, 0.5, 0.5 ]
        }
    }
}
