{
"__comment": "Designed by Hunajameloni with BDcraft Cubik PRO 0.92 Beta - http://bdcraft.net",
"textures": {
    "particle": "jhsy/default/slm",
    "texture": "jhsy/default/slm"
},
"elements": [ 
{
    "from": [ 4, 3.5, 4 ],
    "to": [ 11, 10, 11 ],
    "faces": {
        "down":  { "uv": [ 4.25, 8, 8, 12.25 ], "texture": "#texture" },
        "up":    { "uv": [ 4.25, 8, 8, 12.25 ], "texture": "#texture" },
        "north": { "uv": [ 4, 8.75, 8.25, 12.25 ], "texture": "#texture" },
        "south": { "uv": [ 4.75, 6, 11, 12.5 ], "texture": "#texture" },
        "west":  { "uv": [ 4.5, 8.75, 9, 12.75 ], "texture": "#texture" },
        "east":  { "uv": [ 4.5, 8.75, 9, 12.75 ], "texture": "#texture" }
    }
},
{
    "from": [ 3.5, 4, 4.5 ],
    "to": [ 11.5, 9.5, 10.5 ],
    "faces": {
        "down":  { "uv": [ 4.5, 9.25, 8.5, 12.5 ], "texture": "#texture" },
        "up":    { "uv": [ 4.5, 9.25, 8.5, 12.5 ], "texture": "#texture" },
        "north": { "uv": [ 5, 9, 8, 12.5 ], "texture": "#texture" },
        "south": { "uv": [ 5, 9, 8, 12.5 ], "texture": "#texture" },
        "west":  { "uv": [ 4.5, 9.5, 8.25, 12.25 ], "texture": "#texture" },
        "east":  { "uv": [ 4.5, 9.5, 8.25, 12.25 ], "texture": "#texture" }
    }
},
{
    "from": [ 5.5, 2.5, 5 ],
    "to": [ 9.5, 11, 10 ],
    "faces": {
        "down":  { "uv": [ 4.5, 4.5, 10.5, 10.5 ], "texture": "#texture" },
        "up":    { "uv": [ 4.5, 4.5, 10.5, 10.5 ], "texture": "#texture" },
        "north": { "uv": [ 4.5, 5.5, 10.5, 13 ], "texture": "#texture" },
        "south": { "uv": [ 4.5, 5.5, 10.5, 13 ], "texture": "#texture" },
        "west":  { "uv": [ 4.5, 5.5, 10.5, 13 ], "texture": "#texture" },
        "east":  { "uv": [ 4.5, 5.5, 10.5, 13 ], "texture": "#texture" }
    }
},
{
    "from": [ 4.5, 4, 3.5 ],
    "to": [ 10.5, 9.5, 11.5 ],
    "faces": {
        "down":  { "uv": [ 8.5, 12.5, 4, 8.75 ], "texture": "#texture" },
        "up":    { "uv": [ 4.25, 9, 9.25, 12.25 ], "texture": "#texture" },
        "north": { "uv": [ 4.25, 9.25, 8.75, 12 ], "texture": "#texture" },
        "south": { "uv": [ 4.5, 8.75, 8.25, 12.25 ], "texture": "#texture" },
        "west":  { "uv": [ 4.25, 8.75, 8.25, 12.25 ], "texture": "#texture" },
        "east":  { "uv": [ 4.25, 8.75, 8.25, 12.25 ], "texture": "#texture" }
    }
},
{
    "from": [ 3, 4.5, 5 ],
    "to": [ 12, 9, 10 ],
    "faces": {
        "down":  { "uv": [ 4.5, 9.25, 8.5, 12.5 ], "texture": "#texture" },
        "up":    { "uv": [ 4.5, 9.25, 8.5, 12.5 ], "texture": "#texture" },
        "north": { "uv": [ 5, 9, 8, 12.5 ], "texture": "#texture" },
        "south": { "uv": [ 5, 9, 8, 12.5 ], "texture": "#texture" },
        "west":  { "uv": [ 4.25, 4, 12, 12.75 ], "texture": "#texture" },
        "east":  { "uv": [ 4.25, 4, 12, 12.75 ], "texture": "#texture" }
    }
},
{
    "from": [ 5, 4.5, 3 ],
    "to": [ 10, 9, 12 ],
    "faces": {
        "down":  { "uv": [ 8.5, 12.5, 4, 8.75 ], "texture": "#texture" },
        "up":    { "uv": [ 4.25, 9, 9.25, 12.25 ], "texture": "#texture" },
        "north": { "uv": [ 4.5, 4, 11.75, 12 ], "texture": "#texture" },
        "south": { "uv": [ 4.5, 4, 11.75, 12 ], "texture": "#texture" },
        "west":  { "uv": [ 4.25, 8.75, 8.25, 12.25 ], "texture": "#texture" },
        "east":  { "uv": [ 4.25, 8.75, 8.25, 12.25 ], "texture": "#texture" }
    }
},
{
    "from": [ 5, 3, 4.5 ],
    "to": [ 10, 10.5, 10.5 ],
    "faces": {
        "down":  { "uv": [ 4.5, 4.5, 10.5, 10.5 ], "texture": "#texture" },
        "up":    { "uv": [ 4.5, 4.5, 10.5, 10.5 ], "texture": "#texture" },
        "north": { "uv": [ 4.5, 5.5, 10.5, 13 ], "texture": "#texture" },
        "south": { "uv": [ 4.5, 5.5, 10.5, 13 ], "texture": "#texture" },
        "west":  { "uv": [ 4.5, 5.5, 10.5, 13 ], "texture": "#texture" },
        "east":  { "uv": [ 4.5, 5.5, 10.5, 13 ], "texture": "#texture" }
    }
}
],
"display": {
    "thirdperson_righthand": {
        "rotation": [ 0, 0, 0 ],
        "translation": [ -2.27, 0.76, 0 ],
        "scale": [ 0.6, 0.6, 0.6 ]
    },
    "thirdperson_lefthand": {
        "rotation": [ 0, 0, 0 ],
        "translation": [ -2.27, 0.76, 0 ],
        "scale": [ 0.6, 0.6, 0.6 ]
    },
    "ground": {
        "rotation": [ 0, 0, 0 ],
        "translation": [ 0, 0, 0 ],
        "scale": [ 0.6, 0.6, 0.6 ]
    },
    "fixed": {
        "rotation": [ 0, 0, 0 ],
        "translation": [ 0, 1.13, 1.7 ],
        "scale": [ 1, 1, 1 ]
    },
    "firstperson_righthand": {
        "rotation": [ 0, 0, 0 ],
        "translation": [ 0, 1.32, 0 ],
        "scale": [ 0.7, 0.7, 0.7 ]
    },
    "firstperson_lefthand": {
        "rotation": [ 0, 0, 0 ],
        "translation": [ 0, 1.32, 0 ],
        "scale": [ 0.7, 0.7, 0.7 ]
    },
    "gui": {
        "rotation": [ 18, -41, 0 ],
        "translation": [ 0, 0.76, 0 ],
        "scale": [ 1, 1, 1 ]
    }
}
}