{
"__comment": "Designed by FirecatHD",
"textures": {
    "particle": "jhsy/liandao/air_spear_all",
    "texture": "jhsy/liandao/air_spear_all"
},
"elements": [ 
{
    "from": [ 0, 9.53, 7.4375 ],
    "to": [ 15, 10.03, 7.5 ],
    "rotation": { "origin": [ 0, 10.03, 7.4375 ], "axis": "x", "angle": 22.5 },
    "faces": {
        "down":  { "uv": [ 0, 7, 15, 7.5 ], "texture": "#texture" },
        "up":    { "uv": [ 0, 7, 15, 7.5 ], "texture": "#texture" },
        "north": { "uv": [ 0, 6.5, 15, 7.5 ], "texture": "#texture" },
        "south": { "uv": [ 0, 6.5, 15, 7.5 ], "texture": "#texture" },
        "west":  { "uv": [ 7, 5, 7.5, 6 ], "texture": "#texture" },
        "east":  { "uv": [ 7, 5, 7.5, 6 ], "texture": "#texture" }
    }
},
{
    "from": [ 0, 9.5, 7 ],
    "to": [ 15, 10, 7.0625 ],
    "rotation": { "origin": [ 0, 10, 7 ], "axis": "x", "angle": -22.5 },
    "faces": {
        "down":  { "uv": [ 0, 7, 15, 7.5 ], "texture": "#texture" },
        "up":    { "uv": [ 0, 7, 15, 7.5 ], "texture": "#texture" },
        "north": { "uv": [ 0, 6.5, 15, 7.5 ], "texture": "#texture" },
        "south": { "uv": [ 0, 6.5, 15, 7.5 ], "texture": "#texture" },
        "west":  { "uv": [ 7, 5, 7.5, 6 ], "texture": "#texture" },
        "east":  { "uv": [ 7, 5, 7.5, 6 ], "texture": "#texture" }
    }
},
{
    "from": [ -0.5, 9.5, 7.125 ],
    "to": [ 0, 10, 7.375 ],
    "faces": {
        "down":  { "uv": [ 7, 6.5, 9.5, 7.5 ], "texture": "#texture" },
        "up":    { "uv": [ 7, 6.5, 9.5, 7.5 ], "texture": "#texture" },
        "north": { "uv": [ 7.25, 6.5, 9.75, 7.25 ], "texture": "#texture" },
        "south": { "uv": [ 7.25, 6.5, 9.75, 7.25 ], "texture": "#texture" },
        "west":  { "uv": [ 7.5, 6, 8.5, 6.75 ], "texture": "#texture" },
        "east":  { "uv": [ 7.5, 6, 8.5, 6.75 ], "texture": "#texture" }
    }
},
{
    "from": [ 0, 10, 7 ],
    "to": [ 15, 11, 7.5 ],
    "faces": {
        "down":  { "uv": [ 0, 7, 15, 7.5 ], "texture": "#texture" },
        "up":    { "uv": [ 0, 7, 15, 7.5 ], "texture": "#texture" },
        "north": { "uv": [ 0, 6.5, 15, 7.5 ], "texture": "#texture" },
        "south": { "uv": [ 0, 6.5, 15, 7.5 ], "texture": "#texture" },
        "west":  { "uv": [ 7, 5, 7.5, 6 ], "texture": "#texture" },
        "east":  { "uv": [ 7, 5, 7.5, 6 ], "texture": "#texture" }
    }
},
{
    "from": [ -0.5, 10, 7 ],
    "to": [ 0, 11, 7.5 ],
    "faces": {
        "down":  { "uv": [ 0, 7, 15, 7.5 ], "texture": "#texture" },
        "up":    { "uv": [ 0, 7, 15, 7.5 ], "texture": "#texture" },
        "north": { "uv": [ 0, 6.5, 15, 7.5 ], "texture": "#texture" },
        "south": { "uv": [ 0, 6.5, 15, 7.5 ], "texture": "#texture" },
        "west":  { "uv": [ 7, 5, 7.5, 6 ], "texture": "#texture" },
        "east":  { "uv": [ 7, 5, 7.5, 6 ], "texture": "#texture" }
    }
},
{
    "from": [ -0.5, 9.5, 7.125 ],
    "to": [ 0, 10, 7.375 ],
    "faces": {
        "down":  { "uv": [ 0, 7, 15, 7.5 ], "texture": "#texture" },
        "up":    { "uv": [ 0, 7, 15, 7.5 ], "texture": "#texture" },
        "north": { "uv": [ 0, 6.5, 15, 7.5 ], "texture": "#texture" },
        "south": { "uv": [ 0, 6.5, 15, 7.5 ], "texture": "#texture" },
        "west":  { "uv": [ 7, 5, 7.5, 6 ], "texture": "#texture" },
        "east":  { "uv": [ 7, 5, 7.5, 6 ], "texture": "#texture" }
    }
},
{
    "from": [ -2, 9.75, 7.125 ],
    "to": [ -0.5, 11.25, 7.375 ],
    "faces": {
        "down":  { "uv": [ 0, 7, 15, 7.5 ], "texture": "#texture" },
        "up":    { "uv": [ 0, 7, 15, 7.5 ], "texture": "#texture" },
        "north": { "uv": [ 0, 6.5, 15, 7.5 ], "texture": "#texture" },
        "south": { "uv": [ 0, 6.5, 15, 7.5 ], "texture": "#texture" },
        "west":  { "uv": [ 7, 5, 7.5, 6 ], "texture": "#texture" },
        "east":  { "uv": [ 7, 5, 7.5, 6 ], "texture": "#texture" }
    }
},
{
    "from": [ -3.25, 10, 7.125 ],
    "to": [ -2, 11.5, 7.375 ],
    "faces": {
        "down":  { "uv": [ 0, 7, 15, 7.5 ], "texture": "#texture" },
        "up":    { "uv": [ 0, 7, 15, 7.5 ], "texture": "#texture" },
        "north": { "uv": [ 0, 6.5, 15, 7.5 ], "texture": "#texture" },
        "south": { "uv": [ 0, 6.5, 15, 7.5 ], "texture": "#texture" },
        "west":  { "uv": [ 7, 5, 7.5, 6 ], "texture": "#texture" },
        "east":  { "uv": [ 7, 5, 7.5, 6 ], "texture": "#texture" }
    }
},
{
    "from": [ -4, 10.5, 7.125 ],
    "to": [ -3.25, 12, 7.375 ],
    "faces": {
        "down":  { "uv": [ 0, 7, 15, 7.5 ], "texture": "#texture" },
        "up":    { "uv": [ 0, 7, 15, 7.5 ], "texture": "#texture" },
        "north": { "uv": [ 0, 6.5, 15, 7.5 ], "texture": "#texture" },
        "south": { "uv": [ 0, 6.5, 15, 7.5 ], "texture": "#texture" },
        "west":  { "uv": [ 7, 5, 7.5, 6 ], "texture": "#texture" },
        "east":  { "uv": [ 7, 5, 7.5, 6 ], "texture": "#texture" }
    }
},
{
    "from": [ -3, 10.25, 7 ],
    "to": [ -0.75, 11, 7.5 ],
    "faces": {
        "down":  { "uv": [ 7, 6.5, 9.5, 7.5 ], "texture": "#texture" },
        "up":    { "uv": [ 7, 6.5, 9.5, 7.5 ], "texture": "#texture" },
        "north": { "uv": [ 7.25, 6.5, 9.75, 7.25 ], "texture": "#texture" },
        "south": { "uv": [ 7.25, 6.5, 9.75, 7.25 ], "texture": "#texture" },
        "west":  { "uv": [ 7.5, 6, 8.5, 6.75 ], "texture": "#texture" },
        "east":  { "uv": [ 7.5, 6, 8.5, 6.75 ], "texture": "#texture" }
    }
},
{
    "from": [ -3.25, 11.5, 7.125 ],
    "to": [ -2.5, 11.75, 7.375 ],
    "faces": {
        "down":  { "uv": [ 0, 7, 15, 7.5 ], "texture": "#texture" },
        "up":    { "uv": [ 0, 7, 15, 7.5 ], "texture": "#texture" },
        "north": { "uv": [ 0, 6.5, 15, 7.5 ], "texture": "#texture" },
        "south": { "uv": [ 0, 6.5, 15, 7.5 ], "texture": "#texture" },
        "west":  { "uv": [ 7, 5, 7.5, 6 ], "texture": "#texture" },
        "east":  { "uv": [ 7, 5, 7.5, 6 ], "texture": "#texture" }
    }
},
{
    "from": [ 15, 9.25, 6.75 ],
    "to": [ 15.75, 11.25, 7.75 ],
    "faces": {
        "down":  { "uv": [ 12, 3.5, 14.5, 4.5 ], "texture": "#texture" },
        "up":    { "uv": [ 12, 3.5, 14.5, 4.5 ], "texture": "#texture" },
        "north": { "uv": [ 12.25, 4.25, 14.75, 5 ], "texture": "#texture" },
        "south": { "uv": [ 12.25, 4.25, 14.75, 5 ], "texture": "#texture" },
        "west":  { "uv": [ 14.5, 4.25, 15.5, 5 ], "texture": "#texture" },
        "east":  { "uv": [ 14.5, 4.25, 15.5, 5 ], "texture": "#texture" }
    }
},
{
    "from": [ 15, 9.5, 6.5 ],
    "to": [ 15.75, 11, 8 ],
    "faces": {
        "down":  { "uv": [ 12, 3.5, 14.5, 4.5 ], "texture": "#texture" },
        "up":    { "uv": [ 12, 3.5, 14.5, 4.5 ], "texture": "#texture" },
        "north": { "uv": [ 12.25, 4.25, 14.75, 5 ], "texture": "#texture" },
        "south": { "uv": [ 12.25, 4.25, 14.75, 5 ], "texture": "#texture" },
        "west":  { "uv": [ 14.5, 4.25, 15.5, 5 ], "texture": "#texture" },
        "east":  { "uv": [ 14.5, 4.25, 15.5, 5 ], "texture": "#texture" }
    }
},
{
    "from": [ 15.75, 9.75, 7 ],
    "to": [ 25, 10.75, 7.5 ],
    "faces": {
        "down":  { "uv": [ 3.75, 10, 6.75, 11 ], "texture": "#texture" },
        "up":    { "uv": [ 3.75, 10, 6.75, 11 ], "texture": "#texture" },
        "north": { "uv": [ 5, 9.75, 7.25, 10.75 ], "texture": "#texture" },
        "south": { "uv": [ 5, 9.75, 7.25, 10.75 ], "texture": "#texture" },
        "west":  { "uv": [ 3, 10, 5, 11 ], "texture": "#texture" },
        "east":  { "uv": [ 3, 10, 5, 11 ], "texture": "#texture" }
    }
},
{
    "from": [ 16, 9.5, 6.75 ],
    "to": [ 16.5, 11, 7.75 ],
    "faces": {
        "down":  { "uv": [ 5.25, 0.5, 7.75, 1.5 ], "texture": "#texture" },
        "up":    { "uv": [ 5.25, 0.5, 7.75, 1.5 ], "texture": "#texture" },
        "north": { "uv": [ 6, 2, 8.5, 2.75 ], "texture": "#texture" },
        "south": { "uv": [ 6, 2, 8.5, 2.75 ], "texture": "#texture" },
        "west":  { "uv": [ 8.5, 0.75, 9.5, 1.5 ], "texture": "#texture" },
        "east":  { "uv": [ 8.5, 0.75, 9.5, 1.5 ], "texture": "#texture" }
    }
},
{
    "from": [ 16.75, 9.5, 6.75 ],
    "to": [ 17.25, 11, 7.75 ],
    "faces": {
        "down":  { "uv": [ 5.25, 0.5, 7.75, 1.5 ], "texture": "#texture" },
        "up":    { "uv": [ 5.25, 0.5, 7.75, 1.5 ], "texture": "#texture" },
        "north": { "uv": [ 6, 2, 8.5, 2.75 ], "texture": "#texture" },
        "south": { "uv": [ 6, 2, 8.5, 2.75 ], "texture": "#texture" },
        "west":  { "uv": [ 8.5, 0.75, 9.5, 1.5 ], "texture": "#texture" },
        "east":  { "uv": [ 8.5, 0.75, 9.5, 1.5 ], "texture": "#texture" }
    }
},
{
    "from": [ 17.5, 9.5, 6.75 ],
    "to": [ 18, 11, 7.75 ],
    "faces": {
        "down":  { "uv": [ 5.25, 0.5, 7.75, 1.5 ], "texture": "#texture" },
        "up":    { "uv": [ 5.25, 0.5, 7.75, 1.5 ], "texture": "#texture" },
        "north": { "uv": [ 6, 2, 8.5, 2.75 ], "texture": "#texture" },
        "south": { "uv": [ 6, 2, 8.5, 2.75 ], "texture": "#texture" },
        "west":  { "uv": [ 8.5, 0.75, 9.5, 1.5 ], "texture": "#texture" },
        "east":  { "uv": [ 8.5, 0.75, 9.5, 1.5 ], "texture": "#texture" }
    }
},
{
    "from": [ 18.25, 9.5, 6.75 ],
    "to": [ 18.75, 11, 7.75 ],
    "faces": {
        "down":  { "uv": [ 5.25, 0.5, 7.75, 1.5 ], "texture": "#texture" },
        "up":    { "uv": [ 5.25, 0.5, 7.75, 1.5 ], "texture": "#texture" },
        "north": { "uv": [ 6, 2, 8.5, 2.75 ], "texture": "#texture" },
        "south": { "uv": [ 6, 2, 8.5, 2.75 ], "texture": "#texture" },
        "west":  { "uv": [ 8.5, 0.75, 9.5, 1.5 ], "texture": "#texture" },
        "east":  { "uv": [ 8.5, 0.75, 9.5, 1.5 ], "texture": "#texture" }
    }
},
{
    "from": [ 19, 9.5, 6.75 ],
    "to": [ 19.5, 11, 7.75 ],
    "faces": {
        "down":  { "uv": [ 5.25, 0.5, 7.75, 1.5 ], "texture": "#texture" },
        "up":    { "uv": [ 5.25, 0.5, 7.75, 1.5 ], "texture": "#texture" },
        "north": { "uv": [ 6, 2, 8.5, 2.75 ], "texture": "#texture" },
        "south": { "uv": [ 6, 2, 8.5, 2.75 ], "texture": "#texture" },
        "west":  { "uv": [ 8.5, 0.75, 9.5, 1.5 ], "texture": "#texture" },
        "east":  { "uv": [ 8.5, 0.75, 9.5, 1.5 ], "texture": "#texture" }
    }
},
{
    "from": [ 19.75, 9.5, 6.75 ],
    "to": [ 20.25, 11, 7.75 ],
    "faces": {
        "down":  { "uv": [ 5.25, 0.5, 7.75, 1.5 ], "texture": "#texture" },
        "up":    { "uv": [ 5.25, 0.5, 7.75, 1.5 ], "texture": "#texture" },
        "north": { "uv": [ 6, 2, 8.5, 2.75 ], "texture": "#texture" },
        "south": { "uv": [ 6, 2, 8.5, 2.75 ], "texture": "#texture" },
        "west":  { "uv": [ 8.5, 0.75, 9.5, 1.5 ], "texture": "#texture" },
        "east":  { "uv": [ 8.5, 0.75, 9.5, 1.5 ], "texture": "#texture" }
    }
},
{
    "from": [ 20.5, 9.5, 6.75 ],
    "to": [ 21, 11, 7.75 ],
    "faces": {
        "down":  { "uv": [ 5.25, 0.5, 7.75, 1.5 ], "texture": "#texture" },
        "up":    { "uv": [ 5.25, 0.5, 7.75, 1.5 ], "texture": "#texture" },
        "north": { "uv": [ 6, 2, 8.5, 2.75 ], "texture": "#texture" },
        "south": { "uv": [ 6, 2, 8.5, 2.75 ], "texture": "#texture" },
        "west":  { "uv": [ 8.5, 0.75, 9.5, 1.5 ], "texture": "#texture" },
        "east":  { "uv": [ 8.5, 0.75, 9.5, 1.5 ], "texture": "#texture" }
    }
},
{
    "from": [ 21.25, 9.5, 6.75 ],
    "to": [ 21.75, 11, 7.75 ],
    "faces": {
        "down":  { "uv": [ 5.25, 0.5, 7.75, 1.5 ], "texture": "#texture" },
        "up":    { "uv": [ 5.25, 0.5, 7.75, 1.5 ], "texture": "#texture" },
        "north": { "uv": [ 6, 2, 8.5, 2.75 ], "texture": "#texture" },
        "south": { "uv": [ 6, 2, 8.5, 2.75 ], "texture": "#texture" },
        "west":  { "uv": [ 8.5, 0.75, 9.5, 1.5 ], "texture": "#texture" },
        "east":  { "uv": [ 8.5, 0.75, 9.5, 1.5 ], "texture": "#texture" }
    }
},
{
    "from": [ 22, 9.5, 6.75 ],
    "to": [ 22.5, 11, 7.75 ],
    "faces": {
        "down":  { "uv": [ 5.25, 0.5, 7.75, 1.5 ], "texture": "#texture" },
        "up":    { "uv": [ 5.25, 0.5, 7.75, 1.5 ], "texture": "#texture" },
        "north": { "uv": [ 6, 2, 8.5, 2.75 ], "texture": "#texture" },
        "south": { "uv": [ 6, 2, 8.5, 2.75 ], "texture": "#texture" },
        "west":  { "uv": [ 8.5, 0.75, 9.5, 1.5 ], "texture": "#texture" },
        "east":  { "uv": [ 8.5, 0.75, 9.5, 1.5 ], "texture": "#texture" }
    }
},
{
    "from": [ 22.75, 9.5, 6.75 ],
    "to": [ 23.25, 11, 7.75 ],
    "faces": {
        "down":  { "uv": [ 5.25, 0.5, 7.75, 1.5 ], "texture": "#texture" },
        "up":    { "uv": [ 5.25, 0.5, 7.75, 1.5 ], "texture": "#texture" },
        "north": { "uv": [ 6, 2, 8.5, 2.75 ], "texture": "#texture" },
        "south": { "uv": [ 6, 2, 8.5, 2.75 ], "texture": "#texture" },
        "west":  { "uv": [ 8.5, 0.75, 9.5, 1.5 ], "texture": "#texture" },
        "east":  { "uv": [ 8.5, 0.75, 9.5, 1.5 ], "texture": "#texture" }
    }
},
{
    "from": [ 23.5, 9.5, 6.75 ],
    "to": [ 24, 11, 7.75 ],
    "faces": {
        "down":  { "uv": [ 5.25, 0.5, 7.75, 1.5 ], "texture": "#texture" },
        "up":    { "uv": [ 5.25, 0.5, 7.75, 1.5 ], "texture": "#texture" },
        "north": { "uv": [ 6, 2, 8.5, 2.75 ], "texture": "#texture" },
        "south": { "uv": [ 6, 2, 8.5, 2.75 ], "texture": "#texture" },
        "west":  { "uv": [ 8.5, 0.75, 9.5, 1.5 ], "texture": "#texture" },
        "east":  { "uv": [ 8.5, 0.75, 9.5, 1.5 ], "texture": "#texture" }
    }
},
{
    "from": [ 24.25, 9.25, 6.5 ],
    "to": [ 25, 11.25, 8 ],
    "faces": {
        "down":  { "uv": [ 12, 3.5, 14.5, 4.5 ], "texture": "#texture" },
        "up":    { "uv": [ 12, 3.5, 14.5, 4.5 ], "texture": "#texture" },
        "north": { "uv": [ 12.25, 4.25, 14.75, 5 ], "texture": "#texture" },
        "south": { "uv": [ 12.25, 4.25, 14.75, 5 ], "texture": "#texture" },
        "west":  { "uv": [ 14.5, 4.25, 15.5, 5 ], "texture": "#texture" },
        "east":  { "uv": [ 14.5, 4.25, 15.5, 5 ], "texture": "#texture" }
    }
},
{
    "from": [ 25, 9.5, 6.75 ],
    "to": [ 25.75, 11, 7.75 ],
    "faces": {
        "down":  { "uv": [ 3.75, 10, 6.75, 11 ], "texture": "#texture" },
        "up":    { "uv": [ 3.75, 10, 6.75, 11 ], "texture": "#texture" },
        "north": { "uv": [ 5, 9.75, 7.25, 10.75 ], "texture": "#texture" },
        "south": { "uv": [ 5, 9.75, 7.25, 10.75 ], "texture": "#texture" },
        "west":  { "uv": [ 3, 10, 5, 11 ], "texture": "#texture" },
        "east":  { "uv": [ 3, 10, 5, 11 ], "texture": "#texture" }
    }
},
{
    "from": [ 25.5, 10.75, 7 ],
    "to": [ 27, 11.25, 7.5 ],
    "faces": {
        "down":  { "uv": [ 3.75, 10, 6.75, 11 ], "texture": "#texture" },
        "up":    { "uv": [ 3.75, 10, 6.75, 11 ], "texture": "#texture" },
        "north": { "uv": [ 5, 9.75, 7.25, 10.75 ], "texture": "#texture" },
        "south": { "uv": [ 5, 9.75, 7.25, 10.75 ], "texture": "#texture" },
        "west":  { "uv": [ 3, 10, 5, 11 ], "texture": "#texture" },
        "east":  { "uv": [ 3, 10, 5, 11 ], "texture": "#texture" }
    }
},
{
    "from": [ 27.5, 8.75, 7 ],
    "to": [ 27.75, 10.5, 7.5 ],
    "faces": {
        "down":  { "uv": [ 3.75, 10, 6.75, 11 ], "texture": "#texture" },
        "up":    { "uv": [ 3.75, 10, 6.75, 11 ], "texture": "#texture" },
        "north": { "uv": [ 5, 9.75, 7.25, 10.75 ], "texture": "#texture" },
        "south": { "uv": [ 5, 9.75, 7.25, 10.75 ], "texture": "#texture" },
        "west":  { "uv": [ 3, 10, 5, 11 ], "texture": "#texture" },
        "east":  { "uv": [ 3, 10, 5, 11 ], "texture": "#texture" }
    }
},
{
    "from": [ 25.375, 9.4375, 6.75 ],
    "to": [ 26.625, 10.4375, 7.75 ],
    "rotation": { "origin": [ 25.375, 10.4375, 6.75 ], "axis": "z", "angle": -22.5 },
    "faces": {
        "down":  { "uv": [ 3.75, 10, 6.75, 11 ], "texture": "#texture" },
        "up":    { "uv": [ 3.75, 10, 6.75, 11 ], "texture": "#texture" },
        "north": { "uv": [ 5, 9.75, 7.25, 10.75 ], "texture": "#texture" },
        "south": { "uv": [ 5, 9.75, 7.25, 10.75 ], "texture": "#texture" },
        "west":  { "uv": [ 3, 10, 5, 11 ], "texture": "#texture" },
        "east":  { "uv": [ 3, 10, 5, 11 ], "texture": "#texture" }
    }
},
{
    "from": [ 26.125, 9.0325, 6.75 ],
    "to": [ 26.9375, 9.97, 7.75 ],
    "faces": {
        "down":  { "uv": [ 3.75, 10, 6.75, 11 ], "texture": "#texture" },
        "up":    { "uv": [ 3.75, 10, 6.75, 11 ], "texture": "#texture" },
        "north": { "uv": [ 5, 9.75, 7.25, 10.75 ], "texture": "#texture" },
        "south": { "uv": [ 5, 9.75, 7.25, 10.75 ], "texture": "#texture" },
        "west":  { "uv": [ 3, 10, 5, 11 ], "texture": "#texture" },
        "east":  { "uv": [ 3, 10, 5, 11 ], "texture": "#texture" }
    }
},
{
    "from": [ 26.9786, 9.125, 7 ],
    "to": [ 28.4786, 9.625, 7.5 ],
    "rotation": { "origin": [ 26.9786, 9.625, 7 ], "axis": "z", "angle": -45 },
    "faces": {
        "down":  { "uv": [ 3.75, 10, 6.75, 11 ], "texture": "#texture" },
        "up":    { "uv": [ 3.75, 10, 6.75, 11 ], "texture": "#texture" },
        "north": { "uv": [ 5, 9.75, 7.25, 10.75 ], "texture": "#texture" },
        "south": { "uv": [ 5, 9.75, 7.25, 10.75 ], "texture": "#texture" },
        "west":  { "uv": [ 3, 10, 5, 11 ], "texture": "#texture" },
        "east":  { "uv": [ 3, 10, 5, 11 ], "texture": "#texture" }
    }
},
{
    "from": [ 24.9375, 10.1875, 6.75 ],
    "to": [ 25.6875, 10.6875, 7.75 ],
    "rotation": { "origin": [ 24.9375, 10.6875, 6.75 ], "axis": "z", "angle": 45 },
    "faces": {
        "down":  { "uv": [ 3.75, 10, 6.75, 11 ], "texture": "#texture" },
        "up":    { "uv": [ 3.75, 10, 6.75, 11 ], "texture": "#texture" },
        "north": { "uv": [ 5, 9.75, 7.25, 10.75 ], "texture": "#texture" },
        "south": { "uv": [ 5, 9.75, 7.25, 10.75 ], "texture": "#texture" },
        "west":  { "uv": [ 3, 10, 5, 11 ], "texture": "#texture" },
        "east":  { "uv": [ 3, 10, 5, 11 ], "texture": "#texture" }
    }
},
{
    "from": [ 26.3125, 9.9375, 7 ],
    "to": [ 27.0625, 10.9375, 7.5 ],
    "rotation": { "origin": [ 26.3125, 10.9375, 7 ], "axis": "z", "angle": 22.5 },
    "faces": {
        "down":  { "uv": [ 3.75, 10, 6.75, 11 ], "texture": "#texture" },
        "up":    { "uv": [ 3.75, 10, 6.75, 11 ], "texture": "#texture" },
        "north": { "uv": [ 5, 9.75, 7.25, 10.75 ], "texture": "#texture" },
        "south": { "uv": [ 5, 9.75, 7.25, 10.75 ], "texture": "#texture" },
        "west":  { "uv": [ 3, 10, 5, 11 ], "texture": "#texture" },
        "east":  { "uv": [ 3, 10, 5, 11 ], "texture": "#texture" }
    }
},
{
    "from": [ 25.25, 9.625, 6.75 ],
    "to": [ 27, 10.875, 7.75 ],
    "faces": {
        "down":  { "uv": [ 3.75, 10, 6.75, 11 ], "texture": "#texture" },
        "up":    { "uv": [ 3.75, 10, 6.75, 11 ], "texture": "#texture" },
        "north": { "uv": [ 5, 9.75, 7.25, 10.75 ], "texture": "#texture" },
        "south": { "uv": [ 5, 9.75, 7.25, 10.75 ], "texture": "#texture" },
        "west":  { "uv": [ 3, 10, 5, 11 ], "texture": "#texture" },
        "east":  { "uv": [ 3, 10, 5, 11 ], "texture": "#texture" }
    }
},
{
    "from": [ 26.75, 9.125, 6.75 ],
    "to": [ 27.5625, 10.5, 7.75 ],
    "faces": {
        "down":  { "uv": [ 3.75, 10, 6.75, 11 ], "texture": "#texture" },
        "up":    { "uv": [ 3.75, 10, 6.75, 11 ], "texture": "#texture" },
        "north": { "uv": [ 5, 9.75, 7.25, 10.75 ], "texture": "#texture" },
        "south": { "uv": [ 5, 9.75, 7.25, 10.75 ], "texture": "#texture" },
        "west":  { "uv": [ 3, 10, 5, 11 ], "texture": "#texture" },
        "east":  { "uv": [ 3, 10, 5, 11 ], "texture": "#texture" }
    }
},
{
    "from": [ 25.75, 10.75, 7 ],
    "to": [ 26.5, 11.25, 7.5 ],
    "rotation": { "origin": [ 25.75, 11.25, 7 ], "axis": "z", "angle": 22.5 },
    "faces": {
        "down":  { "uv": [ 3.75, 10, 6.75, 11 ], "texture": "#texture" },
        "up":    { "uv": [ 3.75, 10, 6.75, 11 ], "texture": "#texture" },
        "north": { "uv": [ 5, 9.75, 7.25, 10.75 ], "texture": "#texture" },
        "south": { "uv": [ 5, 9.75, 7.25, 10.75 ], "texture": "#texture" },
        "west":  { "uv": [ 3, 10, 5, 11 ], "texture": "#texture" },
        "east":  { "uv": [ 3, 10, 5, 11 ], "texture": "#texture" }
    }
},
{
    "from": [ -4.5, 11, 7.125 ],
    "to": [ -4, 12.25, 7.375 ],
    "faces": {
        "down":  { "uv": [ 0, 7, 15, 7.5 ], "texture": "#texture" },
        "up":    { "uv": [ 0, 7, 15, 7.5 ], "texture": "#texture" },
        "north": { "uv": [ 0, 6.5, 15, 7.5 ], "texture": "#texture" },
        "south": { "uv": [ 0, 6.5, 15, 7.5 ], "texture": "#texture" },
        "west":  { "uv": [ 7, 5, 7.5, 6 ], "texture": "#texture" },
        "east":  { "uv": [ 7, 5, 7.5, 6 ], "texture": "#texture" }
    }
},
{
    "from": [ -1.75, 10, 7 ],
    "to": [ -0.5, 10.75, 7.5 ],
    "faces": {
        "down":  { "uv": [ 7, 6.5, 9.5, 7.5 ], "texture": "#texture" },
        "up":    { "uv": [ 7, 6.5, 9.5, 7.5 ], "texture": "#texture" },
        "north": { "uv": [ 7.25, 6.5, 9.75, 7.25 ], "texture": "#texture" },
        "south": { "uv": [ 7.25, 6.5, 9.75, 7.25 ], "texture": "#texture" },
        "west":  { "uv": [ 7.5, 6, 8.5, 6.75 ], "texture": "#texture" },
        "east":  { "uv": [ 7.5, 6, 8.5, 6.75 ], "texture": "#texture" }
    }
},
{
    "from": [ -3.75, 10.75, 7 ],
    "to": [ -2.75, 11.5, 7.5 ],
    "faces": {
        "down":  { "uv": [ 7, 6.5, 9.5, 7.5 ], "texture": "#texture" },
        "up":    { "uv": [ 7, 6.5, 9.5, 7.5 ], "texture": "#texture" },
        "north": { "uv": [ 7.25, 6.5, 9.75, 7.25 ], "texture": "#texture" },
        "south": { "uv": [ 7.25, 6.5, 9.75, 7.25 ], "texture": "#texture" },
        "west":  { "uv": [ 7.5, 6, 8.5, 6.75 ], "texture": "#texture" },
        "east":  { "uv": [ 7.5, 6, 8.5, 6.75 ], "texture": "#texture" }
    }
},
{
    "from": [ -3.25, 10.75, 7 ],
    "to": [ -2.25, 11.25, 7.5 ],
    "faces": {
        "down":  { "uv": [ 7, 6.5, 9.5, 7.5 ], "texture": "#texture" },
        "up":    { "uv": [ 7, 6.5, 9.5, 7.5 ], "texture": "#texture" },
        "north": { "uv": [ 7.25, 6.5, 9.75, 7.25 ], "texture": "#texture" },
        "south": { "uv": [ 7.25, 6.5, 9.75, 7.25 ], "texture": "#texture" },
        "west":  { "uv": [ 7.5, 6, 8.5, 6.75 ], "texture": "#texture" },
        "east":  { "uv": [ 7.5, 6, 8.5, 6.75 ], "texture": "#texture" }
    }
},
{
    "from": [ -4.25, 11.25, 7 ],
    "to": [ -3.5, 11.75, 7.5 ],
    "faces": {
        "down":  { "uv": [ 7, 6.5, 9.5, 7.5 ], "texture": "#texture" },
        "up":    { "uv": [ 7, 6.5, 9.5, 7.5 ], "texture": "#texture" },
        "north": { "uv": [ 7.25, 6.5, 9.75, 7.25 ], "texture": "#texture" },
        "south": { "uv": [ 7.25, 6.5, 9.75, 7.25 ], "texture": "#texture" },
        "west":  { "uv": [ 7.5, 6, 8.5, 6.75 ], "texture": "#texture" },
        "east":  { "uv": [ 7.5, 6, 8.5, 6.75 ], "texture": "#texture" }
    }
}
]
}