{
"__comment": "Designed by FirecatHD",
"textures": {
    "particle": "jhsy/landao/water_dagger_all",
    "texture": "jhsy/landao/water_dagger_all"
},
"elements": [ 
{
    "from": [ 6, 7.75, 7 ],
    "to": [ 13.75, 8.75, 7.5 ],
    "faces": {
        "down":  { "uv": [ 4, 2, 10, 3 ], "texture": "#texture" },
        "up":    { "uv": [ 4, 2, 10, 3 ], "texture": "#texture" },
        "north": { "uv": [ 4.5, 2, 8.25, 3.5 ], "texture": "#texture" },
        "south": { "uv": [ 4.5, 2, 8.25, 3.5 ], "texture": "#texture" },
        "west":  { "uv": [ 3.75, 2.5, 5.25, 4.25 ], "texture": "#texture" },
        "east":  { "uv": [ 3.75, 2.5, 5.25, 4.25 ], "texture": "#texture" }
    }
},
{
    "from": [ 7.5, 8.75, 7 ],
    "to": [ 12, 9.25, 7.5 ],
    "faces": {
        "down":  { "uv": [ 4, 2, 10, 3 ], "texture": "#texture" },
        "up":    { "uv": [ 4, 2, 10, 3 ], "texture": "#texture" },
        "north": { "uv": [ 4.5, 2, 8.25, 3.5 ], "texture": "#texture" },
        "south": { "uv": [ 4.5, 2, 8.25, 3.5 ], "texture": "#texture" },
        "west":  { "uv": [ 3.75, 2.5, 5.25, 4.25 ], "texture": "#texture" },
        "east":  { "uv": [ 3.75, 2.5, 5.25, 4.25 ], "texture": "#texture" }
    }
},
{
    "from": [ 5.25, 8.75, 7 ],
    "to": [ 9.5, 9.5, 7.5 ],
    "faces": {
        "down":  { "uv": [ 4, 2, 10, 3 ], "texture": "#texture" },
        "up":    { "uv": [ 4, 2, 10, 3 ], "texture": "#texture" },
        "north": { "uv": [ 4.5, 2, 8.25, 3.5 ], "texture": "#texture" },
        "south": { "uv": [ 4.5, 2, 8.25, 3.5 ], "texture": "#texture" },
        "west":  { "uv": [ 3.75, 2.5, 5.25, 4.25 ], "texture": "#texture" },
        "east":  { "uv": [ 3.75, 2.5, 5.25, 4.25 ], "texture": "#texture" }
    }
},
{
    "from": [ 5.5, 9.25, 7 ],
    "to": [ 7.5, 9.75, 7.5 ],
    "faces": {
        "down":  { "uv": [ 4, 2, 10, 3 ], "texture": "#texture" },
        "up":    { "uv": [ 4, 2, 10, 3 ], "texture": "#texture" },
        "north": { "uv": [ 4.5, 2, 8.25, 3.5 ], "texture": "#texture" },
        "south": { "uv": [ 4.5, 2, 8.25, 3.5 ], "texture": "#texture" },
        "west":  { "uv": [ 3.75, 2.5, 5.25, 4.25 ], "texture": "#texture" },
        "east":  { "uv": [ 3.75, 2.5, 5.25, 4.25 ], "texture": "#texture" }
    }
},
{
    "from": [ 4.5, 9.5, 7 ],
    "to": [ 6.5, 10, 7.5 ],
    "faces": {
        "down":  { "uv": [ 4, 2, 10, 3 ], "texture": "#texture" },
        "up":    { "uv": [ 4, 2, 10, 3 ], "texture": "#texture" },
        "north": { "uv": [ 4.5, 2, 8.25, 3.5 ], "texture": "#texture" },
        "south": { "uv": [ 4.5, 2, 8.25, 3.5 ], "texture": "#texture" },
        "west":  { "uv": [ 3.75, 2.5, 5.25, 4.25 ], "texture": "#texture" },
        "east":  { "uv": [ 3.75, 2.5, 5.25, 4.25 ], "texture": "#texture" }
    }
},
{
    "from": [ 3.5, 9.75, 7 ],
    "to": [ 5.5, 10.25, 7.5 ],
    "faces": {
        "down":  { "uv": [ 4, 2, 10, 3 ], "texture": "#texture" },
        "up":    { "uv": [ 4, 2, 10, 3 ], "texture": "#texture" },
        "north": { "uv": [ 4.5, 2, 8.25, 3.5 ], "texture": "#texture" },
        "south": { "uv": [ 4.5, 2, 8.25, 3.5 ], "texture": "#texture" },
        "west":  { "uv": [ 3.75, 2.5, 5.25, 4.25 ], "texture": "#texture" },
        "east":  { "uv": [ 3.75, 2.5, 5.25, 4.25 ], "texture": "#texture" }
    }
},
{
    "from": [ 3.75, 9.75, 7 ],
    "to": [ 5.75, 10.25, 7.5 ],
    "faces": {
        "down":  { "uv": [ 4, 2, 10, 3 ], "texture": "#texture" },
        "up":    { "uv": [ 4, 2, 10, 3 ], "texture": "#texture" },
        "north": { "uv": [ 4.5, 2, 8.25, 3.5 ], "texture": "#texture" },
        "south": { "uv": [ 4.5, 2, 8.25, 3.5 ], "texture": "#texture" },
        "west":  { "uv": [ 3.75, 2.5, 5.25, 4.25 ], "texture": "#texture" },
        "east":  { "uv": [ 3.75, 2.5, 5.25, 4.25 ], "texture": "#texture" }
    }
},
{
    "from": [ 3.25, 9.75, 7 ],
    "to": [ 5.25, 10.5, 7.5 ],
    "faces": {
        "down":  { "uv": [ 4, 2, 10, 3 ], "texture": "#texture" },
        "up":    { "uv": [ 4, 2, 10, 3 ], "texture": "#texture" },
        "north": { "uv": [ 4.5, 2, 8.25, 3.5 ], "texture": "#texture" },
        "south": { "uv": [ 4.5, 2, 8.25, 3.5 ], "texture": "#texture" },
        "west":  { "uv": [ 3.75, 2.5, 5.25, 4.25 ], "texture": "#texture" },
        "east":  { "uv": [ 3.75, 2.5, 5.25, 4.25 ], "texture": "#texture" }
    }
},
{
    "from": [ 2.5, 9.5, 7 ],
    "to": [ 3.25, 10.25, 7.5 ],
    "faces": {
        "down":  { "uv": [ 4, 2, 10, 3 ], "texture": "#texture" },
        "up":    { "uv": [ 4, 2, 10, 3 ], "texture": "#texture" },
        "north": { "uv": [ 4.5, 2, 8.25, 3.5 ], "texture": "#texture" },
        "south": { "uv": [ 4.5, 2, 8.25, 3.5 ], "texture": "#texture" },
        "west":  { "uv": [ 3.75, 2.5, 5.25, 4.25 ], "texture": "#texture" },
        "east":  { "uv": [ 3.75, 2.5, 5.25, 4.25 ], "texture": "#texture" }
    }
},
{
    "from": [ 2.5, 9.75, 7 ],
    "to": [ 3.5, 10.25, 7.5 ],
    "faces": {
        "down":  { "uv": [ 4, 2, 10, 3 ], "texture": "#texture" },
        "up":    { "uv": [ 4, 2, 10, 3 ], "texture": "#texture" },
        "north": { "uv": [ 4.5, 2, 8.25, 3.5 ], "texture": "#texture" },
        "south": { "uv": [ 4.5, 2, 8.25, 3.5 ], "texture": "#texture" },
        "west":  { "uv": [ 3.75, 2.5, 5.25, 4.25 ], "texture": "#texture" },
        "east":  { "uv": [ 3.75, 2.5, 5.25, 4.25 ], "texture": "#texture" }
    }
},
{
    "from": [ 2, 9, 7 ],
    "to": [ 4, 9.75, 7.5 ],
    "faces": {
        "down":  { "uv": [ 4, 2, 10, 3 ], "texture": "#texture" },
        "up":    { "uv": [ 4, 2, 10, 3 ], "texture": "#texture" },
        "north": { "uv": [ 4.5, 2, 8.25, 3.5 ], "texture": "#texture" },
        "south": { "uv": [ 4.5, 2, 8.25, 3.5 ], "texture": "#texture" },
        "west":  { "uv": [ 3.75, 2.5, 5.25, 4.25 ], "texture": "#texture" },
        "east":  { "uv": [ 3.75, 2.5, 5.25, 4.25 ], "texture": "#texture" }
    }
},
{
    "from": [ 2, 9, 7 ],
    "to": [ 2.5, 9.5, 7.5 ],
    "faces": {
        "down":  { "uv": [ 4, 2, 10, 3 ], "texture": "#texture" },
        "up":    { "uv": [ 4, 2, 10, 3 ], "texture": "#texture" },
        "north": { "uv": [ 4.5, 2, 8.25, 3.5 ], "texture": "#texture" },
        "south": { "uv": [ 4.5, 2, 8.25, 3.5 ], "texture": "#texture" },
        "west":  { "uv": [ 3.75, 2.5, 5.25, 4.25 ], "texture": "#texture" },
        "east":  { "uv": [ 3.75, 2.5, 5.25, 4.25 ], "texture": "#texture" }
    }
},
{
    "from": [ 1.75, 8.5, 7 ],
    "to": [ 3.75, 9.5, 7.5 ],
    "faces": {
        "down":  { "uv": [ 4, 2, 10, 3 ], "texture": "#texture" },
        "up":    { "uv": [ 4, 2, 10, 3 ], "texture": "#texture" },
        "north": { "uv": [ 4.5, 2, 8.25, 3.5 ], "texture": "#texture" },
        "south": { "uv": [ 4.5, 2, 8.25, 3.5 ], "texture": "#texture" },
        "west":  { "uv": [ 3.75, 2.5, 5.25, 4.25 ], "texture": "#texture" },
        "east":  { "uv": [ 3.75, 2.5, 5.25, 4.25 ], "texture": "#texture" }
    }
},
{
    "from": [ 2.5, 8.25, 7 ],
    "to": [ 4.5, 9, 7.5 ],
    "faces": {
        "down":  { "uv": [ 4, 2, 10, 3 ], "texture": "#texture" },
        "up":    { "uv": [ 4, 2, 10, 3 ], "texture": "#texture" },
        "north": { "uv": [ 4.5, 2, 8.25, 3.5 ], "texture": "#texture" },
        "south": { "uv": [ 4.5, 2, 8.25, 3.5 ], "texture": "#texture" },
        "west":  { "uv": [ 3.75, 2.5, 5.25, 4.25 ], "texture": "#texture" },
        "east":  { "uv": [ 3.75, 2.5, 5.25, 4.25 ], "texture": "#texture" }
    }
},
{
    "from": [ 4, 8, 7 ],
    "to": [ 6, 8.75, 7.5 ],
    "faces": {
        "down":  { "uv": [ 4, 2, 10, 3 ], "texture": "#texture" },
        "up":    { "uv": [ 4, 2, 10, 3 ], "texture": "#texture" },
        "north": { "uv": [ 4.5, 2, 8.25, 3.5 ], "texture": "#texture" },
        "south": { "uv": [ 4.5, 2, 8.25, 3.5 ], "texture": "#texture" },
        "west":  { "uv": [ 3.75, 2.5, 5.25, 4.25 ], "texture": "#texture" },
        "east":  { "uv": [ 3.75, 2.5, 5.25, 4.25 ], "texture": "#texture" }
    }
},
{
    "from": [ 3, 8.75, 7 ],
    "to": [ 5.75, 10, 7.5 ],
    "faces": {
        "down":  { "uv": [ 4, 2, 10, 3 ], "texture": "#texture" },
        "up":    { "uv": [ 4, 2, 10, 3 ], "texture": "#texture" },
        "north": { "uv": [ 4.5, 2, 8.25, 3.5 ], "texture": "#texture" },
        "south": { "uv": [ 4.5, 2, 8.25, 3.5 ], "texture": "#texture" },
        "west":  { "uv": [ 3.75, 2.5, 5.25, 4.25 ], "texture": "#texture" },
        "east":  { "uv": [ 3.75, 2.5, 5.25, 4.25 ], "texture": "#texture" }
    }
},
{
    "from": [ 9.5, 8.5, 7 ],
    "to": [ 14.25, 9, 7.5 ],
    "faces": {
        "down":  { "uv": [ 4, 2, 10, 3 ], "texture": "#texture" },
        "up":    { "uv": [ 4, 2, 10, 3 ], "texture": "#texture" },
        "north": { "uv": [ 4.5, 2, 8.25, 3.5 ], "texture": "#texture" },
        "south": { "uv": [ 4.5, 2, 8.25, 3.5 ], "texture": "#texture" },
        "west":  { "uv": [ 3.75, 2.5, 5.25, 4.25 ], "texture": "#texture" },
        "east":  { "uv": [ 3.75, 2.5, 5.25, 4.25 ], "texture": "#texture" }
    }
},
{
    "from": [ 14, 8, 7 ],
    "to": [ 17.75, 8.75, 7.5 ],
    "faces": {
        "down":  { "uv": [ 4, 2, 10, 3 ], "texture": "#texture" },
        "up":    { "uv": [ 4, 2, 10, 3 ], "texture": "#texture" },
        "north": { "uv": [ 4.5, 2, 8.25, 3.5 ], "texture": "#texture" },
        "south": { "uv": [ 4.5, 2, 8.25, 3.5 ], "texture": "#texture" },
        "west":  { "uv": [ 3.75, 2.5, 5.25, 4.25 ], "texture": "#texture" },
        "east":  { "uv": [ 3.75, 2.5, 5.25, 4.25 ], "texture": "#texture" }
    }
},
{
    "from": [ 2.75, 10.25, 7 ],
    "to": [ 4.5, 10.5, 7.5 ],
    "faces": {
        "down":  { "uv": [ 4, 2, 10, 3 ], "texture": "#texture" },
        "up":    { "uv": [ 4, 2, 10, 3 ], "texture": "#texture" },
        "north": { "uv": [ 4.5, 2, 8.25, 3.5 ], "texture": "#texture" },
        "south": { "uv": [ 4.5, 2, 8.25, 3.5 ], "texture": "#texture" },
        "west":  { "uv": [ 3.75, 2.5, 5.25, 4.25 ], "texture": "#texture" },
        "east":  { "uv": [ 3.75, 2.5, 5.25, 4.25 ], "texture": "#texture" }
    }
},
{
    "from": [ 3.25, 10.5, 7 ],
    "to": [ 4.75, 10.75, 7.5 ],
    "faces": {
        "down":  { "uv": [ 4, 2, 10, 3 ], "texture": "#texture" },
        "up":    { "uv": [ 4, 2, 10, 3 ], "texture": "#texture" },
        "north": { "uv": [ 4.5, 2, 8.25, 3.5 ], "texture": "#texture" },
        "south": { "uv": [ 4.5, 2, 8.25, 3.5 ], "texture": "#texture" },
        "west":  { "uv": [ 3.75, 2.5, 5.25, 4.25 ], "texture": "#texture" },
        "east":  { "uv": [ 3.75, 2.5, 5.25, 4.25 ], "texture": "#texture" }
    }
},
{
    "from": [ 3.25, 10.75, 7 ],
    "to": [ 4.25, 11, 7.5 ],
    "faces": {
        "down":  { "uv": [ 4, 2, 10, 3 ], "texture": "#texture" },
        "up":    { "uv": [ 4, 2, 10, 3 ], "texture": "#texture" },
        "north": { "uv": [ 4.5, 2, 8.25, 3.5 ], "texture": "#texture" },
        "south": { "uv": [ 4.5, 2, 8.25, 3.5 ], "texture": "#texture" },
        "west":  { "uv": [ 3.75, 2.5, 5.25, 4.25 ], "texture": "#texture" },
        "east":  { "uv": [ 3.75, 2.5, 5.25, 4.25 ], "texture": "#texture" }
    }
},
{
    "from": [ 13.75, 7.25, 6.75 ],
    "to": [ 14.5, 9.5, 7.75 ],
    "faces": {
        "down":  { "uv": [ 8.5, 5.5, 10, 8 ], "texture": "#texture" },
        "up":    { "uv": [ 8.5, 5.5, 10, 8 ], "texture": "#texture" },
        "north": { "uv": [ 8.5, 5.25, 9.5, 7.75 ], "texture": "#texture" },
        "south": { "uv": [ 8.5, 5.25, 9.5, 7.75 ], "texture": "#texture" },
        "west":  { "uv": [ 7.5, 5.25, 9.5, 8 ], "texture": "#texture" },
        "east":  { "uv": [ 7.5, 5.25, 9.5, 8 ], "texture": "#texture" }
    }
},
{
    "from": [ 13.75, 7.5, 6.5 ],
    "to": [ 14.5, 9.25, 8 ],
    "faces": {
        "down":  { "uv": [ 8.5, 5.5, 10, 8 ], "texture": "#texture" },
        "up":    { "uv": [ 8.5, 5.5, 10, 8 ], "texture": "#texture" },
        "north": { "uv": [ 8.5, 5.25, 9.5, 7.75 ], "texture": "#texture" },
        "south": { "uv": [ 8.5, 5.25, 9.5, 7.75 ], "texture": "#texture" },
        "west":  { "uv": [ 7.5, 5.25, 9.5, 8 ], "texture": "#texture" },
        "east":  { "uv": [ 7.5, 5.25, 9.5, 8 ], "texture": "#texture" }
    }
},
{
    "from": [ 14.75, 7.75, 6.75 ],
    "to": [ 15.25, 9, 7.75 ],
    "faces": {
        "down":  { "uv": [ 8.25, 13.25, 9.75, 15.75 ], "texture": "#texture" },
        "up":    { "uv": [ 8.25, 13.25, 9.75, 15.75 ], "texture": "#texture" },
        "north": { "uv": [ 8.5, 13.25, 9.75, 15.5 ], "texture": "#texture" },
        "south": { "uv": [ 8.5, 13.25, 9.75, 15.5 ], "texture": "#texture" },
        "west":  { "uv": [ 3.25, 13.5, 5, 16 ], "texture": "#texture" },
        "east":  { "uv": [ 3.25, 13.5, 5, 16 ], "texture": "#texture" }
    }
},
{
    "from": [ 14.375, 5.25, 7 ],
    "to": [ 17.75, 5.75, 7.5 ],
    "faces": {
        "down":  { "uv": [ 8.5, 5.5, 10, 8 ], "texture": "#texture" },
        "up":    { "uv": [ 8.5, 5.5, 10, 8 ], "texture": "#texture" },
        "north": { "uv": [ 8.5, 5.25, 9.5, 7.75 ], "texture": "#texture" },
        "south": { "uv": [ 8.5, 5.25, 9.5, 7.75 ], "texture": "#texture" },
        "west":  { "uv": [ 7.5, 5.25, 9.5, 8 ], "texture": "#texture" },
        "east":  { "uv": [ 7.5, 5.25, 9.5, 8 ], "texture": "#texture" }
    }
},
{
    "from": [ 13.875, 5.75, 7 ],
    "to": [ 14.375, 7.25, 7.5 ],
    "faces": {
        "down":  { "uv": [ 8.5, 5.5, 10, 8 ], "texture": "#texture" },
        "up":    { "uv": [ 8.5, 5.5, 10, 8 ], "texture": "#texture" },
        "north": { "uv": [ 8.5, 5.25, 9.5, 7.75 ], "texture": "#texture" },
        "south": { "uv": [ 8.5, 5.25, 9.5, 7.75 ], "texture": "#texture" },
        "west":  { "uv": [ 7.5, 5.25, 9.5, 8 ], "texture": "#texture" },
        "east":  { "uv": [ 7.5, 5.25, 9.5, 8 ], "texture": "#texture" }
    }
},
{
    "from": [ 17.75, 5.75, 7 ],
    "to": [ 18.25, 7.25, 7.5 ],
    "faces": {
        "down":  { "uv": [ 8.5, 5.5, 10, 8 ], "texture": "#texture" },
        "up":    { "uv": [ 8.5, 5.5, 10, 8 ], "texture": "#texture" },
        "north": { "uv": [ 8.5, 5.25, 9.5, 7.75 ], "texture": "#texture" },
        "south": { "uv": [ 8.5, 5.25, 9.5, 7.75 ], "texture": "#texture" },
        "west":  { "uv": [ 7.5, 5.25, 9.5, 8 ], "texture": "#texture" },
        "east":  { "uv": [ 7.5, 5.25, 9.5, 8 ], "texture": "#texture" }
    }
},
{
    "from": [ 17.625, 7.25, 6.75 ],
    "to": [ 18.375, 9.5, 7.75 ],
    "faces": {
        "down":  { "uv": [ 8.5, 5.5, 10, 8 ], "texture": "#texture" },
        "up":    { "uv": [ 8.5, 5.5, 10, 8 ], "texture": "#texture" },
        "north": { "uv": [ 8.5, 5.25, 9.5, 7.75 ], "texture": "#texture" },
        "south": { "uv": [ 8.5, 5.25, 9.5, 7.75 ], "texture": "#texture" },
        "west":  { "uv": [ 7.5, 5.25, 9.5, 8 ], "texture": "#texture" },
        "east":  { "uv": [ 7.5, 5.25, 9.5, 8 ], "texture": "#texture" }
    }
},
{
    "from": [ 15.5, 7.75, 6.75 ],
    "to": [ 16, 9, 7.75 ],
    "faces": {
        "down":  { "uv": [ 8.25, 13.25, 9.75, 15.75 ], "texture": "#texture" },
        "up":    { "uv": [ 8.25, 13.25, 9.75, 15.75 ], "texture": "#texture" },
        "north": { "uv": [ 8.5, 13.25, 9.75, 15.5 ], "texture": "#texture" },
        "south": { "uv": [ 8.5, 13.25, 9.75, 15.5 ], "texture": "#texture" },
        "west":  { "uv": [ 3.25, 13.5, 5, 16 ], "texture": "#texture" },
        "east":  { "uv": [ 3.25, 13.5, 5, 16 ], "texture": "#texture" }
    }
},
{
    "from": [ 16.25, 7.75, 6.75 ],
    "to": [ 16.75, 9, 7.75 ],
    "faces": {
        "down":  { "uv": [ 8.25, 13.25, 9.75, 15.75 ], "texture": "#texture" },
        "up":    { "uv": [ 8.25, 13.25, 9.75, 15.75 ], "texture": "#texture" },
        "north": { "uv": [ 8.5, 13.25, 9.75, 15.5 ], "texture": "#texture" },
        "south": { "uv": [ 8.5, 13.25, 9.75, 15.5 ], "texture": "#texture" },
        "west":  { "uv": [ 3.25, 13.5, 5, 16 ], "texture": "#texture" },
        "east":  { "uv": [ 3.25, 13.5, 5, 16 ], "texture": "#texture" }
    }
},
{
    "from": [ 17, 7.75, 6.75 ],
    "to": [ 17.5, 9, 7.75 ],
    "faces": {
        "down":  { "uv": [ 8.25, 13.25, 9.75, 15.75 ], "texture": "#texture" },
        "up":    { "uv": [ 8.25, 13.25, 9.75, 15.75 ], "texture": "#texture" },
        "north": { "uv": [ 8.5, 13.25, 9.75, 15.5 ], "texture": "#texture" },
        "south": { "uv": [ 8.5, 13.25, 9.75, 15.5 ], "texture": "#texture" },
        "west":  { "uv": [ 3.25, 13.5, 5, 16 ], "texture": "#texture" },
        "east":  { "uv": [ 3.25, 13.5, 5, 16 ], "texture": "#texture" }
    }
},
{
    "from": [ 2.25, 9.25, 7 ],
    "to": [ 2.75, 10, 7.5 ],
    "faces": {
        "down":  { "uv": [ 4, 2, 10, 3 ], "texture": "#texture" },
        "up":    { "uv": [ 4, 2, 10, 3 ], "texture": "#texture" },
        "north": { "uv": [ 4.5, 2, 8.25, 3.5 ], "texture": "#texture" },
        "south": { "uv": [ 4.5, 2, 8.25, 3.5 ], "texture": "#texture" },
        "west":  { "uv": [ 3.75, 2.5, 5.25, 4.25 ], "texture": "#texture" },
        "east":  { "uv": [ 3.75, 2.5, 5.25, 4.25 ], "texture": "#texture" }
    }
},
{
    "from": [ 5.74, 10.25, 7.5 ],
    "to": [ 6.24, 11.25, 8 ],
    "rotation": { "origin": [ 5.74, 11.25, 7.5 ], "axis": "z", "angle": -22.5 },
    "faces": {
        "down":  { "uv": [ 3.25, 10, 4.75, 11.5 ], "texture": "#texture" },
        "up":    { "uv": [ 3.25, 10, 4.75, 11.5 ], "texture": "#texture" },
        "north": { "uv": [ 3.75, 10, 4.75, 12.25 ], "texture": "#texture" },
        "south": { "uv": [ 3.75, 10, 4.75, 12.25 ], "texture": "#texture" },
        "west":  { "uv": [ 7.75, 10, 8.75, 12.5 ], "texture": "#texture" },
        "east":  { "uv": [ 7.75, 10, 8.75, 12.5 ], "texture": "#texture" }
    }
},
{
    "from": [ 2, 8.5, 7 ],
    "to": [ 4, 9, 7.5 ],
    "faces": {
        "down":  { "uv": [ 0, 0, 0, 0 ], "texture": "#texture" },
        "up":    { "uv": [ 0, 0, 0, 0 ], "texture": "#texture" },
        "north": { "uv": [ 0, 0, 0, 0 ], "texture": "#texture" },
        "south": { "uv": [ 0, 0, 0, 0 ], "texture": "#texture" },
        "west":  { "uv": [ 0, 0, 0, 0 ], "texture": "#texture" },
        "east":  { "uv": [ 0, 0, 0, 0 ], "texture": "#texture" }
    }
},
{
    "from": [ 3, 10.25, 7 ],
    "to": [ 4, 10.75, 7.5 ],
    "faces": {
        "down":  { "uv": [ 4, 2, 10, 3 ], "texture": "#texture" },
        "up":    { "uv": [ 4, 2, 10, 3 ], "texture": "#texture" },
        "north": { "uv": [ 4.5, 2, 8.25, 3.5 ], "texture": "#texture" },
        "south": { "uv": [ 4.5, 2, 8.25, 3.5 ], "texture": "#texture" },
        "west":  { "uv": [ 3.75, 2.5, 5.25, 4.25 ], "texture": "#texture" },
        "east":  { "uv": [ 3.75, 2.5, 5.25, 4.25 ], "texture": "#texture" }
    }
},
{
    "from": [ 2, 8.75, 7 ],
    "to": [ 2.5, 9.25, 7.5 ],
    "faces": {
        "down":  { "uv": [ 4, 2, 10, 3 ], "texture": "#texture" },
        "up":    { "uv": [ 4, 2, 10, 3 ], "texture": "#texture" },
        "north": { "uv": [ 4.5, 2, 8.25, 3.5 ], "texture": "#texture" },
        "south": { "uv": [ 4.5, 2, 8.25, 3.5 ], "texture": "#texture" },
        "west":  { "uv": [ 3.75, 2.5, 5.25, 4.25 ], "texture": "#texture" },
        "east":  { "uv": [ 3.75, 2.5, 5.25, 4.25 ], "texture": "#texture" }
    }
},
{
    "from": [ 5.74, 10.25, 6.5 ],
    "to": [ 6.24, 11.25, 7 ],
    "rotation": { "origin": [ 5.74, 11.25, 6.5 ], "axis": "z", "angle": -22.5 },
    "faces": {
        "down":  { "uv": [ 3.25, 10, 4.75, 11.5 ], "texture": "#texture" },
        "up":    { "uv": [ 3.25, 10, 4.75, 11.5 ], "texture": "#texture" },
        "north": { "uv": [ 3.75, 10, 4.75, 12.25 ], "texture": "#texture" },
        "south": { "uv": [ 3.75, 10, 4.75, 12.25 ], "texture": "#texture" },
        "west":  { "uv": [ 7.75, 10, 8.75, 12.5 ], "texture": "#texture" },
        "east":  { "uv": [ 7.75, 10, 8.75, 12.5 ], "texture": "#texture" }
    }
},
{
    "from": [ 5.9275, 11.1875, 6.75 ],
    "to": [ 6.49, 11.6875, 7.75 ],
    "rotation": { "origin": [ 5.9275, 11.6875, 6.75 ], "axis": "z", "angle": -22.5 },
    "faces": {
        "down":  { "uv": [ 3.25, 10, 4.75, 11.5 ], "texture": "#texture" },
        "up":    { "uv": [ 3.25, 10, 4.75, 11.5 ], "texture": "#texture" },
        "north": { "uv": [ 3.75, 10, 4.75, 12.25 ], "texture": "#texture" },
        "south": { "uv": [ 3.75, 10, 4.75, 12.25 ], "texture": "#texture" },
        "west":  { "uv": [ 7.75, 10, 8.75, 12.5 ], "texture": "#texture" },
        "east":  { "uv": [ 7.75, 10, 8.75, 12.5 ], "texture": "#texture" }
    }
},
{
    "from": [ 5.365, 9.875, 6.75 ],
    "to": [ 5.865, 10.375, 7.75 ],
    "rotation": { "origin": [ 5.365, 10.375, 6.75 ], "axis": "z", "angle": -22.5 },
    "faces": {
        "down":  { "uv": [ 3.25, 10, 4.75, 11.5 ], "texture": "#texture" },
        "up":    { "uv": [ 3.25, 10, 4.75, 11.5 ], "texture": "#texture" },
        "north": { "uv": [ 3.75, 10, 4.75, 12.25 ], "texture": "#texture" },
        "south": { "uv": [ 3.75, 10, 4.75, 12.25 ], "texture": "#texture" },
        "west":  { "uv": [ 7.75, 10, 8.75, 12.5 ], "texture": "#texture" },
        "east":  { "uv": [ 7.75, 10, 8.75, 12.5 ], "texture": "#texture" }
    }
},
{
    "from": [ 6.99, 9.75, 7.5 ],
    "to": [ 7.49, 10.75, 8 ],
    "rotation": { "origin": [ 6.99, 10.75, 7.5 ], "axis": "z", "angle": -22.5 },
    "faces": {
        "down":  { "uv": [ 3.25, 10, 4.75, 11.5 ], "texture": "#texture" },
        "up":    { "uv": [ 3.25, 10, 4.75, 11.5 ], "texture": "#texture" },
        "north": { "uv": [ 3.75, 10, 4.75, 12.25 ], "texture": "#texture" },
        "south": { "uv": [ 3.75, 10, 4.75, 12.25 ], "texture": "#texture" },
        "west":  { "uv": [ 7.75, 10, 8.75, 12.5 ], "texture": "#texture" },
        "east":  { "uv": [ 7.75, 10, 8.75, 12.5 ], "texture": "#texture" }
    }
},
{
    "from": [ 6.99, 9.75, 6.5 ],
    "to": [ 7.49, 10.75, 7 ],
    "rotation": { "origin": [ 6.99, 10.75, 6.5 ], "axis": "z", "angle": -22.5 },
    "faces": {
        "down":  { "uv": [ 3.25, 10, 4.75, 11.5 ], "texture": "#texture" },
        "up":    { "uv": [ 3.25, 10, 4.75, 11.5 ], "texture": "#texture" },
        "north": { "uv": [ 3.75, 10, 4.75, 12.25 ], "texture": "#texture" },
        "south": { "uv": [ 3.75, 10, 4.75, 12.25 ], "texture": "#texture" },
        "west":  { "uv": [ 7.75, 10, 8.75, 12.5 ], "texture": "#texture" },
        "east":  { "uv": [ 7.75, 10, 8.75, 12.5 ], "texture": "#texture" }
    }
},
{
    "from": [ 7.1775, 10.75, 6.75 ],
    "to": [ 7.74, 11.25, 7.75 ],
    "rotation": { "origin": [ 7.1775, 11.25, 6.75 ], "axis": "z", "angle": -22.5 },
    "faces": {
        "down":  { "uv": [ 3.25, 10, 4.75, 11.5 ], "texture": "#texture" },
        "up":    { "uv": [ 3.25, 10, 4.75, 11.5 ], "texture": "#texture" },
        "north": { "uv": [ 3.75, 10, 4.75, 12.25 ], "texture": "#texture" },
        "south": { "uv": [ 3.75, 10, 4.75, 12.25 ], "texture": "#texture" },
        "west":  { "uv": [ 7.75, 10, 8.75, 12.5 ], "texture": "#texture" },
        "east":  { "uv": [ 7.75, 10, 8.75, 12.5 ], "texture": "#texture" }
    }
},
{
    "from": [ 6.5525, 9.375, 6.75 ],
    "to": [ 7.115, 9.875, 7.75 ],
    "rotation": { "origin": [ 6.5525, 9.875, 6.75 ], "axis": "z", "angle": -22.5 },
    "faces": {
        "down":  { "uv": [ 3.25, 10, 4.75, 11.5 ], "texture": "#texture" },
        "up":    { "uv": [ 3.25, 10, 4.75, 11.5 ], "texture": "#texture" },
        "north": { "uv": [ 3.75, 10, 4.75, 12.25 ], "texture": "#texture" },
        "south": { "uv": [ 3.75, 10, 4.75, 12.25 ], "texture": "#texture" },
        "west":  { "uv": [ 7.75, 10, 8.75, 12.5 ], "texture": "#texture" },
        "east":  { "uv": [ 7.75, 10, 8.75, 12.5 ], "texture": "#texture" }
    }
},
{
    "from": [ 18.25, 7.5, 7 ],
    "to": [ 19, 9.25, 7.5 ],
    "faces": {
        "down":  { "uv": [ 8.25, 13.25, 9.75, 15.75 ], "texture": "#texture" },
        "up":    { "uv": [ 8.25, 13.25, 9.75, 15.75 ], "texture": "#texture" },
        "north": { "uv": [ 8.5, 13.25, 9.75, 15.5 ], "texture": "#texture" },
        "south": { "uv": [ 8.5, 13.25, 9.75, 15.5 ], "texture": "#texture" },
        "west":  { "uv": [ 3.25, 13.5, 5, 16 ], "texture": "#texture" },
        "east":  { "uv": [ 3.25, 13.5, 5, 16 ], "texture": "#texture" }
    }
},
{
    "from": [ 18.75, 7.75, 7.125 ],
    "to": [ 19.25, 9, 7.375 ],
    "faces": {
        "down":  { "uv": [ 8.25, 13.25, 9.75, 15.75 ], "texture": "#texture" },
        "up":    { "uv": [ 8.25, 13.25, 9.75, 15.75 ], "texture": "#texture" },
        "north": { "uv": [ 8.5, 13.25, 9.75, 15.5 ], "texture": "#texture" },
        "south": { "uv": [ 8.5, 13.25, 9.75, 15.5 ], "texture": "#texture" },
        "west":  { "uv": [ 3.25, 13.5, 5, 16 ], "texture": "#texture" },
        "east":  { "uv": [ 3.25, 13.5, 5, 16 ], "texture": "#texture" }
    }
},
{
    "from": [ 17.625, 7.5, 6.5 ],
    "to": [ 18.375, 9.25, 8 ],
    "faces": {
        "down":  { "uv": [ 8.5, 5.5, 10, 8 ], "texture": "#texture" },
        "up":    { "uv": [ 8.5, 5.5, 10, 8 ], "texture": "#texture" },
        "north": { "uv": [ 8.5, 5.25, 9.5, 7.75 ], "texture": "#texture" },
        "south": { "uv": [ 8.5, 5.25, 9.5, 7.75 ], "texture": "#texture" },
        "west":  { "uv": [ 7.5, 5.25, 9.5, 8 ], "texture": "#texture" },
        "east":  { "uv": [ 7.5, 5.25, 9.5, 8 ], "texture": "#texture" }
    }
},
{
    "from": [ 18.25, 7.75, 6.75 ],
    "to": [ 19, 9, 7.75 ],
    "faces": {
        "down":  { "uv": [ 8.25, 13.25, 9.75, 15.75 ], "texture": "#texture" },
        "up":    { "uv": [ 8.25, 13.25, 9.75, 15.75 ], "texture": "#texture" },
        "north": { "uv": [ 8.5, 13.25, 9.75, 15.5 ], "texture": "#texture" },
        "south": { "uv": [ 8.5, 13.25, 9.75, 15.5 ], "texture": "#texture" },
        "west":  { "uv": [ 3.25, 13.5, 5, 16 ], "texture": "#texture" },
        "east":  { "uv": [ 3.25, 13.5, 5, 16 ], "texture": "#texture" }
    }
},
{
    "from": [ 18.75, 8, 6.875 ],
    "to": [ 19.25, 8.75, 7.625 ],
    "faces": {
        "down":  { "uv": [ 8.25, 13.25, 9.75, 15.75 ], "texture": "#texture" },
        "up":    { "uv": [ 8.25, 13.25, 9.75, 15.75 ], "texture": "#texture" },
        "north": { "uv": [ 8.5, 13.25, 9.75, 15.5 ], "texture": "#texture" },
        "south": { "uv": [ 8.5, 13.25, 9.75, 15.5 ], "texture": "#texture" },
        "west":  { "uv": [ 3.25, 13.5, 5, 16 ], "texture": "#texture" },
        "east":  { "uv": [ 3.25, 13.5, 5, 16 ], "texture": "#texture" }
    }
},
{
    "from": [ 13.875, 5.0625, 7 ],
    "to": [ 14.375, 5.75, 7.5 ],
    "rotation": { "origin": [ 13.875, 5.75, 7 ], "axis": "z", "angle": 45 },
    "faces": {
        "down":  { "uv": [ 8.5, 5.5, 10, 8 ], "texture": "#texture" },
        "up":    { "uv": [ 8.5, 5.5, 10, 8 ], "texture": "#texture" },
        "north": { "uv": [ 8.5, 5.25, 9.5, 7.75 ], "texture": "#texture" },
        "south": { "uv": [ 8.5, 5.25, 9.5, 7.75 ], "texture": "#texture" },
        "west":  { "uv": [ 7.5, 5.25, 9.5, 8 ], "texture": "#texture" },
        "east":  { "uv": [ 7.5, 5.25, 9.5, 8 ], "texture": "#texture" }
    }
},
{
    "from": [ 17.905, 5.395, 7 ],
    "to": [ 18.405, 6.0825, 7.5 ],
    "rotation": { "origin": [ 17.905, 6.0825, 7 ], "axis": "z", "angle": -45 },
    "faces": {
        "down":  { "uv": [ 8.5, 5.5, 10, 8 ], "texture": "#texture" },
        "up":    { "uv": [ 8.5, 5.5, 10, 8 ], "texture": "#texture" },
        "north": { "uv": [ 8.5, 5.25, 9.5, 7.75 ], "texture": "#texture" },
        "south": { "uv": [ 8.5, 5.25, 9.5, 7.75 ], "texture": "#texture" },
        "west":  { "uv": [ 7.5, 5.25, 9.5, 8 ], "texture": "#texture" },
        "east":  { "uv": [ 7.5, 5.25, 9.5, 8 ], "texture": "#texture" }
    }
},
{
    "from": [ 1.5, 8.75, 7 ],
    "to": [ 2, 9.25, 7.5 ],
    "faces": {
        "down":  { "uv": [ 4, 2, 10, 3 ], "texture": "#texture" },
        "up":    { "uv": [ 4, 2, 10, 3 ], "texture": "#texture" },
        "north": { "uv": [ 4.5, 2, 8.25, 3.5 ], "texture": "#texture" },
        "south": { "uv": [ 4.5, 2, 8.25, 3.5 ], "texture": "#texture" },
        "west":  { "uv": [ 3.75, 2.5, 5.25, 4.25 ], "texture": "#texture" },
        "east":  { "uv": [ 3.75, 2.5, 5.25, 4.25 ], "texture": "#texture" }
    }
},
{
    "from": [ 3.5, 11, 7 ],
    "to": [ 4, 11.25, 7.5 ],
    "faces": {
        "down":  { "uv": [ 4, 2, 10, 3 ], "texture": "#texture" },
        "up":    { "uv": [ 4, 2, 10, 3 ], "texture": "#texture" },
        "north": { "uv": [ 4.5, 2, 8.25, 3.5 ], "texture": "#texture" },
        "south": { "uv": [ 4.5, 2, 8.25, 3.5 ], "texture": "#texture" },
        "west":  { "uv": [ 3.75, 2.5, 5.25, 4.25 ], "texture": "#texture" },
        "east":  { "uv": [ 3.75, 2.5, 5.25, 4.25 ], "texture": "#texture" }
    }
}
]
}