{
"__comment": "Designed by FirecatHD",
"textures": {
    "particle": "jhsy/landao/water_dagger_all",
    "texture": "jhsy/liandao/air_spear_all",
    "air_anim3": "jhsy/air_anim3"
},
"elements": [ 
{
    "from": [ -7.8, 6.65, 7.3 ],
    "to": [ 10.225, 7, 7.3625 ],
    "rotation": { "origin": [ -7.8, 7, 7.3 ], "axis": "x", "angle": -22.5 },
    "faces": {
        "down":  { "uv": [ 0.25, 0.75, 14.5, 1.5 ], "texture": "#texture" },
        "up":    { "uv": [ 0.25, 0.75, 14.5, 1.5 ], "texture": "#texture" },
        "north": { "uv": [ 0, 0.5, 16, 1.5 ], "texture": "#texture" },
        "south": { "uv": [ 0, 0.5, 16, 1.5 ], "texture": "#texture" },
        "west":  { "uv": [ 3.75, 0.5, 4.5, 1.5 ], "texture": "#texture" },
        "east":  { "uv": [ 3.75, 0.5, 4.5, 1.5 ], "texture": "#texture" }
    }
},
{
    "from": [ -8.15, 6.65, 7.3875 ],
    "to": [ -7.8, 7, 7.5625 ],
    "faces": {
        "down":  { "uv": [ 0, 0, 0, 0 ], "texture": "#texture" },
        "up":    { "uv": [ 0, 0, 0, 0 ], "texture": "#texture" },
        "north": { "uv": [ 0, 0, 0, 0 ], "texture": "#texture" },
        "south": { "uv": [ 0, 0, 0, 0 ], "texture": "#texture" },
        "west":  { "uv": [ 0, 0, 0, 0 ], "texture": "#texture" },
        "east":  { "uv": [ 0, 0, 0, 0 ], "texture": "#texture" }
    }
},
{
    "from": [ -7.8, 7, 7.3 ],
    "to": [ 10.225, 7.7, 7.65 ],
    "faces": {
        "down":  { "uv": [ 0.25, 0.75, 14.5, 1.5 ], "texture": "#texture" },
        "up":    { "uv": [ 0.25, 0.75, 14.5, 1.5 ], "texture": "#texture" },
        "north": { "uv": [ 0, 0.5, 16, 1.5 ], "texture": "#texture" },
        "south": { "uv": [ 0, 0.5, 16, 1.5 ], "texture": "#texture" },
        "west":  { "uv": [ 3.75, 0.5, 4.5, 1.5 ], "texture": "#texture" },
        "east":  { "uv": [ 3.75, 0.5, 4.5, 1.5 ], "texture": "#texture" }
    }
},
{
    "from": [ -8.15, 7, 7.3 ],
    "to": [ -7.8, 7.7, 7.65 ],
    "faces": {
        "down":  { "uv": [ 0, 0, 0, 0 ], "texture": "#texture" },
        "up":    { "uv": [ 0, 0, 0, 0 ], "texture": "#texture" },
        "north": { "uv": [ 0, 0, 0, 0 ], "texture": "#texture" },
        "south": { "uv": [ 0, 0, 0, 0 ], "texture": "#texture" },
        "west":  { "uv": [ 0, 0, 0, 0 ], "texture": "#texture" },
        "east":  { "uv": [ 0, 0, 0, 0 ], "texture": "#texture" }
    }
},
{
    "from": [ -8.15, 6.65, 7.3875 ],
    "to": [ -7.8, 7, 7.5625 ],
    "faces": {
        "down":  { "uv": [ 0, 0, 0, 0 ], "texture": "#texture" },
        "up":    { "uv": [ 0, 0, 0, 0 ], "texture": "#texture" },
        "north": { "uv": [ 0, 0, 0, 0 ], "texture": "#texture" },
        "south": { "uv": [ 0, 0, 0, 0 ], "texture": "#texture" },
        "west":  { "uv": [ 0, 0, 0, 0 ], "texture": "#texture" },
        "east":  { "uv": [ 0, 0, 0, 0 ], "texture": "#texture" }
    }
},
{
    "from": [ -9.2, 6.825, 7.3875 ],
    "to": [ -8.15, 7.875, 7.5625 ],
    "faces": {
        "down":  { "uv": [ 0, 0, 0, 0 ], "texture": "#texture" },
        "up":    { "uv": [ 0, 0, 0, 0 ], "texture": "#texture" },
        "north": { "uv": [ 0, 0, 0, 0 ], "texture": "#texture" },
        "south": { "uv": [ 0, 0, 0, 0 ], "texture": "#texture" },
        "west":  { "uv": [ 0, 0, 0, 0 ], "texture": "#texture" },
        "east":  { "uv": [ 0, 0, 0, 0 ], "texture": "#texture" }
    }
},
{
    "from": [ -10.075, 7, 7.3875 ],
    "to": [ -9.2, 8.05, 7.5625 ],
    "faces": {
        "down":  { "uv": [ 0, 0, 0, 0 ], "texture": "#texture" },
        "up":    { "uv": [ 0, 0, 0, 0 ], "texture": "#texture" },
        "north": { "uv": [ 0, 0, 0, 0 ], "texture": "#texture" },
        "south": { "uv": [ 0, 0, 0, 0 ], "texture": "#texture" },
        "west":  { "uv": [ 0, 0, 0, 0 ], "texture": "#texture" },
        "east":  { "uv": [ 0, 0, 0, 0 ], "texture": "#texture" }
    }
},
{
    "from": [ -10.6, 7.35, 7.3875 ],
    "to": [ -10.075, 8.4, 7.5625 ],
    "faces": {
        "down":  { "uv": [ 0, 0, 0, 0 ], "texture": "#texture" },
        "up":    { "uv": [ 0, 0, 0, 0 ], "texture": "#texture" },
        "north": { "uv": [ 0, 0, 0, 0 ], "texture": "#texture" },
        "south": { "uv": [ 0, 0, 0, 0 ], "texture": "#texture" },
        "west":  { "uv": [ 0, 0, 0, 0 ], "texture": "#texture" },
        "east":  { "uv": [ 0, 0, 0, 0 ], "texture": "#texture" }
    }
},
{
    "from": [ -9.9, 7.175, 7.3 ],
    "to": [ -8.325, 7.7, 7.65 ],
    "faces": {
        "down":  { "uv": [ 0, 0, 0, 0 ], "texture": "#texture" },
        "up":    { "uv": [ 0, 0, 0, 0 ], "texture": "#texture" },
        "north": { "uv": [ 0, 0, 0, 0 ], "texture": "#texture" },
        "south": { "uv": [ 0, 0, 0, 0 ], "texture": "#texture" },
        "west":  { "uv": [ 0, 0, 0, 0 ], "texture": "#texture" },
        "east":  { "uv": [ 0, 0, 0, 0 ], "texture": "#texture" }
    }
},
{
    "from": [ -10.075, 8.05, 7.3875 ],
    "to": [ -9.55, 8.225, 7.5625 ],
    "faces": {
        "down":  { "uv": [ 0, 0, 0, 0 ], "texture": "#texture" },
        "up":    { "uv": [ 0, 0, 0, 0 ], "texture": "#texture" },
        "north": { "uv": [ 0, 0, 0, 0 ], "texture": "#texture" },
        "south": { "uv": [ 0, 0, 0, 0 ], "texture": "#texture" },
        "west":  { "uv": [ 0, 0, 0, 0 ], "texture": "#texture" },
        "east":  { "uv": [ 0, 0, 0, 0 ], "texture": "#texture" }
    }
},
{
    "from": [ 10.225, 6.475, 7.125 ],
    "to": [ 10.75, 7.875, 7.825 ],
    "faces": {
        "down":  { "uv": [ 12.25, 3.5, 14.25, 4.75 ], "texture": "#texture" },
        "up":    { "uv": [ 12.25, 3.5, 14.25, 4.75 ], "texture": "#texture" },
        "north": { "uv": [ 13.5, 3.25, 14.5, 4.75 ], "texture": "#texture" },
        "south": { "uv": [ 13.5, 3.25, 14.5, 4.75 ], "texture": "#texture" },
        "west":  { "uv": [ 13.5, 3.25, 15, 4.75 ], "texture": "#texture" },
        "east":  { "uv": [ 13.5, 3.25, 15, 4.75 ], "texture": "#texture" }
    }
},
{
    "from": [ 10.225, 6.65, 6.95 ],
    "to": [ 10.75, 7.7, 8 ],
    "faces": {
        "down":  { "uv": [ 12.25, 3.5, 14.25, 4.75 ], "texture": "#texture" },
        "up":    { "uv": [ 12.25, 3.5, 14.25, 4.75 ], "texture": "#texture" },
        "north": { "uv": [ 13.5, 3.25, 14.5, 4.75 ], "texture": "#texture" },
        "south": { "uv": [ 13.5, 3.25, 14.5, 4.75 ], "texture": "#texture" },
        "west":  { "uv": [ 13.5, 3.25, 15, 4.75 ], "texture": "#texture" },
        "east":  { "uv": [ 13.5, 3.25, 15, 4.75 ], "texture": "#texture" }
    }
},
{
    "from": [ 10.75, 6.825, 7.3 ],
    "to": [ 17.05, 7.525, 7.65 ],
    "faces": {
        "down":  { "uv": [ 2, 9.5, 10, 10.75 ], "texture": "#texture" },
        "up":    { "uv": [ 2, 9.5, 10, 10.75 ], "texture": "#texture" },
        "north": { "uv": [ 2.75, 9.5, 9.5, 10.5 ], "texture": "#texture" },
        "south": { "uv": [ 2.75, 9.5, 9.5, 10.5 ], "texture": "#texture" },
        "west":  { "uv": [ 9.25, 9.25, 10.5, 10.75 ], "texture": "#texture" },
        "east":  { "uv": [ 9.25, 9.25, 10.5, 10.75 ], "texture": "#texture" }
    }
},
{
    "from": [ 10.925, 6.65, 7.125 ],
    "to": [ 11.275, 7.7, 7.825 ],
    "faces": {
        "down":  { "uv": [ 14, 9.5, 15.5, 12.25 ], "texture": "#texture" },
        "up":    { "uv": [ 14, 9.5, 15.5, 12.25 ], "texture": "#texture" },
        "north": { "uv": [ 13.75, 9.5, 15, 12.5 ], "texture": "#texture" },
        "south": { "uv": [ 13.75, 9.5, 15, 12.5 ], "texture": "#texture" },
        "west":  { "uv": [ 13.5, 9.75, 15.5, 12.75 ], "texture": "#texture" },
        "east":  { "uv": [ 13.5, 9.75, 15.5, 12.75 ], "texture": "#texture" }
    }
},
{
    "from": [ 11.45, 6.65, 7.125 ],
    "to": [ 11.8, 7.7, 7.825 ],
    "faces": {
        "down":  { "uv": [ 14, 9.5, 15.5, 12.25 ], "texture": "#texture" },
        "up":    { "uv": [ 14, 9.5, 15.5, 12.25 ], "texture": "#texture" },
        "north": { "uv": [ 13.75, 9.5, 15, 12.5 ], "texture": "#texture" },
        "south": { "uv": [ 13.75, 9.5, 15, 12.5 ], "texture": "#texture" },
        "west":  { "uv": [ 13.5, 9.75, 15.5, 12.75 ], "texture": "#texture" },
        "east":  { "uv": [ 13.5, 9.75, 15.5, 12.75 ], "texture": "#texture" }
    }
},
{
    "from": [ 11.975, 6.65, 7.125 ],
    "to": [ 12.325, 7.7, 7.825 ],
    "faces": {
        "down":  { "uv": [ 14, 9.5, 15.5, 12.25 ], "texture": "#texture" },
        "up":    { "uv": [ 14, 9.5, 15.5, 12.25 ], "texture": "#texture" },
        "north": { "uv": [ 13.75, 9.5, 15, 12.5 ], "texture": "#texture" },
        "south": { "uv": [ 13.75, 9.5, 15, 12.5 ], "texture": "#texture" },
        "west":  { "uv": [ 13.5, 9.75, 15.5, 12.75 ], "texture": "#texture" },
        "east":  { "uv": [ 13.5, 9.75, 15.5, 12.75 ], "texture": "#texture" }
    }
},
{
    "from": [ 12.5, 6.65, 7.125 ],
    "to": [ 12.85, 7.7, 7.825 ],
    "faces": {
        "down":  { "uv": [ 14, 9.5, 15.5, 12.25 ], "texture": "#texture" },
        "up":    { "uv": [ 14, 9.5, 15.5, 12.25 ], "texture": "#texture" },
        "north": { "uv": [ 13.75, 9.5, 15, 12.5 ], "texture": "#texture" },
        "south": { "uv": [ 13.75, 9.5, 15, 12.5 ], "texture": "#texture" },
        "west":  { "uv": [ 13.5, 9.75, 15.5, 12.75 ], "texture": "#texture" },
        "east":  { "uv": [ 13.5, 9.75, 15.5, 12.75 ], "texture": "#texture" }
    }
},
{
    "from": [ 13.025, 6.65, 7.125 ],
    "to": [ 13.375, 7.7, 7.825 ],
    "faces": {
        "down":  { "uv": [ 14, 9.5, 15.5, 12.25 ], "texture": "#texture" },
        "up":    { "uv": [ 14, 9.5, 15.5, 12.25 ], "texture": "#texture" },
        "north": { "uv": [ 13.75, 9.5, 15, 12.5 ], "texture": "#texture" },
        "south": { "uv": [ 13.75, 9.5, 15, 12.5 ], "texture": "#texture" },
        "west":  { "uv": [ 13.5, 9.75, 15.5, 12.75 ], "texture": "#texture" },
        "east":  { "uv": [ 13.5, 9.75, 15.5, 12.75 ], "texture": "#texture" }
    }
},
{
    "from": [ 13.55, 6.65, 7.125 ],
    "to": [ 13.9, 7.7, 7.825 ],
    "faces": {
        "down":  { "uv": [ 14, 9.5, 15.5, 12.25 ], "texture": "#texture" },
        "up":    { "uv": [ 14, 9.5, 15.5, 12.25 ], "texture": "#texture" },
        "north": { "uv": [ 13.75, 9.5, 15, 12.5 ], "texture": "#texture" },
        "south": { "uv": [ 13.75, 9.5, 15, 12.5 ], "texture": "#texture" },
        "west":  { "uv": [ 13.5, 9.75, 15.5, 12.75 ], "texture": "#texture" },
        "east":  { "uv": [ 13.5, 9.75, 15.5, 12.75 ], "texture": "#texture" }
    }
},
{
    "from": [ 14.075, 6.65, 7.125 ],
    "to": [ 14.425, 7.7, 7.825 ],
    "faces": {
        "down":  { "uv": [ 14, 9.5, 15.5, 12.25 ], "texture": "#texture" },
        "up":    { "uv": [ 14, 9.5, 15.5, 12.25 ], "texture": "#texture" },
        "north": { "uv": [ 13.75, 9.5, 15, 12.5 ], "texture": "#texture" },
        "south": { "uv": [ 13.75, 9.5, 15, 12.5 ], "texture": "#texture" },
        "west":  { "uv": [ 13.5, 9.75, 15.5, 12.75 ], "texture": "#texture" },
        "east":  { "uv": [ 13.5, 9.75, 15.5, 12.75 ], "texture": "#texture" }
    }
},
{
    "from": [ 14.6, 6.65, 7.125 ],
    "to": [ 14.95, 7.7, 7.825 ],
    "faces": {
        "down":  { "uv": [ 14, 9.5, 15.5, 12.25 ], "texture": "#texture" },
        "up":    { "uv": [ 14, 9.5, 15.5, 12.25 ], "texture": "#texture" },
        "north": { "uv": [ 13.75, 9.5, 15, 12.5 ], "texture": "#texture" },
        "south": { "uv": [ 13.75, 9.5, 15, 12.5 ], "texture": "#texture" },
        "west":  { "uv": [ 13.5, 9.75, 15.5, 12.75 ], "texture": "#texture" },
        "east":  { "uv": [ 13.5, 9.75, 15.5, 12.75 ], "texture": "#texture" }
    }
},
{
    "from": [ 15.125, 6.65, 7.125 ],
    "to": [ 15.475, 7.7, 7.825 ],
    "faces": {
        "down":  { "uv": [ 14, 9.5, 15.5, 12.25 ], "texture": "#texture" },
        "up":    { "uv": [ 14, 9.5, 15.5, 12.25 ], "texture": "#texture" },
        "north": { "uv": [ 13.75, 9.5, 15, 12.5 ], "texture": "#texture" },
        "south": { "uv": [ 13.75, 9.5, 15, 12.5 ], "texture": "#texture" },
        "west":  { "uv": [ 13.5, 9.75, 15.5, 12.75 ], "texture": "#texture" },
        "east":  { "uv": [ 13.5, 9.75, 15.5, 12.75 ], "texture": "#texture" }
    }
},
{
    "from": [ 15.65, 6.65, 7.125 ],
    "to": [ 16, 7.7, 7.825 ],
    "faces": {
        "down":  { "uv": [ 14, 9.5, 15.5, 12.25 ], "texture": "#texture" },
        "up":    { "uv": [ 14, 9.5, 15.5, 12.25 ], "texture": "#texture" },
        "north": { "uv": [ 13.75, 9.5, 15, 12.5 ], "texture": "#texture" },
        "south": { "uv": [ 13.75, 9.5, 15, 12.5 ], "texture": "#texture" },
        "west":  { "uv": [ 13.5, 9.75, 15.5, 12.75 ], "texture": "#texture" },
        "east":  { "uv": [ 13.5, 9.75, 15.5, 12.75 ], "texture": "#texture" }
    }
},
{
    "from": [ 16.175, 6.65, 7.125 ],
    "to": [ 16.525, 7.7, 7.825 ],
    "faces": {
        "down":  { "uv": [ 14, 9.5, 15.5, 12.25 ], "texture": "#texture" },
        "up":    { "uv": [ 14, 9.5, 15.5, 12.25 ], "texture": "#texture" },
        "north": { "uv": [ 13.75, 9.5, 15, 12.5 ], "texture": "#texture" },
        "south": { "uv": [ 13.75, 9.5, 15, 12.5 ], "texture": "#texture" },
        "west":  { "uv": [ 13.5, 9.75, 15.5, 12.75 ], "texture": "#texture" },
        "east":  { "uv": [ 13.5, 9.75, 15.5, 12.75 ], "texture": "#texture" }
    }
},
{
    "from": [ 16.7, 6.475, 6.95 ],
    "to": [ 17.225, 7.875, 8 ],
    "faces": {
        "down":  { "uv": [ 12.25, 3.5, 14.25, 4.75 ], "texture": "#texture" },
        "up":    { "uv": [ 12.25, 3.5, 14.25, 4.75 ], "texture": "#texture" },
        "north": { "uv": [ 13.5, 3.25, 14.5, 4.75 ], "texture": "#texture" },
        "south": { "uv": [ 13.5, 3.25, 14.5, 4.75 ], "texture": "#texture" },
        "west":  { "uv": [ 13.5, 3.25, 15, 4.75 ], "texture": "#texture" },
        "east":  { "uv": [ 13.5, 3.25, 15, 4.75 ], "texture": "#texture" }
    }
},
{
    "from": [ 17.225, 6.65, 7.125 ],
    "to": [ 17.75, 7.7, 7.825 ],
    "faces": {
        "down":  { "uv": [ 4.25, 6.25, 8, 8 ], "texture": "#texture" },
        "up":    { "uv": [ 4.25, 6.25, 8, 8 ], "texture": "#texture" },
        "north": { "uv": [ 4.25, 6.25, 7.5, 7.75 ], "texture": "#texture" },
        "south": { "uv": [ 4.25, 6.25, 7.5, 7.75 ], "texture": "#texture" },
        "west":  { "uv": [ 4.25, 6.25, 6.5, 7.5 ], "texture": "#texture" },
        "east":  { "uv": [ 4.25, 6.25, 6.5, 7.5 ], "texture": "#texture" }
    }
},
{
    "from": [ 17.575, 7.525, 7.3 ],
    "to": [ 18.625, 7.875, 7.65 ],
    "faces": {
        "down":  { "uv": [ 4.25, 6.25, 8, 8 ], "texture": "#texture" },
        "up":    { "uv": [ 4.25, 6.25, 8, 8 ], "texture": "#texture" },
        "north": { "uv": [ 4.25, 6.25, 7.5, 7.75 ], "texture": "#texture" },
        "south": { "uv": [ 4.25, 6.25, 7.5, 7.75 ], "texture": "#texture" },
        "west":  { "uv": [ 4.25, 6.25, 6.5, 7.5 ], "texture": "#texture" },
        "east":  { "uv": [ 4.25, 6.25, 6.5, 7.5 ], "texture": "#texture" }
    }
},
{
    "from": [ 18.975, 6.125, 7.3 ],
    "to": [ 19.15, 7.35, 7.65 ],
    "faces": {
        "down":  { "uv": [ 4.25, 6.25, 8, 8 ], "texture": "#texture" },
        "up":    { "uv": [ 4.25, 6.25, 8, 8 ], "texture": "#texture" },
        "north": { "uv": [ 4.25, 6.25, 7.5, 7.75 ], "texture": "#texture" },
        "south": { "uv": [ 4.25, 6.25, 7.5, 7.75 ], "texture": "#texture" },
        "west":  { "uv": [ 4.25, 6.25, 6.5, 7.5 ], "texture": "#texture" },
        "east":  { "uv": [ 4.25, 6.25, 6.5, 7.5 ], "texture": "#texture" }
    }
},
{
    "from": [ 17.4875, 6.60625, 7.125 ],
    "to": [ 18.3625, 7.30625, 7.825 ],
    "rotation": { "origin": [ 17.4875, 7.30625, 7.125 ], "axis": "z", "angle": -22.5 },
    "faces": {
        "down":  { "uv": [ 4.25, 6.25, 8, 8 ], "texture": "#texture" },
        "up":    { "uv": [ 4.25, 6.25, 8, 8 ], "texture": "#texture" },
        "north": { "uv": [ 4.25, 6.25, 7.5, 7.75 ], "texture": "#texture" },
        "south": { "uv": [ 4.25, 6.25, 7.5, 7.75 ], "texture": "#texture" },
        "west":  { "uv": [ 4.25, 6.25, 6.5, 7.5 ], "texture": "#texture" },
        "east":  { "uv": [ 4.25, 6.25, 6.5, 7.5 ], "texture": "#texture" }
    }
},
{
    "from": [ 18.0125, 6.32275, 7.125 ],
    "to": [ 18.5813, 6.979, 7.825 ],
    "faces": {
        "down":  { "uv": [ 4.25, 6.25, 8, 8 ], "texture": "#texture" },
        "up":    { "uv": [ 4.25, 6.25, 8, 8 ], "texture": "#texture" },
        "north": { "uv": [ 4.25, 6.25, 7.5, 7.75 ], "texture": "#texture" },
        "south": { "uv": [ 4.25, 6.25, 7.5, 7.75 ], "texture": "#texture" },
        "west":  { "uv": [ 4.25, 6.25, 6.5, 7.5 ], "texture": "#texture" },
        "east":  { "uv": [ 4.25, 6.25, 6.5, 7.5 ], "texture": "#texture" }
    }
},
{
    "from": [ 18.61, 6.3875, 7.3 ],
    "to": [ 19.66, 6.7375, 7.65 ],
    "rotation": { "origin": [ 18.61, 6.7375, 7.3 ], "axis": "z", "angle": -45 },
    "faces": {
        "down":  { "uv": [ 4.25, 6.25, 8, 8 ], "texture": "#texture" },
        "up":    { "uv": [ 4.25, 6.25, 8, 8 ], "texture": "#texture" },
        "north": { "uv": [ 4.25, 6.25, 7.5, 7.75 ], "texture": "#texture" },
        "south": { "uv": [ 4.25, 6.25, 7.5, 7.75 ], "texture": "#texture" },
        "west":  { "uv": [ 4.25, 6.25, 6.5, 7.5 ], "texture": "#texture" },
        "east":  { "uv": [ 4.25, 6.25, 6.5, 7.5 ], "texture": "#texture" }
    }
},
{
    "from": [ 17.1812, 7.13125, 7.125 ],
    "to": [ 17.7062, 7.48125, 7.825 ],
    "rotation": { "origin": [ 17.1812, 7.48125, 7.125 ], "axis": "z", "angle": 45 },
    "faces": {
        "down":  { "uv": [ 4.25, 6.25, 8, 8 ], "texture": "#texture" },
        "up":    { "uv": [ 4.25, 6.25, 8, 8 ], "texture": "#texture" },
        "north": { "uv": [ 4.25, 6.25, 7.5, 7.75 ], "texture": "#texture" },
        "south": { "uv": [ 4.25, 6.25, 7.5, 7.75 ], "texture": "#texture" },
        "west":  { "uv": [ 4.25, 6.25, 6.5, 7.5 ], "texture": "#texture" },
        "east":  { "uv": [ 4.25, 6.25, 6.5, 7.5 ], "texture": "#texture" }
    }
},
{
    "from": [ 18.1438, 6.95625, 7.3 ],
    "to": [ 18.6687, 7.65625, 7.65 ],
    "rotation": { "origin": [ 18.1438, 7.65625, 7.3 ], "axis": "z", "angle": 22.5 },
    "faces": {
        "down":  { "uv": [ 4.25, 6.25, 8, 8 ], "texture": "#texture" },
        "up":    { "uv": [ 4.25, 6.25, 8, 8 ], "texture": "#texture" },
        "north": { "uv": [ 4.25, 6.25, 7.5, 7.75 ], "texture": "#texture" },
        "south": { "uv": [ 4.25, 6.25, 7.5, 7.75 ], "texture": "#texture" },
        "west":  { "uv": [ 4.25, 6.25, 6.5, 7.5 ], "texture": "#texture" },
        "east":  { "uv": [ 4.25, 6.25, 6.5, 7.5 ], "texture": "#texture" }
    }
},
{
    "from": [ 17.4, 6.7375, 7.125 ],
    "to": [ 18.625, 7.6125, 7.825 ],
    "faces": {
        "down":  { "uv": [ 4.25, 6.25, 8, 8 ], "texture": "#texture" },
        "up":    { "uv": [ 4.25, 6.25, 8, 8 ], "texture": "#texture" },
        "north": { "uv": [ 4.25, 6.25, 7.5, 7.75 ], "texture": "#texture" },
        "south": { "uv": [ 4.25, 6.25, 7.5, 7.75 ], "texture": "#texture" },
        "west":  { "uv": [ 4.25, 6.25, 6.5, 7.5 ], "texture": "#texture" },
        "east":  { "uv": [ 4.25, 6.25, 6.5, 7.5 ], "texture": "#texture" }
    }
},
{
    "from": [ 18.45, 6.3875, 7.125 ],
    "to": [ 19.0188, 7.35, 7.825 ],
    "faces": {
        "down":  { "uv": [ 4.25, 6.25, 8, 8 ], "texture": "#texture" },
        "up":    { "uv": [ 4.25, 6.25, 8, 8 ], "texture": "#texture" },
        "north": { "uv": [ 4.25, 6.25, 7.5, 7.75 ], "texture": "#texture" },
        "south": { "uv": [ 4.25, 6.25, 7.5, 7.75 ], "texture": "#texture" },
        "west":  { "uv": [ 4.25, 6.25, 6.5, 7.5 ], "texture": "#texture" },
        "east":  { "uv": [ 4.25, 6.25, 6.5, 7.5 ], "texture": "#texture" }
    }
},
{
    "from": [ 17.75, 7.525, 7.3 ],
    "to": [ 18.275, 7.875, 7.65 ],
    "rotation": { "origin": [ 17.75, 7.875, 7.3 ], "axis": "z", "angle": 22.5 },
    "faces": {
        "down":  { "uv": [ 4.25, 6.25, 8, 8 ], "texture": "#texture" },
        "up":    { "uv": [ 4.25, 6.25, 8, 8 ], "texture": "#texture" },
        "north": { "uv": [ 4.25, 6.25, 7.5, 7.75 ], "texture": "#texture" },
        "south": { "uv": [ 4.25, 6.25, 7.5, 7.75 ], "texture": "#texture" },
        "west":  { "uv": [ 4.25, 6.25, 6.5, 7.5 ], "texture": "#texture" },
        "east":  { "uv": [ 4.25, 6.25, 6.5, 7.5 ], "texture": "#texture" }
    }
},
{
    "from": [ 7.90625, 7.21875, 7.125 ],
    "to": [ 9.48125, 7.74375, 7.825 ],
    "rotation": { "origin": [ 7.90625, 7.74375, 7.125 ], "axis": "z", "angle": -45 },
    "faces": {
        "down":  { "uv": [ 4.25, 6.25, 8, 8 ], "texture": "#texture" },
        "up":    { "uv": [ 4.25, 6.25, 8, 8 ], "texture": "#texture" },
        "north": { "uv": [ 4.25, 6.25, 7.5, 7.75 ], "texture": "#texture" },
        "south": { "uv": [ 4.25, 6.25, 7.5, 7.75 ], "texture": "#texture" },
        "west":  { "uv": [ 4.25, 6.25, 6.5, 7.5 ], "texture": "#texture" },
        "east":  { "uv": [ 4.25, 6.25, 6.5, 7.5 ], "texture": "#texture" }
    }
},
{
    "from": [ 8.65, 6.25625, 7.125 ],
    "to": [ 9.525, 6.78125, 7.825 ],
    "faces": {
        "down":  { "uv": [ 4.25, 6.25, 8, 8 ], "texture": "#texture" },
        "up":    { "uv": [ 4.25, 6.25, 8, 8 ], "texture": "#texture" },
        "north": { "uv": [ 4.25, 6.25, 7.5, 7.75 ], "texture": "#texture" },
        "south": { "uv": [ 4.25, 6.25, 7.5, 7.75 ], "texture": "#texture" },
        "west":  { "uv": [ 4.25, 6.25, 6.5, 7.5 ], "texture": "#texture" },
        "east":  { "uv": [ 4.25, 6.25, 6.5, 7.5 ], "texture": "#texture" }
    }
},
{
    "from": [ 9.525, 6.3, 7.3 ],
    "to": [ 12.325, 6.825, 7.65 ],
    "rotation": { "origin": [ 9.525, 6.825, 7.3 ], "axis": "z", "angle": -45 },
    "faces": {
        "down":  { "uv": [ 4.25, 6.25, 8, 8 ], "texture": "#texture" },
        "up":    { "uv": [ 4.25, 6.25, 8, 8 ], "texture": "#texture" },
        "north": { "uv": [ 4.25, 6.25, 7.5, 7.75 ], "texture": "#texture" },
        "south": { "uv": [ 4.25, 6.25, 7.5, 7.75 ], "texture": "#texture" },
        "west":  { "uv": [ 4.25, 6.25, 6.5, 7.5 ], "texture": "#texture" },
        "east":  { "uv": [ 4.25, 6.25, 6.5, 7.5 ], "texture": "#texture" }
    }
},
{
    "from": [ 7.6875, 7.21875, 7.125 ],
    "to": [ 9.4375, 7.74375, 7.825 ],
    "rotation": { "origin": [ 7.6875, 7.74375, 7.125 ], "axis": "z", "angle": 22.5 },
    "faces": {
        "down":  { "uv": [ 4.25, 6.25, 8, 8 ], "texture": "#texture" },
        "up":    { "uv": [ 4.25, 6.25, 8, 8 ], "texture": "#texture" },
        "north": { "uv": [ 4.25, 6.25, 7.5, 7.75 ], "texture": "#texture" },
        "south": { "uv": [ 4.25, 6.25, 7.5, 7.75 ], "texture": "#texture" },
        "west":  { "uv": [ 4.25, 6.25, 6.5, 7.5 ], "texture": "#texture" },
        "east":  { "uv": [ 4.25, 6.25, 6.5, 7.5 ], "texture": "#texture" }
    }
},
{
    "from": [ 9.9625, 5.99375, 7.3 ],
    "to": [ 10.8375, 6.51875, 7.65 ],
    "rotation": { "origin": [ 9.9625, 6.51875, 7.3 ], "axis": "z", "angle": -22.5 },
    "faces": {
        "down":  { "uv": [ 4.25, 6.25, 8, 8 ], "texture": "#texture" },
        "up":    { "uv": [ 4.25, 6.25, 8, 8 ], "texture": "#texture" },
        "north": { "uv": [ 4.25, 6.25, 7.5, 7.75 ], "texture": "#texture" },
        "south": { "uv": [ 4.25, 6.25, 7.5, 7.75 ], "texture": "#texture" },
        "west":  { "uv": [ 4.25, 6.25, 6.5, 7.5 ], "texture": "#texture" },
        "east":  { "uv": [ 4.25, 6.25, 6.5, 7.5 ], "texture": "#texture" }
    }
},
{
    "from": [ 9.30625, 7.775, 7.125 ],
    "to": [ 10.2438, 8.4, 7.825 ],
    "faces": {
        "down":  { "uv": [ 4.25, 6.25, 8, 8 ], "texture": "#texture" },
        "up":    { "uv": [ 4.25, 6.25, 8, 8 ], "texture": "#texture" },
        "north": { "uv": [ 4.25, 6.25, 7.5, 7.75 ], "texture": "#texture" },
        "south": { "uv": [ 4.25, 6.25, 7.5, 7.75 ], "texture": "#texture" },
        "west":  { "uv": [ 4.25, 6.25, 6.5, 7.5 ], "texture": "#texture" },
        "east":  { "uv": [ 4.25, 6.25, 6.5, 7.5 ], "texture": "#texture" }
    }
},
{
    "from": [ 9.56875, 7.83125, 7.3 ],
    "to": [ 10.7937, 8.35625, 7.65 ],
    "rotation": { "origin": [ 9.56875, 8.35625, 7.3 ], "axis": "z", "angle": 22.5 },
    "faces": {
        "down":  { "uv": [ 4.25, 6.25, 8, 8 ], "texture": "#texture" },
        "up":    { "uv": [ 4.25, 6.25, 8, 8 ], "texture": "#texture" },
        "north": { "uv": [ 4.25, 6.25, 7.5, 7.75 ], "texture": "#texture" },
        "south": { "uv": [ 4.25, 6.25, 7.5, 7.75 ], "texture": "#texture" },
        "west":  { "uv": [ 4.25, 6.25, 6.5, 7.5 ], "texture": "#texture" },
        "east":  { "uv": [ 4.25, 6.25, 6.5, 7.5 ], "texture": "#texture" }
    }
},
{
    "from": [ 9.525, 6.475, 7.125 ],
    "to": [ 10.4, 7, 7.825 ],
    "rotation": { "origin": [ 9.525, 7, 7.125 ], "axis": "z", "angle": -22.5 },
    "faces": {
        "down":  { "uv": [ 4.25, 6.25, 8, 8 ], "texture": "#texture" },
        "up":    { "uv": [ 4.25, 6.25, 8, 8 ], "texture": "#texture" },
        "north": { "uv": [ 4.25, 6.25, 7.5, 7.75 ], "texture": "#texture" },
        "south": { "uv": [ 4.25, 6.25, 7.5, 7.75 ], "texture": "#texture" },
        "west":  { "uv": [ 4.25, 6.25, 6.5, 7.5 ], "texture": "#texture" },
        "east":  { "uv": [ 4.25, 6.25, 6.5, 7.5 ], "texture": "#texture" }
    }
},
{
    "from": [ 8.125, 7, 7.125 ],
    "to": [ 9.7, 7.875, 7.825 ],
    "faces": {
        "down":  { "uv": [ 4.25, 6.25, 8, 8 ], "texture": "#texture" },
        "up":    { "uv": [ 4.25, 6.25, 8, 8 ], "texture": "#texture" },
        "north": { "uv": [ 4.25, 6.25, 7.5, 7.75 ], "texture": "#texture" },
        "south": { "uv": [ 4.25, 6.25, 7.5, 7.75 ], "texture": "#texture" },
        "west":  { "uv": [ 4.25, 6.25, 6.5, 7.5 ], "texture": "#texture" },
        "east":  { "uv": [ 4.25, 6.25, 6.5, 7.5 ], "texture": "#texture" }
    }
},
{
    "from": [ 9.525, 6.475, 7.125 ],
    "to": [ 10.225, 8.05, 7.825 ],
    "faces": {
        "down":  { "uv": [ 4.25, 6.25, 8, 8 ], "texture": "#texture" },
        "up":    { "uv": [ 4.25, 6.25, 8, 8 ], "texture": "#texture" },
        "north": { "uv": [ 4.25, 6.25, 7.5, 7.75 ], "texture": "#texture" },
        "south": { "uv": [ 4.25, 6.25, 7.5, 7.75 ], "texture": "#texture" },
        "west":  { "uv": [ 4.25, 6.25, 6.5, 7.5 ], "texture": "#texture" },
        "east":  { "uv": [ 4.25, 6.25, 6.5, 7.5 ], "texture": "#texture" }
    }
},
{
    "from": [ 8.65, 6.65, 7.125 ],
    "to": [ 9.525, 7.175, 7.825 ],
    "faces": {
        "down":  { "uv": [ 4.25, 6.25, 8, 8 ], "texture": "#texture" },
        "up":    { "uv": [ 4.25, 6.25, 8, 8 ], "texture": "#texture" },
        "north": { "uv": [ 4.25, 6.25, 7.5, 7.75 ], "texture": "#texture" },
        "south": { "uv": [ 4.25, 6.25, 7.5, 7.75 ], "texture": "#texture" },
        "west":  { "uv": [ 4.25, 6.25, 6.5, 7.5 ], "texture": "#texture" },
        "east":  { "uv": [ 4.25, 6.25, 6.5, 7.5 ], "texture": "#texture" }
    }
},
{
    "from": [ -10.95, 7.7, 7.3875 ],
    "to": [ -10.6, 8.575, 7.5625 ],
    "faces": {
        "down":  { "uv": [ 0, 0, 0, 0 ], "texture": "#texture" },
        "up":    { "uv": [ 0, 0, 0, 0 ], "texture": "#texture" },
        "north": { "uv": [ 0, 0, 0, 0 ], "texture": "#texture" },
        "south": { "uv": [ 0, 0, 0, 0 ], "texture": "#texture" },
        "west":  { "uv": [ 0, 0, 0, 0 ], "texture": "#texture" },
        "east":  { "uv": [ 0, 0, 0, 0 ], "texture": "#texture" }
    }
},
{
    "from": [ -9.025, 7, 7.3 ],
    "to": [ -8.15, 7.525, 7.65 ],
    "faces": {
        "down":  { "uv": [ 0, 0, 0, 0 ], "texture": "#texture" },
        "up":    { "uv": [ 0, 0, 0, 0 ], "texture": "#texture" },
        "north": { "uv": [ 0, 0, 0, 0 ], "texture": "#texture" },
        "south": { "uv": [ 0, 0, 0, 0 ], "texture": "#texture" },
        "west":  { "uv": [ 0, 0, 0, 0 ], "texture": "#texture" },
        "east":  { "uv": [ 0, 0, 0, 0 ], "texture": "#texture" }
    }
},
{
    "from": [ -10.425, 7.525, 7.3 ],
    "to": [ -9.725, 8.05, 7.65 ],
    "faces": {
        "down":  { "uv": [ 0, 0, 0, 0 ], "texture": "#texture" },
        "up":    { "uv": [ 0, 0, 0, 0 ], "texture": "#texture" },
        "north": { "uv": [ 0, 0, 0, 0 ], "texture": "#texture" },
        "south": { "uv": [ 0, 0, 0, 0 ], "texture": "#texture" },
        "west":  { "uv": [ 0, 0, 0, 0 ], "texture": "#texture" },
        "east":  { "uv": [ 0, 0, 0, 0 ], "texture": "#texture" }
    }
},
{
    "from": [ -10.075, 7.525, 7.3 ],
    "to": [ -9.375, 7.875, 7.65 ],
    "faces": {
        "down":  { "uv": [ 0, 0, 0, 0 ], "texture": "#texture" },
        "up":    { "uv": [ 0, 0, 0, 0 ], "texture": "#texture" },
        "north": { "uv": [ 0, 0, 0, 0 ], "texture": "#texture" },
        "south": { "uv": [ 0, 0, 0, 0 ], "texture": "#texture" },
        "west":  { "uv": [ 0, 0, 0, 0 ], "texture": "#texture" },
        "east":  { "uv": [ 0, 0, 0, 0 ], "texture": "#texture" }
    }
},
{
    "from": [ -10.775, 7.875, 7.3 ],
    "to": [ -10.25, 8.225, 7.65 ],
    "faces": {
        "down":  { "uv": [ 0, 0, 0, 0 ], "texture": "#texture" },
        "up":    { "uv": [ 0, 0, 0, 0 ], "texture": "#texture" },
        "north": { "uv": [ 0, 0, 0, 0 ], "texture": "#texture" },
        "south": { "uv": [ 0, 0, 0, 0 ], "texture": "#texture" },
        "west":  { "uv": [ 0, 0, 0, 0 ], "texture": "#texture" },
        "east":  { "uv": [ 0, 0, 0, 0 ], "texture": "#texture" }
    }
},
{
    "from": [ 15.9375, 4.5, 5.375 ],
    "to": [ 16.0313, 9.75, 11.375 ],
    "rotation": { "origin": [ 15.9375, 4.5, 5.375 ], "axis": "y", "angle": 45 },
    "faces": {
        "down":  { "uv": [ 0.25, 0, 0.25, 0 ], "texture": "#air_anim3" },
        "up":    { "uv": [ 0.25, 0, 0.25, 0 ], "texture": "#air_anim3" },
        "north": { "uv": [ 0, 0, 0, 0 ], "texture": "#air_anim3" },
        "south": { "uv": [ 0, 0, 0, 0 ], "texture": "#air_anim3" },
        "west":  { "uv": [ 0, 0, 16, 16 ], "texture": "#air_anim3" },
        "east":  { "uv": [ 0, 0, 16, 16 ], "texture": "#air_anim3" }
    }
},
{
    "from": [ 20.25, 4.5, 5.125 ],
    "to": [ 20.3438, 9.75, 11.5 ],
    "rotation": { "origin": [ 20.25, 4.5, 5.125 ], "axis": "y", "angle": -45 },
    "faces": {
        "down":  { "uv": [ 0.25, 0, 0.25, 0 ], "texture": "#air_anim3" },
        "up":    { "uv": [ 0.25, 0, 0.25, 0 ], "texture": "#air_anim3" },
        "north": { "uv": [ 0, 0, 0, 0 ], "texture": "#air_anim3" },
        "south": { "uv": [ 0, 0, 0, 0 ], "texture": "#air_anim3" },
        "west":  { "uv": [ 0, 0, 16, 16 ], "texture": "#air_anim3" },
        "east":  { "uv": [ 0, 0, 16, 16 ], "texture": "#air_anim3" }
    }
}
]
}