{
	"__createdwith": "opl's Model Creator",
	"ambientocclusion": false,
	"textures": {
		"texture": "jhsy/chuizi/earth2",
		"brace": "jhsy/chuizi/earth_bracing",
		"allium": "jhsy/chuizi/flower_allium",
		"texture2": "jhsy/chuizi/earth1"
	},
	"elements": [
		{
			"from": [6,-7,7],
			"to": [10,7,9],
			"faces": {
				"west": {
					"uv": [14,0,12,12],
					"texture": "#texture"
				},
				"east": {
					"uv": [14,0,12,12],
					"texture": "#texture"
				},
				"north": {
					"uv": [11,0,15,12],
					"texture": "#texture"
				},
				"south": {
					"uv": [11,0,15,12],
					"texture": "#texture"
				}
			}
		},
		{
			"from": [7,-7,6],
			"to": [9,7,10],
			"faces": {
				"west": {
					"uv": [15,0,11,12],
					"texture": "#texture"
				},
				"east": {
					"uv": [15,0,11,12],
					"texture": "#texture"
				},
				"north": {
					"uv": [12,0,14,12],
					"texture": "#texture"
				},
				"south": {
					"uv": [12,0,14,12],
					"texture": "#texture"
				}
			}
		},
		{
			"from": [5,-11,6],
			"to": [11,-8,10],
			"faces": {
				"up": {
					"uv": [11,12,15,13],
					"texture": "#texture",
					"rotation": 90
				},
				"down": {
					"uv": [9,10,11,12],
					"texture": "#texture"
				},
				"west": {
					"uv": [11,13,15,16],
					"texture": "#texture"
				},
				"east": {
					"uv": [11,13,15,16],
					"texture": "#texture"
				},
				"north": {
					"uv": [10,13,16,16],
					"texture": "#texture"
				},
				"south": {
					"uv": [10,13,16,16],
					"texture": "#texture"
				}
			}
		},
		{
			"from": [6,-11,5],
			"to": [10,-8,11],
			"faces": {
				"up": {
					"uv": [11,12,15,13],
					"texture": "#texture"
				},
				"down": {
					"uv": [9,10,11,12],
					"texture": "#texture"
				},
				"west": {
					"uv": [10,13,16,16],
					"texture": "#texture"
				},
				"east": {
					"uv": [10,13,16,16],
					"texture": "#texture"
				},
				"north": {
					"uv": [11,13,15,16],
					"texture": "#texture"
				},
				"south": {
					"uv": [11,13,15,16],
					"texture": "#texture"
				}
			}
		},
		{
			"from": [6,-8,6],
			"to": [10,-7,10],
			"faces": {
				"up": {
					"uv": [12,12,14,13],
					"texture": "#texture"
				},
				"west": {
					"uv": [11,12,15,13],
					"texture": "#texture"
				},
				"east": {
					"uv": [11,12,15,13],
					"texture": "#texture"
				},
				"north": {
					"uv": [11,12,15,13],
					"texture": "#texture"
				},
				"south": {
					"uv": [11,12,15,13],
					"texture": "#texture"
				}
			}
		},
		{
			"from": [-1,21,4],
			"to": [5,28,12],
			"faces": {
				"up": {
					"uv": [1,0,9,1],
					"texture": "#texture"
				},
				"down": {
					"uv": [9,4,11,6],
					"texture": "#texture"
				},
				"west": {
					"uv": [1,1,2,8],
					"texture": "#texture"
				},
				"north": {
					"uv": [7,1,1,8],
					"texture": "#texture"
				},
				"south": {
					"uv": [1,1,7,8],
					"texture": "#texture"
				}
			}
		},
		{
			"from": [-2,21,5],
			"to": [18,28,11],
			"faces": {
				"up": {
					"uv": [0,1,9,2],
					"texture": "#texture"
				},
				"down": {
					"uv": [9,4,11,6],
					"texture": "#texture"
				},
				"west": {
					"uv": [0,1,1,8],
					"texture": "#texture"
				},
				"east": {
					"uv": [0,1,1,8],
					"texture": "#texture"
				},
				"north": {
					"uv": [0,1,1,8],
					"texture": "#texture"
				},
				"south": {
					"uv": [0,1,1,8],
					"texture": "#texture"
				}
			}
		},
		{
			"from": [11,21,4],
			"to": [17,28,12],
			"faces": {
				"up": {
					"uv": [0,1,9,2],
					"texture": "#texture"
				},
				"down": {
					"uv": [9,4,11,6],
					"texture": "#texture"
				},
				"east": {
					"uv": [1,3,2,7],
					"texture": "#texture"
				},
				"north": {
					"uv": [1,1,7,8],
					"texture": "#texture"
				},
				"south": {
					"uv": [7,1,1,8],
					"texture": "#texture"
				}
			}
		},
		{
			"from": [11,20,5],
			"to": [17,29,11],
			"faces": {
				"up": {
					"uv": [9,0,1,1],
					"texture": "#texture"
				},
				"down": {
					"uv": [9,6,11,8],
					"texture": "#texture"
				},
				"east": {
					"uv": [1,0,2,9],
					"texture": "#texture"
				},
				"north": {
					"uv": [1,0,7,9],
					"texture": "#texture"
				},
				"south": {
					"uv": [7,0,1,9],
					"texture": "#texture"
				}
			}
		},
		{
			"from": [-1,20,5],
			"to": [5,29,11],
			"faces": {
				"up": {
					"uv": [1,0,9,1],
					"texture": "#texture"
				},
				"down": {
					"uv": [9,6,11,8],
					"texture": "#texture"
				},
				"west": {
					"uv": [1,0,2,9],
					"texture": "#texture"
				},
				"north": {
					"uv": [7,0,1,9],
					"texture": "#texture"
				},
				"south": {
					"uv": [1,0,7,9],
					"texture": "#texture"
				}
			}
		},
		{
			"from": [5,20,4],
			"to": [11,29,12],
			"faces": {
				"up": {
					"uv": [0,0,6,1],
					"texture": "#brace"
				},
				"down": {
					"uv": [0,8,6,9],
					"texture": "#brace"
				},
				"west": {
					"uv": [0,0,1,9],
					"texture": "#brace"
				},
				"east": {
					"uv": [5,0,6,9],
					"texture": "#brace"
				},
				"north": {
					"uv": [0,0,6,9],
					"texture": "#brace"
				},
				"south": {
					"uv": [0,0,6,9],
					"texture": "#brace"
				}
			}
		},
		{
			"from": [5,17,6],
			"to": [11,20,10],
			"faces": {
				"down": {
					"uv": [14,13,16,16],
					"texture": "#brace"
				},
				"west": {
					"uv": [5,13,9,16],
					"texture": "#texture"
				},
				"east": {
					"uv": [5,13,9,16],
					"texture": "#texture"
				},
				"north": {
					"uv": [4,13,10,16],
					"texture": "#texture"
				},
				"south": {
					"uv": [4,13,10,16],
					"texture": "#texture"
				}
			}
		},
		{
			"from": [6,14,6],
			"to": [10,17,10],
			"faces": {
				"down": {
					"uv": [14,14,16,16],
					"texture": "#brace"
				},
				"west": {
					"uv": [7,1,11,4],
					"texture": "#brace"
				},
				"east": {
					"uv": [7,1,11,4],
					"texture": "#brace"
				},
				"north": {
					"uv": [7,1,11,4],
					"texture": "#brace"
				},
				"south": {
					"uv": [7,1,11,4],
					"texture": "#brace"
				}
			}
		},
		{
			"from": [6,7,7],
			"to": [10,14,9],
			"faces": {
				"west": {
					"uv": [8,7,10,13],
					"texture": "#texture2"
				},
				"east": {
					"uv": [8,7,10,13],
					"texture": "#texture2"
				},
				"north": {
					"uv": [7,7,11,13],
					"texture": "#texture2"
				},
				"south": {
					"uv": [7,7,11,13],
					"texture": "#texture2"
				}
			}
		},
		{
			"from": [7,7,6],
			"to": [9,14,10],
			"faces": {
				"west": {
					"uv": [7,7,11,13],
					"texture": "#texture2"
				},
				"east": {
					"uv": [7,7,11,13],
					"texture": "#texture2"
				},
				"north": {
					"uv": [8,7,10,13],
					"texture": "#texture2"
				},
				"south": {
					"uv": [8,7,10,13],
					"texture": "#texture2"
				}
			}
		},
		{
			"from": [5,-15,7.99],
			"to": [11,-11,8.01],
		"shade": false,
		"rotation": { "origin": [ 8, -10, 8 ], "axis": "y", "angle": 22.5, "rescale": false },
			"faces": {
				"north": {
					"uv": [11,7,5,3],
					"texture": "#allium"
				},
				"south": {
					"uv": [5,7,11,3],
					"texture": "#allium"
				}
			}
		},
		{
			"from": [5,-15,7.99],
			"to": [11,-11,8.01],
		"shade": false,
		"rotation": { "origin": [ 8, -10, 8 ], "axis": "y", "angle": -22.5, "rescale": false },
			"faces": {
				"north": {
					"uv": [11,7,5,3],
					"texture": "#allium"
				},
				"south": {
					"uv": [5,7,11,3],
					"texture": "#allium"
				}
			}
		},
		{
			"from": [5,-15,7.99],
			"to": [11,-11,8.01],
		"shade": false,
		"rotation": { "origin": [ 8, -10, 8 ], "axis": "y", "angle": 45, "rescale": false },
			"faces": {
				"north": {
					"uv": [11,7,5,3],
					"texture": "#allium"
				},
				"south": {
					"uv": [5,7,11,3],
					"texture": "#allium"
				}
			}
		},
		{
			"from": [5,-15,7.99],
			"to": [11,-11,8.01],
		"shade": false,
		"rotation": { "origin": [ 8, -10, 8 ], "axis": "y", "angle": -45, "rescale": false },
			"faces": {
				"north": {
					"uv": [11,7,5,3],
					"texture": "#allium"
				},
				"south": {
					"uv": [5,7,11,3],
					"texture": "#allium"
				}
			}
		}
	],
	"display": {
		"thirdperson_righthand": {
			"rotation": [ 0, -90, -14 ],
			"translation": [ -0.76, 8.5, 2.83 ],
			"scale": [ 1, 1, 1 ]
		},
		"thirdperson_lefthand": {
			"rotation": [ 0, -90, -14 ],
			"translation": [ -0.76, 8.5, 2.83 ],
			"scale": [ 1, 1, 1 ]
        },
        "ground": {
            "rotation": [ 0, 0, 0 ],
            "translation": [ 0, 6, 0 ],
            "scale": [ 0.25, 0.25, 0.25 ]
        },
        "fixed": {
            "rotation": [ 0, 0, 45 ],
            "translation": [ 1, -1, 0 ],
            "scale": [ 0.5, 0.5, 0.5 ]
        },
        "firstperson_righthand": {
            "rotation": [ 0, -70, 16 ],
            "translation": [ 1.51, 0.76, 0 ],
            "scale": [ 0.75, 0.75, 0.75 ]
        },
        "firstperson_lefthand": {
            "rotation": [ 0, -70, 16 ],
            "translation": [ 1.51, 0.76, 0 ],
            "scale": [ 0.75, 0.75, 0.75 ]
        },
        "gui": {
			"rotation": [ -14, 10, 43 ],
			"translation": [ 0, -0.38, 6.43 ],
			"scale": [ 0.5, 0.55, 0.5 ]
        }
    }
}