{
    "__createdwith": "opl's Model Creator",
    "ambientocclusion": false,
    "textures": {
        "texture": "jhsy/chuizi/earth1",
        "allium": "jhsy/chuizi/flower_allium"
    },
    "elements": [
        {
            "from": [6,-6,7],
            "to": [10,6,9],
            "faces": {
                "west": {
                    "uv": [14,0,12,12],
                    "texture": "#texture"
                },
                "east": {
                    "uv": [14,0,12,12],
                    "texture": "#texture"
                },
                "north": {
                    "uv": [11,0,15,12],
                    "texture": "#texture"
                },
                "south": {
                    "uv": [11,0,15,12],
                    "texture": "#texture"
                }
            }
        },
        {
            "from": [7,-6,6],
            "to": [9,6,10],
            "faces": {
                "west": {
                    "uv": [15,0,11,12],
                    "texture": "#texture"
                },
                "east": {
                    "uv": [15,0,11,12],
                    "texture": "#texture"
                },
                "north": {
                    "uv": [12,0,14,12],
                    "texture": "#texture"
                },
                "south": {
                    "uv": [12,0,14,12],
                    "texture": "#texture"
                }
            }
        },
        {
            "from": [5,-10,6],
            "to": [11,-7,10],
            "faces": {
                "up": {
                    "uv": [7,13,10,16],
                    "texture": "#texture"
                },
                "down": {
                    "uv": [7,13,10,16],
                    "texture": "#texture"
                },
                "west": {
                    "uv": [11,13,15,16],
                    "texture": "#texture"
                },
                "east": {
                    "uv": [11,13,15,16],
                    "texture": "#texture"
                },
                "north": {
                    "uv": [10,13,16,16],
                    "texture": "#texture"
                },
                "south": {
                    "uv": [10,13,16,16],
                    "texture": "#texture"
                }
            }
        },
        {
            "from": [6,-10,5],
            "to": [10,-7,11],
            "faces": {
                "up": {
                    "uv": [7,13,10,16],
                    "texture": "#texture"
                },
                "down": {
                    "uv": [7,13,10,16],
                    "texture": "#texture"
                },
                "west": {
                    "uv": [10,13,16,16],
                    "texture": "#texture"
                },
                "east": {
                    "uv": [10,13,16,16],
                    "texture": "#texture"
                },
                "north": {
                    "uv": [11,13,15,16],
                    "texture": "#texture"
                },
                "south": {
                    "uv": [11,13,15,16],
                    "texture": "#texture"
                }
            }
        },
        {
            "from": [6,-7,6],
            "to": [10,-6,10],
            "faces": {
                "up": {
                    "uv": [7,13,10,16],
                    "texture": "#texture"
                },
                "west": {
                    "uv": [11,12,15,13],
                    "texture": "#texture"
                },
                "east": {
                    "uv": [11,12,15,13],
                    "texture": "#texture"
                },
                "north": {
                    "uv": [11,12,15,13],
                    "texture": "#texture"
                },
                "south": {
                    "uv": [11,12,15,13],
                    "texture": "#texture"
                }
            }
        },
        {
            "from": [6,17,6],
            "to": [10,19,10],
            "faces": {
                "down": {
                    "uv": [0,14,2,16],
                    "texture": "#texture"
                },
                "west": {
                    "uv": [2,14,6,16],
                    "texture": "#texture"
                },
                "east": {
                    "uv": [2,14,6,16],
                    "texture": "#texture"
                },
                "north": {
                    "uv": [2,14,6,16],
                    "texture": "#texture"
                },
                "south": {
                    "uv": [2,14,6,16],
                    "texture": "#texture"
                }
            }
        },
        {
            "from": [5,19,5],
            "to": [11,25,11],
            "faces": {
                "up": {
                    "uv": [1,8,7,9],
                    "texture": "#texture"
                },
                "down": {
                    "uv": [1,13,7,14],
                    "texture": "#texture"
                },
                "west": {
                    "uv": [6,8,7,14],
                    "texture": "#texture"
                },
                "east": {
                    "uv": [1,8,2,14],
                    "texture": "#texture"
                },
                "north": {
                    "uv": [1,8,7,14],
                    "texture": "#texture"
                },
                "south": {
                    "uv": [1,8,7,14],
                    "texture": "#texture"
                }
            }
        },
        {
            "from": [6,6,7],
            "to": [10,17,9],
            "faces": {
                "west": {
                    "uv": [8,7,10,13],
                    "texture": "#texture"
                },
                "east": {
                    "uv": [8,7,10,13],
                    "texture": "#texture"
                },
                "north": {
                    "uv": [7,7,11,13],
                    "texture": "#texture"
                },
                "south": {
                    "uv": [7,7,11,13],
                    "texture": "#texture"
                }
            }
        },
        {
            "from": [7,6,6],
            "to": [9,17,10],
            "faces": {
                "west": {
                    "uv": [7,7,11,13],
                    "texture": "#texture"
                },
                "east": {
                    "uv": [7,7,11,13],
                    "texture": "#texture"
                },
                "north": {
                    "uv": [8,7,10,13],
                    "texture": "#texture"
                },
                "south": {
                    "uv": [8,7,10,13],
                    "texture": "#texture"
                }
            }
        },
        {
            "from": [0,20,5],
            "to": [5,24,11],
            "faces": {
                "up": {
                    "uv": [0,0,6,2],
                    "texture": "#texture"
                },
                "down": {
                    "uv": [7,0,9,2],
                    "texture": "#texture"
                },
                "west": {
                    "uv": [1,3,2,7],
                    "texture": "#texture"
                },
                "north": {
                    "uv": [6,3,1,7],
                    "texture": "#texture"
                },
                "south": {
                    "uv": [1,3,6,7],
                    "texture": "#texture"
                }
            }
        },
        {
            "from": [0,19,6],
            "to": [5,25,10],
            "faces": {
                "up": {
                    "uv": [0,0,6,2],
                    "texture": "#texture"
                },
                "down": {
                    "uv": [7,2,9,7],
                    "texture": "#texture"
                },
                "west": {
                    "uv": [1,2,2,8],
                    "texture": "#texture"
                },
                "north": {
                    "uv": [6,2,1,8],
                    "texture": "#texture"
                },
                "south": {
                    "uv": [1,2,6,8],
                    "texture": "#texture"
                }
            }
        },
        {
            "from": [-1,20,6],
            "to": [17,24,10],
            "faces": {
                "up": {
                    "uv": [0,0,7,2],
                    "texture": "#texture"
                },
                "down": {
                    "uv": [7,0,9,2],
                    "texture": "#texture"
                },
                "west": {
                    "uv": [0,3,1,7],
                    "texture": "#texture"
                },
                "east": {
                    "uv": [0,3,1,7],
                    "texture": "#texture"
                },
                "north": {
                    "uv": [0,3,1,7],
                    "texture": "#texture"
                },
                "south": {
                    "uv": [0,3,1,7],
                    "texture": "#texture"
                }
            }
        },
        {
            "from": [11,20,5],
            "to": [16,24,11],
            "faces": {
                "up": {
                    "uv": [0,0,6,1],
                    "texture": "#texture"
                },
                "down": {
                    "uv": [7,0,9,2],
                    "texture": "#texture"
                },
                "east": {
                    "uv": [1,3,2,7],
                    "texture": "#texture"
                },
                "north": {
                    "uv": [1,3,6,7],
                    "texture": "#texture"
                },
                "south": {
                    "uv": [6,3,1,7],
                    "texture": "#texture"
                }
            }
        },
        {
            "from": [11,19,6],
            "to": [16,25,10],
            "faces": {
                "up": {
                    "uv": [0,0,6,2],
                    "texture": "#texture"
                },
                "down": {
                    "uv": [7,2,9,7],
                    "texture": "#texture"
                },
                "east": {
                    "uv": [1,2,2,8],
                    "texture": "#texture"
                },
                "north": {
                    "uv": [1,2,6,8],
                    "texture": "#texture"
                },
                "south": {
                    "uv": [6,2,1,8],
                    "texture": "#texture"
                }
            }
        },
        {
            "from": [6,-13,7.99],
            "to": [10,-10,8.01],
		"shade": false,
		"rotation": { "origin": [ 8, -10, 8 ], "axis": "y", "angle": 45, "rescale": false },
            "faces": {
                "north": {
                    "uv": [11,7,5,3],
                    "texture": "#allium"
                },
                "south": {
                    "uv": [5,7,11,3],
                    "texture": "#allium"
                }
            }
        },
        {
            "from": [6,-13,7.99],
            "to": [10,-10,8.01],
		"shade": false,
		"rotation": { "origin": [ 8, -10, 8 ], "axis": "y", "angle": -45, "rescale": false },
            "faces": {
                "north": {
                    "uv": [11,7,5,3],
                    "texture": "#allium"
                },
                "south": {
                    "uv": [5,7,11,3],
                    "texture": "#allium"
                }
            }
        }
    ],
    "display": {
		"thirdperson_righthand": {
			"rotation": [ 0, -90, -14 ],
			"translation": [ -0.76, 8.5, 2.83 ],
			"scale": [ 1, 1, 1 ]
		},
		"thirdperson_lefthand": {
			"rotation": [ 0, -90, -14 ],
			"translation": [ -0.76, 8.5, 2.83 ],
			"scale": [ 1, 1, 1 ]
        },
        "ground": {
            "rotation": [ 0, 0, 0 ],
            "translation": [ 0, 6, 0 ],
            "scale": [ 0.25, 0.25, 0.25 ]
        },
        "fixed": {
            "rotation": [ 0, 0, 45 ],
            "translation": [ 1, -1, 0 ],
            "scale": [ 0.5, 0.5, 0.5 ]
        },
        "firstperson_righthand": {
            "rotation": [ 0, -70, 16 ],
            "translation": [ 1.51, 0.76, 0 ],
            "scale": [ 0.75, 0.75, 0.75 ]
        },
        "firstperson_lefthand": {
            "rotation": [ 0, -70, 16 ],
            "translation": [ 1.51, 0.76, 0 ],
            "scale": [ 0.75, 0.75, 0.75 ]
        },
        "gui": {
			"rotation": [ -14, 10, 43 ],
			"translation": [ 0, -0.38, 6.43 ],
			"scale": [ 0.5, 0.55, 0.5 ]
        }
    }
}