{
    "__createdwith": "opl's Model Creator",
    "ambientocclusion": false,
    "textures": {
        "wand": "jhsy/huozhang/fire1",
        "flame": "jhsy/candle_flame"
    },
    "elements": [
        {
            "from": [7,-5,7],
            "to": [9,5,9],
            "faces": {
                "down": {
                    "uv": [14,14,16,16],
                    "texture": "#wand"
                },
                "west": {
                    "uv": [14,6,16,16],
                    "texture": "#wand"
                },
                "east": {
                    "uv": [14,6,16,16],
                    "texture": "#wand"
                },
                "north": {
                    "uv": [14,6,16,16],
                    "texture": "#wand"
                },
                "south": {
                    "uv": [14,6,16,16],
                    "texture": "#wand"
                }
            }
        },
        {
            "from": [7,5,7],
            "to": [9,21,9],
            "faces": {
                "up": {
                    "uv": [2,0,4,1],
                    "texture": "#wand"
                },
                "west": {
                    "uv": [2,0,4,16],
                    "texture": "#wand"
                },
                "east": {
                    "uv": [2,0,4,16],
                    "texture": "#wand"
                },
                "north": {
                    "uv": [2,0,4,16],
                    "texture": "#wand"
                },
                "south": {
                    "uv": [2,0,4,16],
                    "texture": "#wand"
                }
            }
        },
        {
            "from": [5,18,6],
            "to": [11,20,10],
            "faces": {
                "up": {
                    "uv": [0,1,6,2],
                    "texture": "#wand"
                },
                "down": {
                    "uv": [0,2,6,3],
                    "texture": "#wand"
                },
                "west": {
                    "uv": [1,1,5,3],
                    "texture": "#wand"
                },
                "east": {
                    "uv": [1,1,5,3],
                    "texture": "#wand"
                },
                "north": {
                    "uv": [0,1,6,3],
                    "texture": "#wand"
                },
                "south": {
                    "uv": [0,1,6,3],
                    "texture": "#wand"
                }
            }
        },
        {
            "from": [6,17,6],
            "to": [10,18,10],
            "faces": {
                "down": {
                    "uv": [1,3,5,4],
                    "texture": "#wand"
                },
                "west": {
                    "uv": [1,3,5,4],
                    "texture": "#wand"
                },
                "east": {
                    "uv": [1,3,5,4],
                    "texture": "#wand"
                },
                "north": {
                    "uv": [1,3,5,4],
                    "texture": "#wand"
                },
                "south": {
                    "uv": [1,3,5,4],
                    "texture": "#wand"
                }
            }
        },
        {
            "from": [4,22,7.98],
            "to": [12,30,8.02],
			"shade": false,
			"rotation": { "origin": [ 8, 22, 8 ], "axis": "y", "angle": 45, "rescale": true },
            "faces": {
                "north": {
                    "uv": [16,0,0,16],
                    "texture": "#flame"
                },
                "south": {
                    "uv": [0,0,16,16],
                    "texture": "#flame"
                }
            }
        },
        {
            "from": [4,22,7.98],
            "to": [12,30,8.02],
			"shade": false,
			"rotation": { "origin": [ 8, 22, 8 ], "axis": "y", "angle": -45, "rescale": true },
            "faces": {
                "north": {
                    "uv": [16,0,0,16],
                    "texture": "#flame"
                },
                "south": {
                    "uv": [0,0,16,16],
                    "texture": "#flame"
                }
            }
        }
    ]
}