{
    "__createdwith": "opl's Model Creator",
    "ambientocclusion": false,
    "textures": {
        "wand": "jhsy/lanzhang/water2",
        "atom": "jhsy/water_atom"
    },
    "elements": [
        {
            "from": [5,8,7],
            "to": [9,9,11],
            "faces": {
                "up": {
                    "uv": [5,12,9,16],
                    "texture": "#wand"
                },
                "down": {
                    "uv": [9,12,5,16],
                    "texture": "#wand"
                },
                "west": {
                    "uv": [1,7,5,8],
                    "texture": "#wand"
                },
                "east": {
                    "uv": [1,7,5,8],
                    "texture": "#wand"
                },
                "north": {
                    "uv": [1,7,5,8],
                    "texture": "#wand"
                },
                "south": {
                    "uv": [1,7,5,8],
                    "texture": "#wand"
                }
            }
        },
        {
            "from": [6,0,8],
            "to": [8,16,10],
            "faces": {
                "up": {
                    "uv": [2,0,4,2],
                    "texture": "#wand"
                },
                "west": {
                    "uv": [2,0,4,16],
                    "texture": "#wand"
                },
                "east": {
                    "uv": [2,0,4,16],
                    "texture": "#wand"
                },
                "north": {
                    "uv": [2,0,4,16],
                    "texture": "#wand"
                },
                "south": {
                    "uv": [2,0,4,16],
                    "texture": "#wand"
                }
            }
        },
        {
            "from": [6,12,7],
            "to": [8,14,11],
            "faces": {
                "up": {
                    "uv": [1,2,5,3],
                    "texture": "#wand",
                    "rotation": 90
                },
                "west": {
                    "uv": [1,2,5,4],
                    "texture": "#wand"
                },
                "east": {
                    "uv": [1,2,5,4],
                    "texture": "#wand"
                },
                "north": {
                    "uv": [4,2,2,4],
                    "texture": "#wand"
                },
                "south": {
                    "uv": [4,2,2,4],
                    "texture": "#wand"
                }
            }
        },
        {
            "from": [5,12,8],
            "to": [9,14,10],
            "faces": {
                "up": {
                    "uv": [1,2,5,3],
                    "texture": "#wand"
                },
                "west": {
                    "uv": [2,2,4,4],
                    "texture": "#wand"
                },
                "east": {
                    "uv": [2,2,4,4],
                    "texture": "#wand"
                },
                "north": {
                    "uv": [5,2,1,4],
                    "texture": "#wand"
                },
                "south": {
                    "uv": [5,2,1,4],
                    "texture": "#wand"
                }
            }
        },
        {
            "from": [6,10,6],
            "to": [8,12,12],
            "faces": {
                "up": {
                    "uv": [0,4,6,5],
                    "texture": "#wand",
                    "rotation": 90
                },
                "down": {
                    "uv": [0,5,6,6],
                    "texture": "#wand",
                    "rotation": 90
                },
                "west": {
                    "uv": [0,4,6,6],
                    "texture": "#wand"
                },
                "east": {
                    "uv": [0,4,6,6],
                    "texture": "#wand"
                },
                "north": {
                    "uv": [4,4,2,6],
                    "texture": "#wand"
                },
                "south": {
                    "uv": [4,4,2,6],
                    "texture": "#wand"
                }
            }
        },
        {
            "from": [4,10,8],
            "to": [10,12,10],
            "faces": {
                "up": {
                    "uv": [0,4,6,5],
                    "texture": "#wand"
                },
                "down": {
                    "uv": [0,5,6,6],
                    "texture": "#wand"
                },
                "west": {
                    "uv": [2,4,4,6],
                    "texture": "#wand"
                },
                "east": {
                    "uv": [2,4,4,6],
                    "texture": "#wand"
                },
                "north": {
                    "uv": [6,4,0,6],
                    "texture": "#wand"
                },
                "south": {
                    "uv": [6,4,0,6],
                    "texture": "#wand"
                }
            }
        },
        {
            "from": [6,-7,8],
            "to": [8,0,10],
            "faces": {
                "west": {
                    "uv": [10,0,12,7],
                    "texture": "#wand"
                },
                "east": {
                    "uv": [10,0,12,7],
                    "texture": "#wand"
                },
                "north": {
                    "uv": [10,0,12,7],
                    "texture": "#wand"
                },
                "south": {
                    "uv": [10,0,12,7],
                    "texture": "#wand"
                }
            }
        },
        {
            "from": [6,-9,8],
            "to": [8,-7,10],
            "faces": {
                "west": {
                    "uv": [13,0,15,2],
                    "texture": "#wand"
                },
                "east": {
                    "uv": [13,0,15,2],
                    "texture": "#wand"
                },
                "north": {
                    "uv": [13,0,15,2],
                    "texture": "#wand"
                },
                "south": {
                    "uv": [13,0,15,2],
                    "texture": "#wand"
                }
            }
        },
        {
            "from": [6,-12,7],
            "to": [8,-9,11],
            "faces": {
                "up": {
                    "uv": [0,10,2,12],
                    "texture": "#wand"
                },
                "down": {
                    "uv": [0,14,2,16],
                    "texture": "#wand"
                },
                "west": {
                    "uv": [12,2,16,5],
                    "texture": "#wand"
                },
                "east": {
                    "uv": [12,2,16,5],
                    "texture": "#wand"
                },
                "north": {
                    "uv": [13,2,15,5],
                    "texture": "#wand"
                },
                "south": {
                    "uv": [13,2,15,5],
                    "texture": "#wand"
                }
            }
        },
        {
            "from": [5,-12,8],
            "to": [9,-9,10],
            "faces": {
                "up": {
                    "uv": [0,10,2,12],
                    "texture": "#wand"
                },
                "down": {
                    "uv": [0,14,2,16],
                    "texture": "#wand"
                },
                "west": {
                    "uv": [13,2,15,5],
                    "texture": "#wand"
                },
                "east": {
                    "uv": [13,2,15,5],
                    "texture": "#wand"
                },
                "north": {
                    "uv": [12,2,16,5],
                    "texture": "#wand"
                },
                "south": {
                    "uv": [12,2,16,5],
                    "texture": "#wand"
                }
            }
        },
        {
            "from": [5,16,8],
            "to": [7,18,9],
            "faces": {
                "up": {
                    "uv": [14,14,12,15],
                    "texture": "#wand"
                },
                "down": {
                    "uv": [14,15,12,16],
                    "texture": "#wand"
                },
                "west": {
                    "uv": [13,14,14,16],
                    "texture": "#wand"
                },
                "east": {
                    "uv": [12,14,13,16],
                    "texture": "#wand"
                },
                "north": {
                    "uv": [12,14,14,16],
                    "texture": "#wand"
                },
                "south": {
                    "uv": [14,14,12,16],
                    "texture": "#wand"
                }
            }
        },
        {
            "from": [7,16,9],
            "to": [8,18,11],
            "faces": {
                "up": {
                    "uv": [12,14,14,15],
                    "texture": "#wand",
                    "rotation": 90
                },
                "down": {
                    "uv": [14,15,12,16],
                    "texture": "#wand",
                    "rotation": 90
                },
                "west": {
                    "uv": [12,14,14,16],
                    "texture": "#wand"
                },
                "east": {
                    "uv": [14,14,12,16],
                    "texture": "#wand"
                },
                "north": {
                    "uv": [12,14,13,16],
                    "texture": "#wand"
                },
                "south": {
                    "uv": [13,14,14,16],
                    "texture": "#wand"
                }
            }
        },
        {
            "from": [4,17,8],
            "to": [6,20,9],
            "faces": {
                "up": {
                    "uv": [15,12,13,13],
                    "texture": "#wand"
                },
                "down": {
                    "uv": [15,14,13,15],
                    "texture": "#wand"
                },
                "west": {
                    "uv": [14,12,15,15],
                    "texture": "#wand"
                },
                "east": {
                    "uv": [13,12,14,15],
                    "texture": "#wand"
                },
                "north": {
                    "uv": [13,12,15,15],
                    "texture": "#wand"
                },
                "south": {
                    "uv": [15,12,13,15],
                    "texture": "#wand"
                }
            }
        },
        {
            "from": [3,19,8],
            "to": [5,24,9],
            "faces": {
                "up": {
                    "uv": [14,8,16,9],
                    "texture": "#wand"
                },
                "down": {
                    "uv": [16,12,14,13],
                    "texture": "#wand"
                },
                "west": {
                    "uv": [15,8,16,13],
                    "texture": "#wand"
                },
                "east": {
                    "uv": [14,8,15,13],
                    "texture": "#wand"
                },
                "north": {
                    "uv": [14,8,16,13],
                    "texture": "#wand"
                },
                "south": {
                    "uv": [16,8,14,13],
                    "texture": "#wand"
                }
            }
        },
        {
            "from": [4,23,8],
            "to": [8,25,9],
            "faces": {
                "up": {
                    "uv": [11,7,15,8],
                    "texture": "#wand"
                },
                "down": {
                    "uv": [11,8,15,9],
                    "texture": "#wand"
                },
                "west": {
                    "uv": [14,7,15,9],
                    "texture": "#wand"
                },
                "north": {
                    "uv": [11,7,15,9],
                    "texture": "#wand"
                },
                "south": {
                    "uv": [15,7,11,9],
                    "texture": "#wand"
                }
            }
        },
        {
            "from": [7,22,7],
            "to": [9,24,9],
            "faces": {
                "up": {
                    "uv": [10,8,11,9],
                    "texture": "#wand"
                },
                "down": {
                    "uv": [0,12,2,14],
                    "texture": "#wand"
                },
                "west": {
                    "uv": [10,8,12,10],
                    "texture": "#wand"
                },
                "east": {
                    "uv": [12,8,10,10],
                    "texture": "#wand"
                },
                "north": {
                    "uv": [10,8,12,10],
                    "texture": "#wand"
                },
                "south": {
                    "uv": [12,8,10,10],
                    "texture": "#wand"
                }
            }
        },
        {
            "from": [7,17,10],
            "to": [8,20,12],
            "faces": {
                "up": {
                    "uv": [13,12,15,13],
                    "texture": "#wand",
                    "rotation": 90
                },
                "down": {
                    "uv": [15,14,13,15],
                    "texture": "#wand",
                    "rotation": 90
                },
                "west": {
                    "uv": [13,12,15,15],
                    "texture": "#wand"
                },
                "east": {
                    "uv": [15,12,13,15],
                    "texture": "#wand"
                },
                "north": {
                    "uv": [13,12,14,15],
                    "texture": "#wand"
                },
                "south": {
                    "uv": [14,12,15,15],
                    "texture": "#wand"
                }
            }
        },
        {
            "from": [7,19,11],
            "to": [8,24,13],
            "faces": {
                "up": {
                    "uv": [15,8,16,9],
                    "texture": "#wand"
                },
                "down": {
                    "uv": [16,12,14,13],
                    "texture": "#wand",
                    "rotation": 90
                },
                "west": {
                    "uv": [14,8,16,13],
                    "texture": "#wand"
                },
                "east": {
                    "uv": [16,8,14,13],
                    "texture": "#wand"
                },
                "north": {
                    "uv": [14,8,15,13],
                    "texture": "#wand"
                },
                "south": {
                    "uv": [15,8,16,13],
                    "texture": "#wand"
                }
            }
        },
        {
            "from": [7,23,8],
            "to": [8,25,12],
            "faces": {
                "up": {
                    "uv": [11,7,15,8],
                    "texture": "#wand",
                    "rotation": 90
                },
                "down": {
                    "uv": [11,8,15,9],
                    "texture": "#wand",
                    "rotation": 90
                },
                "west": {
                    "uv": [11,7,15,9],
                    "texture": "#wand"
                },
                "east": {
                    "uv": [15,7,11,9],
                    "texture": "#wand"
                },
                "south": {
                    "uv": [14,7,15,9],
                    "texture": "#wand"
                }
            }
        },
        {
            "from": [7,19,7],
            "to": [9,21,9],
            "faces": {
                "up": {
                    "uv": [10,11,12,13],
                    "texture": "#wand"
                },
                "down": {
                    "uv": [10,11,12,13],
                    "texture": "#wand"
                },
                "west": {
                    "uv": [10,11,12,13],
                    "texture": "#wand"
                },
                "east": {
                    "uv": [12,11,10,13],
                    "texture": "#wand"
                },
                "north": {
                    "uv": [10,11,12,13],
                    "texture": "#wand"
                },
                "south": {
                    "uv": [12,11,10,13],
                    "texture": "#wand"
                }
            }
        },	
        {
            "from": [4,19.98,4],
            "to": [12,20.02,12],
			"shade": false,
			"rotation": { "origin": [ 8, 20, 8 ], "axis": "x", "angle": -45, "rescale": false },
            "faces": {
                "up": {
                    "uv": [0,0,16,16],
                    "texture": "#atom"
                },
                "down": {
                    "uv": [0,16,16,0],
                    "texture": "#atom"
                }
            }
        },
        {
            "from": [4,19.98,4],
            "to": [12,20.02,12],
			"shade": false,
			"rotation": { "origin": [ 8, 20, 8 ], "axis": "x", "angle": 45, "rescale": false },
            "faces": {
                "up": {
                    "uv": [0,0,16,16],
                    "texture": "#atom"
                },
                "down": {
                    "uv": [0,16,16,0],
                    "texture": "#atom"
                }
            }
        }
    ]
}