{
    "__createdwith": "opl's Model Creator",
    "ambientocclusion": false,
    "textures": {
        "wand": "jhsy/lanzhang/water3",
        "atom": "jhsy/water_atom",
        "orb": "jhsy/lanzhang/water_anim"
    },
    "elements": [
        {
            "from": [7,0,7],
            "to": [9,7,9],
            "faces": {
                "west": {
                    "uv": [10,0,12,7],
                    "texture": "#wand"
                },
                "east": {
                    "uv": [10,0,12,7],
                    "texture": "#wand"
                },
                "north": {
                    "uv": [10,0,12,7],
                    "texture": "#wand"
                },
                "south": {
                    "uv": [10,0,12,7],
                    "texture": "#wand"
                }
            }
        },
        {
            "from": [7,-12,7],
            "to": [9,-7,9],
            "faces": {
                "down": {
                    "uv": [13,3,15,5],
                    "texture": "#wand"
                },
                "west": {
                    "uv": [13,0,15,5],
                    "texture": "#wand"
                },
                "east": {
                    "uv": [13,0,15,5],
                    "texture": "#wand"
                },
                "north": {
                    "uv": [13,0,15,5],
                    "texture": "#wand"
                },
                "south": {
                    "uv": [13,0,15,5],
                    "texture": "#wand"
                }
            }
        },
        {
            "from": [7.25,-13.5,7.25],
            "to": [8.75,-12,8.75],
            "faces": {
                "down": {
                    "uv": [13,5,15,7],
                    "texture": "#wand"
                },
                "west": {
                    "uv": [13,5,15,7],
                    "texture": "#wand"
                },
                "east": {
                    "uv": [13,5,15,7],
                    "texture": "#wand"
                },
                "north": {
                    "uv": [13,5,15,7],
                    "texture": "#wand"
                },
                "south": {
                    "uv": [13,5,15,7],
                    "texture": "#wand"
                }
            }
        },
        {
            "from": [6,-11,7.25],
            "to": [10,-8,8.75],
            "faces": {
                "up": {
                    "uv": [12,3,16,5],
                    "texture": "#wand"
                },
                "down": {
                    "uv": [12,3,16,5],
                    "texture": "#wand"
                },
                "west": {
                    "uv": [13,2,15,5],
                    "texture": "#wand"
                },
                "east": {
                    "uv": [13,2,15,5],
                    "texture": "#wand"
                },
                "north": {
                    "uv": [12,2,16,5],
                    "texture": "#wand"
                },
                "south": {
                    "uv": [12,2,16,5],
                    "texture": "#wand"
                }
            }
        },
        {
            "from": [7.25,-11,6],
            "to": [8.75,-8,10],
            "faces": {
                "up": {
                    "uv": [13,1,15,5],
                    "texture": "#wand"
                },
                "down": {
                    "uv": [13,1,15,5],
                    "texture": "#wand"
                },
                "west": {
                    "uv": [12,2,16,5],
                    "texture": "#wand"
                },
                "east": {
                    "uv": [12,2,16,5],
                    "texture": "#wand"
                },
                "north": {
                    "uv": [13,2,15,5],
                    "texture": "#wand"
                },
                "south": {
                    "uv": [13,2,15,5],
                    "texture": "#wand"
                }
            }
        },
        {
            "from": [7,-7,7],
            "to": [9,0,9],
            "faces": {
                "west": {
                    "uv": [8,0,10,7],
                    "texture": "#wand"
                },
                "east": {
                    "uv": [8,0,10,7],
                    "texture": "#wand"
                },
                "north": {
                    "uv": [8,0,10,7],
                    "texture": "#wand"
                },
                "south": {
                    "uv": [8,0,10,7],
                    "texture": "#wand"
                }
            }
        },
        {
            "from": [6,7,7],
            "to": [10,9,9],
            "faces": {
                "up": {
                    "uv": [2,14,3,15],
                    "texture": "#wand"
                },
                "down": {
                    "uv": [2,14,6,16],
                    "texture": "#wand"
                },
                "west": {
                    "uv": [2,14,3,16],
                    "texture": "#wand"
                },
                "east": {
                    "uv": [2,14,3,16],
                    "texture": "#wand"
                },
                "north": {
                    "uv": [2,14,3,16],
                    "texture": "#wand"
                },
                "south": {
                    "uv": [2,14,3,16],
                    "texture": "#wand"
                }
            }
        },
        {
            "from": [7,9,7],
            "to": [9,11,9],
            "faces": {
                "west": {
                    "uv": [3,12,5,14],
                    "texture": "#wand"
                },
                "east": {
                    "uv": [3,12,5,14],
                    "texture": "#wand"
                },
                "north": {
                    "uv": [3,12,5,14],
                    "texture": "#wand"
                },
                "south": {
                    "uv": [3,12,5,14],
                    "texture": "#wand"
                }
            }
        },
        {
            "from": [5,11,6],
            "to": [11,13,10],
            "faces": {
                "up": {
                    "uv": [5,10,3,11],
                    "texture": "#wand"
                },
                "down": {
                    "uv": [1,11,4,12],
                    "texture": "#wand"
                },
                "west": {
                    "uv": [6,10,2,12],
                    "texture": "#wand"
                },
                "east": {
                    "uv": [6,10,2,12],
                    "texture": "#wand"
                },
                "north": {
                    "uv": [7,10,1,12],
                    "texture": "#wand"
                },
                "south": {
                    "uv": [7,10,1,12],
                    "texture": "#wand"
                }
            }
        },
        {
            "from": [6,11,5],
            "to": [10,13,11],
            "faces": {
                "up": {
                    "uv": [3,10,5,11],
                    "texture": "#wand",
                    "rotation": 90
                },
                "down": {
                    "uv": [1,11,4,12],
                    "texture": "#wand",
                    "rotation": 90
                },
                "west": {
                    "uv": [1,10,7,12],
                    "texture": "#wand"
                },
                "east": {
                    "uv": [1,10,7,12],
                    "texture": "#wand"
                },
                "north": {
                    "uv": [2,10,6,12],
                    "texture": "#wand"
                },
                "south": {
                    "uv": [2,10,6,12],
                    "texture": "#wand"
                }
            }
        },
        {
            "from": [6,13,6],
            "to": [10,17,10],
            "faces": {
                "west": {
                    "uv": [3,3,13,13],
                    "texture": "#orb"
                },
                "east": {
                    "uv": [3,3,13,13],
                    "texture": "#orb"
                },
                "north": {
                    "uv": [3,3,13,13],
                    "texture": "#orb"
                },
                "south": {
                    "uv": [3,3,13,13],
                    "texture": "#orb"
                }
            }
        },
        {
            "from": [7,7,6],
            "to": [9,9,10],
            "faces": {
                "up": {
                    "uv": [2,14,3,15],
                    "texture": "#wand",
                    "rotation": 90
                },
                "down": {
                    "uv": [2,14,6,16],
                    "texture": "#wand",
                    "rotation": 90
                },
                "west": {
                    "uv": [3,14,2,16],
                    "texture": "#wand"
                },
                "east": {
                    "uv": [2,14,3,16],
                    "texture": "#wand"
                },
                "north": {
                    "uv": [2,14,3,16],
                    "texture": "#wand"
                },
                "south": {
                    "uv": [2,14,3,16],
                    "texture": "#wand"
                }
            }
        },
        {
            "from": [10,12,10],
            "to": [12,15,12],
            "faces": {
                "up": {
                    "uv": [0,9,2,11],
                    "texture": "#wand"
                },
                "down": {
                    "uv": [6,9,8,11],
                    "texture": "#wand"
                },
                "west": {
                    "uv": [1,8,2,11],
                    "texture": "#wand"
                },
                "east": {
                    "uv": [0,8,2,11],
                    "texture": "#wand"
                },
                "north": {
                    "uv": [1,8,2,11],
                    "texture": "#wand"
                },
                "south": {
                    "uv": [2,8,0,11],
                    "texture": "#wand"
                }
            }
        },
        {
            "from": [4,12,4],
            "to": [6,15,6],
            "faces": {
                "up": {
                    "uv": [0,9,2,11],
                    "texture": "#wand"
                },
                "down": {
                    "uv": [0,9,2,11],
                    "texture": "#wand"
                },
                "west": {
                    "uv": [0,8,2,11],
                    "texture": "#wand"
                },
                "east": {
                    "uv": [1,8,2,11],
                    "texture": "#wand"
                },
                "north": {
                    "uv": [2,8,0,11],
                    "texture": "#wand"
                },
                "south": {
                    "uv": [1,8,2,11],
                    "texture": "#wand"
                }
            }
        },
        {
            "from": [10,12,4],
            "to": [12,15,6],
            "faces": {
                "up": {
                    "uv": [6,9,8,11],
                    "texture": "#wand"
                },
                "down": {
                    "uv": [6,9,8,11],
                    "texture": "#wand"
                },
                "west": {
                    "uv": [6,8,7,11],
                    "texture": "#wand"
                },
                "east": {
                    "uv": [6,8,8,11],
                    "texture": "#wand"
                },
                "north": {
                    "uv": [8,8,6,11],
                    "texture": "#wand"
                },
                "south": {
                    "uv": [6,8,7,11],
                    "texture": "#wand"
                }
            }
        },
        {
            "from": [4,12,10],
            "to": [6,15,12],
            "faces": {
                "up": {
                    "uv": [6,9,8,11],
                    "texture": "#wand"
                },
                "down": {
                    "uv": [6,9,8,11],
                    "texture": "#wand"
                },
                "west": {
                    "uv": [6,8,8,11],
                    "texture": "#wand"
                },
                "east": {
                    "uv": [6,8,7,11],
                    "texture": "#wand"
                },
                "north": {
                    "uv": [6,8,7,11],
                    "texture": "#wand"
                },
                "south": {
                    "uv": [8,8,6,11],
                    "texture": "#wand"
                }
            }
        },
        {
            "from": [5,17,4],
            "to": [11,19,12],
            "faces": {
                "up": {
                    "uv": [3,4,5,5],
                    "texture": "#wand",
                    "rotation": 90
                },
                "down": {
                    "uv": [1,11,4,12],
                    "texture": "#wand",
                    "rotation": 90
                },
                "west": {
                    "uv": [0,4,8,6],
                    "texture": "#wand"
                },
                "east": {
                    "uv": [0,4,8,6],
                    "texture": "#wand"
                },
                "north": {
                    "uv": [1,4,7,6],
                    "texture": "#wand"
                },
                "south": {
                    "uv": [1,4,7,6],
                    "texture": "#wand"
                }
            }
        },
        {
            "from": [4,17,5],
            "to": [12,19,11],
            "faces": {
                "up": {
                    "uv": [5,4,3,5],
                    "texture": "#wand"
                },
                "down": {
                    "uv": [1,11,4,12],
                    "texture": "#wand"
                },
                "west": {
                    "uv": [7,4,1,6],
                    "texture": "#wand"
                },
                "east": {
                    "uv": [7,4,1,6],
                    "texture": "#wand"
                },
                "north": {
                    "uv": [8,4,0,6],
                    "texture": "#wand"
                },
                "south": {
                    "uv": [8,4,0,6],
                    "texture": "#wand"
                }
            }
        },
        {
            "from": [7,22,7],
            "to": [9,24,9],
            "faces": {
                "up": {
                    "uv": [13,5,15,7],
                    "texture": "#wand"
                },
                "down": {
                    "uv": [13,5,15,7],
                    "texture": "#wand"
                },
                "west": {
                    "uv": [13,5,15,7],
                    "texture": "#wand"
                },
                "east": {
                    "uv": [13,5,15,7],
                    "texture": "#wand"
                },
                "north": {
                    "uv": [13,5,15,7],
                    "texture": "#wand"
                },
                "south": {
                    "uv": [13,5,15,7],
                    "texture": "#wand"
                }
            }
        },
        {
            "from": [10,15,5],
            "to": [11,17,6],
            "faces": {
                "west": {
                    "uv": [6,6,7,8],
                    "texture": "#wand"
                },
                "east": {
                    "uv": [6,6,7,8],
                    "texture": "#wand"
                },
                "north": {
                    "uv": [6,6,7,8],
                    "texture": "#wand"
                },
                "south": {
                    "uv": [6,6,7,8],
                    "texture": "#wand"
                }
            }
        },
        {
            "from": [5,15,10],
            "to": [6,17,11],
            "faces": {
                "west": {
                    "uv": [6,6,7,8],
                    "texture": "#wand"
                },
                "east": {
                    "uv": [6,6,7,8],
                    "texture": "#wand"
                },
                "north": {
                    "uv": [6,6,7,8],
                    "texture": "#wand"
                },
                "south": {
                    "uv": [6,6,7,8],
                    "texture": "#wand"
                }
            }
        },
        {
            "from": [5,15,5],
            "to": [6,17,6],
            "faces": {
                "west": {
                    "uv": [1,6,2,8],
                    "texture": "#wand"
                },
                "east": {
                    "uv": [1,6,2,8],
                    "texture": "#wand"
                },
                "north": {
                    "uv": [1,6,2,8],
                    "texture": "#wand"
                },
                "south": {
                    "uv": [1,6,2,8],
                    "texture": "#wand"
                }
            }
        },
        {
            "from": [10,15,10],
            "to": [11,17,11],
            "faces": {
                "west": {
                    "uv": [1,6,2,8],
                    "texture": "#wand"
                },
                "east": {
                    "uv": [1,6,2,8],
                    "texture": "#wand"
                },
                "north": {
                    "uv": [1,6,2,8],
                    "texture": "#wand"
                },
                "south": {
                    "uv": [1,6,2,8],
                    "texture": "#wand"
                }
            }
        },
        {
            "from": [3,19,7.5],
            "to": [5,21,8.5],
            "faces": {
                "up": {
                    "uv": [14,14,12,15],
                    "texture": "#wand"
                },
                "down": {
                    "uv": [13,15,14,16],
                    "texture": "#wand"
                },
                "west": {
                    "uv": [13,14,14,16],
                    "texture": "#wand"
                },
                "east": {
                    "uv": [12,14,13,16],
                    "texture": "#wand"
                },
                "north": {
                    "uv": [12,14,14,16],
                    "texture": "#wand"
                },
                "south": {
                    "uv": [14,14,12,16],
                    "texture": "#wand"
                }
            }
        },
        {
            "from": [2,20,7.5],
            "to": [4,23,8.5],
            "faces": {
                "up": {
                    "uv": [15,12,13,13],
                    "texture": "#wand"
                },
                "down": {
                    "uv": [14,14,15,15],
                    "texture": "#wand"
                },
                "west": {
                    "uv": [14,12,15,15],
                    "texture": "#wand"
                },
                "east": {
                    "uv": [13,12,14,15],
                    "texture": "#wand"
                },
                "north": {
                    "uv": [13,12,15,15],
                    "texture": "#wand"
                },
                "south": {
                    "uv": [15,12,13,15],
                    "texture": "#wand"
                }
            }
        },
        {
            "from": [1,22,7.5],
            "to": [3,27,8.5],
            "faces": {
                "up": {
                    "uv": [16,8,14,9],
                    "texture": "#wand"
                },
                "down": {
                    "uv": [15,12,16,13],
                    "texture": "#wand"
                },
                "west": {
                    "uv": [15,8,16,13],
                    "texture": "#wand"
                },
                "east": {
                    "uv": [14,8,15,13],
                    "texture": "#wand"
                },
                "north": {
                    "uv": [14,8,16,13],
                    "texture": "#wand"
                },
                "south": {
                    "uv": [16,8,14,13],
                    "texture": "#wand"
                }
            }
        },
        {
            "from": [2,26,7.5],
            "to": [6,28,8.5],
            "faces": {
                "up": {
                    "uv": [11,7,15,8],
                    "texture": "#wand"
                },
                "down": {
                    "uv": [11,8,15,9],
                    "texture": "#wand"
                },
                "west": {
                    "uv": [14,7,15,9],
                    "texture": "#wand"
                },
                "east": {
                    "uv": [11,7,12,9],
                    "texture": "#wand"
                },
                "north": {
                    "uv": [11,7,15,9],
                    "texture": "#wand"
                },
                "south": {
                    "uv": [15,7,11,9],
                    "texture": "#wand"
                }
            }
        },
        {
            "from": [5,25,7.5],
            "to": [7,27,8.5],
            "faces": {
                "up": {
                    "uv": [12,8,10,9],
                    "texture": "#wand"
                },
                "down": {
                    "uv": [12,9,10,10],
                    "texture": "#wand"
                },
                "west": {
                    "uv": [11,8,12,10],
                    "texture": "#wand"
                },
                "east": {
                    "uv": [10,8,11,10],
                    "texture": "#wand"
                },
                "north": {
                    "uv": [10,8,12,10],
                    "texture": "#wand"
                },
                "south": {
                    "uv": [12,8,10,10],
                    "texture": "#wand"
                }
            }
        },
        {
            "from": [7.5,19,3],
            "to": [8.5,21,5],
            "faces": {
                "up": {
                    "uv": [12,14,13,15],
                    "texture": "#wand"
                },
                "down": {
                    "uv": [13,15,14,16],
                    "texture": "#wand"
                },
                "west": {
                    "uv": [14,14,12,16],
                    "texture": "#wand"
                },
                "east": {
                    "uv": [12,14,14,16],
                    "texture": "#wand"
                },
                "north": {
                    "uv": [13,14,14,16],
                    "texture": "#wand"
                },
                "south": {
                    "uv": [12,14,13,16],
                    "texture": "#wand"
                }
            }
        },
        {
            "from": [7.5,20,2],
            "to": [8.5,23,4],
            "faces": {
                "up": {
                    "uv": [13,12,14,13],
                    "texture": "#wand"
                },
                "down": {
                    "uv": [13,15,14,16],
                    "texture": "#wand"
                },
                "west": {
                    "uv": [15,12,13,15],
                    "texture": "#wand"
                },
                "east": {
                    "uv": [13,12,15,15],
                    "texture": "#wand"
                },
                "north": {
                    "uv": [14,12,15,15],
                    "texture": "#wand"
                },
                "south": {
                    "uv": [13,12,14,15],
                    "texture": "#wand"
                }
            }
        },
        {
            "from": [7.5,22,1],
            "to": [8.5,27,3],
            "faces": {
                "up": {
                    "uv": [15,8,16,9],
                    "texture": "#wand"
                },
                "down": {
                    "uv": [15,12,16,13],
                    "texture": "#wand"
                },
                "west": {
                    "uv": [16,8,14,13],
                    "texture": "#wand"
                },
                "east": {
                    "uv": [14,8,16,13],
                    "texture": "#wand"
                },
                "north": {
                    "uv": [15,8,16,13],
                    "texture": "#wand"
                },
                "south": {
                    "uv": [14,8,15,13],
                    "texture": "#wand"
                }
            }
        },
        {
            "from": [7.5,26,2],
            "to": [8.5,28,6],
            "faces": {
                "up": {
                    "uv": [11,7,15,8],
                    "texture": "#wand",
                    "rotation": 90
                },
                "down": {
                    "uv": [11,8,15,9],
                    "texture": "#wand",
                    "rotation": 90
                },
                "west": {
                    "uv": [15,7,11,9],
                    "texture": "#wand"
                },
                "east": {
                    "uv": [11,7,15,9],
                    "texture": "#wand"
                },
                "north": {
                    "uv": [14,7,15,9],
                    "texture": "#wand"
                },
                "south": {
                    "uv": [11,7,12,9],
                    "texture": "#wand"
                }
            }
        },
        {
            "from": [7.5,25,5],
            "to": [8.5,27,7],
            "faces": {
                "up": {
                    "uv": [10,8,11,9],
                    "texture": "#wand"
                },
                "down": {
                    "uv": [10,9,12,10],
                    "texture": "#wand",
                    "rotation": 90
                },
                "west": {
                    "uv": [12,8,10,10],
                    "texture": "#wand"
                },
                "east": {
                    "uv": [10,8,12,10],
                    "texture": "#wand"
                },
                "north": {
                    "uv": [11,8,12,10],
                    "texture": "#wand"
                },
                "south": {
                    "uv": [10,8,11,10],
                    "texture": "#wand"
                }
            }
        },
        {
            "from": [7.5,19,11],
            "to": [8.5,21,13],
            "faces": {
                "up": {
                    "uv": [12,14,13,15],
                    "texture": "#wand"
                },
                "down": {
                    "uv": [13,15,14,16],
                    "texture": "#wand"
                },
                "west": {
                    "uv": [12,14,14,16],
                    "texture": "#wand"
                },
                "east": {
                    "uv": [14,14,12,16],
                    "texture": "#wand"
                },
                "north": {
                    "uv": [12,14,13,16],
                    "texture": "#wand"
                },
                "south": {
                    "uv": [13,14,14,16],
                    "texture": "#wand"
                }
            }
        },
        {
            "from": [7.5,20,12],
            "to": [8.5,23,14],
            "faces": {
                "up": {
                    "uv": [13,12,14,13],
                    "texture": "#wand"
                },
                "down": {
                    "uv": [13,15,14,16],
                    "texture": "#wand"
                },
                "west": {
                    "uv": [13,12,15,15],
                    "texture": "#wand"
                },
                "east": {
                    "uv": [15,12,13,15],
                    "texture": "#wand"
                },
                "north": {
                    "uv": [13,12,14,15],
                    "texture": "#wand"
                },
                "south": {
                    "uv": [14,12,15,15],
                    "texture": "#wand"
                }
            }
        },
        {
            "from": [7.5,22,13],
            "to": [8.5,27,15],
            "faces": {
                "up": {
                    "uv": [15,8,16,9],
                    "texture": "#wand"
                },
                "down": {
                    "uv": [15,12,16,13],
                    "texture": "#wand"
                },
                "west": {
                    "uv": [14,8,16,13],
                    "texture": "#wand"
                },
                "east": {
                    "uv": [16,8,14,13],
                    "texture": "#wand"
                },
                "north": {
                    "uv": [14,8,15,13],
                    "texture": "#wand"
                },
                "south": {
                    "uv": [15,8,16,13],
                    "texture": "#wand"
                }
            }
        },
        {
            "from": [7.5,26,10],
            "to": [8.5,28,14],
            "faces": {
                "up": {
                    "uv": [11,7,15,8],
                    "texture": "#wand",
                    "rotation": 90
                },
                "down": {
                    "uv": [11,8,15,9],
                    "texture": "#wand",
                    "rotation": 90
                },
                "west": {
                    "uv": [11,7,15,9],
                    "texture": "#wand"
                },
                "east": {
                    "uv": [15,7,11,9],
                    "texture": "#wand"
                },
                "north": {
                    "uv": [14,7,15,9],
                    "texture": "#wand"
                },
                "south": {
                    "uv": [11,7,12,9],
                    "texture": "#wand"
                }
            }
        },
        {
            "from": [7.5,25,9],
            "to": [8.5,27,11],
            "faces": {
                "up": {
                    "uv": [10,8,11,9],
                    "texture": "#wand"
                },
                "down": {
                    "uv": [10,9,12,10],
                    "texture": "#wand",
                    "rotation": 90
                },
                "west": {
                    "uv": [10,8,12,10],
                    "texture": "#wand"
                },
                "east": {
                    "uv": [12,8,10,10],
                    "texture": "#wand"
                },
                "north": {
                    "uv": [10,8,11,10],
                    "texture": "#wand"
                },
                "south": {
                    "uv": [11,8,12,10],
                    "texture": "#wand"
                }
            }
        },
        {
            "from": [9,25,7.5],
            "to": [11,27,8.5],
            "faces": {
                "up": {
                    "uv": [12,8,10,9],
                    "texture": "#wand"
                },
                "down": {
                    "uv": [12,9,10,10],
                    "texture": "#wand"
                },
                "west": {
                    "uv": [10,8,11,10],
                    "texture": "#wand"
                },
                "east": {
                    "uv": [11,8,12,10],
                    "texture": "#wand"
                },
                "north": {
                    "uv": [12,8,10,10],
                    "texture": "#wand"
                },
                "south": {
                    "uv": [10,8,12,10],
                    "texture": "#wand"
                }
            }
        },
        {
            "from": [10,26,7.5],
            "to": [14,28,8.5],
            "faces": {
                "up": {
                    "uv": [11,7,15,8],
                    "texture": "#wand"
                },
                "down": {
                    "uv": [11,8,15,9],
                    "texture": "#wand"
                },
                "west": {
                    "uv": [14,7,15,9],
                    "texture": "#wand"
                },
                "east": {
                    "uv": [11,7,12,9],
                    "texture": "#wand"
                },
                "north": {
                    "uv": [15,7,11,9],
                    "texture": "#wand"
                },
                "south": {
                    "uv": [11,7,15,9],
                    "texture": "#wand"
                }
            }
        },
        {
            "from": [13,22,7.5],
            "to": [15,27,8.5],
            "faces": {
                "up": {
                    "uv": [14,8,16,9],
                    "texture": "#wand"
                },
                "down": {
                    "uv": [15,12,16,13],
                    "texture": "#wand"
                },
                "west": {
                    "uv": [14,8,15,13],
                    "texture": "#wand"
                },
                "east": {
                    "uv": [15,8,16,13],
                    "texture": "#wand"
                },
                "north": {
                    "uv": [16,8,14,13],
                    "texture": "#wand"
                },
                "south": {
                    "uv": [14,8,16,13],
                    "texture": "#wand"
                }
            }
        },
        {
            "from": [12,20,7.5],
            "to": [14,23,8.5],
            "faces": {
                "up": {
                    "uv": [13,12,15,13],
                    "texture": "#wand"
                },
                "down": {
                    "uv": [14,14,15,15],
                    "texture": "#wand"
                },
                "west": {
                    "uv": [13,12,14,15],
                    "texture": "#wand"
                },
                "east": {
                    "uv": [14,12,15,15],
                    "texture": "#wand"
                },
                "north": {
                    "uv": [15,12,13,15],
                    "texture": "#wand"
                },
                "south": {
                    "uv": [13,12,15,15],
                    "texture": "#wand"
                }
            }
        },
        {
            "from": [11,19,7.5],
            "to": [13,21,8.5],
            "faces": {
                "up": {
                    "uv": [12,14,14,15],
                    "texture": "#wand"
                },
                "down": {
                    "uv": [13,15,14,16],
                    "texture": "#wand"
                },
                "west": {
                    "uv": [12,14,13,16],
                    "texture": "#wand"
                },
                "east": {
                    "uv": [13,14,14,16],
                    "texture": "#wand"
                },
                "north": {
                    "uv": [14,14,12,16],
                    "texture": "#wand"
                },
                "south": {
                    "uv": [12,14,14,16],
                    "texture": "#wand"
                }
            }
        },
        {
            "from": [4,22.98,4],
            "to": [12,23.02,12],
			"shade": false,
			"rotation": { "origin": [ 8, 23, 8 ], "axis": "x", "angle": -45, "rescale": false },
            "faces": {
                "up": {
                    "uv": [0,0,16,16],
                    "texture": "#atom"
                },
                "down": {
                    "uv": [0,16,16,0],
                    "texture": "#atom"
                }
            }
        },
        {
            "from": [4,22.98,4],
            "to": [12,23.02,12],
			"shade": false,
			"rotation": { "origin": [ 8, 23, 8 ], "axis": "x", "angle": 45, "rescale": false },
            "faces": {
                "up": {
                    "uv": [0,0,16,16],
                    "texture": "#atom"
                },
                "down": {
                    "uv": [0,16,16,0],
                    "texture": "#atom"
                }
            }
        },
        {
            "from": [6,-14.02,6],
            "to": [10,-13.98,10],
			"shade": false,
			"rotation": { "origin": [ 8, -14, 8 ], "axis": "x", "angle": 45, "rescale": false },
            "faces": {
                "up": {
                    "uv": [0,0,16,16],
                    "texture": "#atom"
                },
                "down": {
                    "uv": [0,16,16,0],
                    "texture": "#atom"
                }
            }
        },
        {
            "from": [6,-14.02,6],
            "to": [10,-13.98,10],
			"shade": false,
			"rotation": { "origin": [ 8, -14, 8 ], "axis": "x", "angle": -45, "rescale": false },
            "faces": {
                "up": {
                    "uv": [0,0,16,16],
                    "texture": "#atom"
                },
                "down": {
                    "uv": [0,16,16,0],
                    "texture": "#atom"
                }
            }
        }
    ]
}