{
"__comment": "Designed by FirecatHD",
"textures": {
    "texture": "3d/multielement_bow_all",
    "blade_glow": "3d/blade_glow",
    "green-yellow_swirl": "3d/green-yellow_swirl",
    "red-blue_swirl": "3d/red-blue_swirl"
},
"elements": [ 
{
    "from": [ 4, 4.5, 7 ],
    "to": [ 5.125, 10.25, 8 ],
    "faces": {
        "down":  { "uv": [ 3.625, 13.375, 4.625, 14.375 ], "texture": "#texture" },
        "up":    { "uv": [ 3.625, 13.375, 4.625, 14.375 ], "texture": "#texture" },
        "north": { "uv": [ 6.5, 12.25, 7.375, 15.875 ], "texture": "#texture" },
        "south": { "uv": [ 6.5, 12.25, 7.375, 15.875 ], "texture": "#texture" },
        "west":  { "uv": [ 2.5, 12.25, 3.375, 15.875 ], "texture": "#texture" },
        "east":  { "uv": [ 2.5, 12.25, 3.375, 15.875 ], "texture": "#texture" }
    }
},
{
    "from": [ 6, 9.8125, 6.875 ],
    "to": [ 7.75, 15.0625, 8.125 ],
    "rotation": { "origin": [ 6, 15.0625, 6.875 ], "axis": "z", "angle": -22.5 },
    "faces": {
        "down":  { "uv": [ 3.625, 13.375, 4.625, 14.375 ], "texture": "#texture" },
        "up":    { "uv": [ 3.625, 13.375, 4.625, 14.375 ], "texture": "#texture" },
        "north": { "uv": [ 6.5, 12.25, 7.375, 15.875 ], "texture": "#texture" },
        "south": { "uv": [ 6.5, 12.25, 7.375, 15.875 ], "texture": "#texture" },
        "west":  { "uv": [ 2.5, 12.25, 3.375, 15.875 ], "texture": "#texture" },
        "east":  { "uv": [ 2.5, 12.25, 3.375, 15.875 ], "texture": "#texture" }
    }
},
{
    "from": [ 9.875, 13.4375, 6.875 ],
    "to": [ 11.625, 18.9375, 8.125 ],
    "rotation": { "origin": [ 9.875, 18.9375, 6.875 ], "axis": "z", "angle": -45 },
    "faces": {
        "down":  { "uv": [ 3.625, 13.375, 4.625, 14.375 ], "texture": "#texture" },
        "up":    { "uv": [ 3.625, 13.375, 4.625, 14.375 ], "texture": "#texture" },
        "north": { "uv": [ 6.5, 12.25, 7.375, 15.875 ], "texture": "#texture" },
        "south": { "uv": [ 6.5, 12.25, 7.375, 15.875 ], "texture": "#texture" },
        "west":  { "uv": [ 2.5, 12.25, 3.375, 15.875 ], "texture": "#texture" },
        "east":  { "uv": [ 2.5, 12.25, 3.375, 15.875 ], "texture": "#texture" }
    }
},
{
    "from": [ 4.375, 9.125, 7 ],
    "to": [ 5.25, 10.125, 8 ],
    "rotation": { "origin": [ 4.375, 10.125, 7 ], "axis": "z", "angle": 22.5 },
    "faces": {
        "down":  { "uv": [ 8, 12.5, 11.25, 13.5 ], "texture": "#texture" },
        "up":    { "uv": [ 8, 12.5, 11.25, 13.5 ], "texture": "#texture" },
        "north": { "uv": [ 12.25, 12.625, 15.5, 13.625 ], "texture": "#texture" },
        "south": { "uv": [ 12.25, 12.625, 15.5, 13.625 ], "texture": "#texture" },
        "west":  { "uv": [ 3.25, 12.625, 4.25, 13.625 ], "texture": "#texture" },
        "east":  { "uv": [ 3.25, 12.625, 4.25, 13.625 ], "texture": "#texture" }
    }
},
{
    "from": [ 3.875, 8.625, 6.875 ],
    "to": [ 5.25, 9.25, 8.125 ],
    "faces": {
        "down":  { "uv": [ 1.5, 4.375, 2.625, 5.875 ], "texture": "#texture" },
        "up":    { "uv": [ 1.5, 4.375, 2.625, 5.875 ], "texture": "#texture" },
        "north": { "uv": [ 3.125, 4.75, 4.25, 6.25 ], "texture": "#texture" },
        "south": { "uv": [ 3.125, 4.75, 4.25, 6.25 ], "texture": "#texture" },
        "west":  { "uv": [ 3, 5.75, 4.5, 7.25 ], "texture": "#texture" },
        "east":  { "uv": [ 3, 5.75, 4.5, 7.25 ], "texture": "#texture" }
    }
},
{
    "from": [ 3.875, 8.25, 6.875 ],
    "to": [ 5.25, 8.625, 8.125 ],
    "faces": {
        "down":  { "uv": [ 1.5, 4.375, 2.625, 5.875 ], "texture": "#texture" },
        "up":    { "uv": [ 1.5, 4.375, 2.625, 5.875 ], "texture": "#texture" },
        "north": { "uv": [ 3.125, 4.75, 4.25, 6.25 ], "texture": "#texture" },
        "south": { "uv": [ 3.125, 4.75, 4.25, 6.25 ], "texture": "#texture" },
        "west":  { "uv": [ 3, 5.75, 4.5, 7.25 ], "texture": "#texture" },
        "east":  { "uv": [ 3, 5.75, 4.5, 7.25 ], "texture": "#texture" }
    }
},
{
    "from": [ 3.875, 7.375, 6.875 ],
    "to": [ 5.25, 8, 8.125 ],
    "faces": {
        "down":  { "uv": [ 1.5, 4.375, 2.625, 5.875 ], "texture": "#texture" },
        "up":    { "uv": [ 1.5, 4.375, 2.625, 5.875 ], "texture": "#texture" },
        "north": { "uv": [ 3.125, 4.75, 4.25, 6.25 ], "texture": "#texture" },
        "south": { "uv": [ 3.125, 4.75, 4.25, 6.25 ], "texture": "#texture" },
        "west":  { "uv": [ 3, 5.75, 4.5, 7.25 ], "texture": "#texture" },
        "east":  { "uv": [ 3, 5.75, 4.5, 7.25 ], "texture": "#texture" }
    }
},
{
    "from": [ 3.875, 7, 6.875 ],
    "to": [ 5.25, 7.375, 8.125 ],
    "faces": {
        "down":  { "uv": [ 1.5, 4.375, 2.625, 5.875 ], "texture": "#texture" },
        "up":    { "uv": [ 1.5, 4.375, 2.625, 5.875 ], "texture": "#texture" },
        "north": { "uv": [ 3.125, 4.75, 4.25, 6.25 ], "texture": "#texture" },
        "south": { "uv": [ 3.125, 4.75, 4.25, 6.25 ], "texture": "#texture" },
        "west":  { "uv": [ 3, 5.75, 4.5, 7.25 ], "texture": "#texture" },
        "east":  { "uv": [ 3, 5.75, 4.5, 7.25 ], "texture": "#texture" }
    }
},
{
    "from": [ 3.875, 6.125, 6.875 ],
    "to": [ 5.25, 6.75, 8.125 ],
    "faces": {
        "down":  { "uv": [ 1.5, 4.375, 2.625, 5.875 ], "texture": "#texture" },
        "up":    { "uv": [ 1.5, 4.375, 2.625, 5.875 ], "texture": "#texture" },
        "north": { "uv": [ 3.125, 4.75, 4.25, 6.25 ], "texture": "#texture" },
        "south": { "uv": [ 3.125, 4.75, 4.25, 6.25 ], "texture": "#texture" },
        "west":  { "uv": [ 3, 5.75, 4.5, 7.25 ], "texture": "#texture" },
        "east":  { "uv": [ 3, 5.75, 4.5, 7.25 ], "texture": "#texture" }
    }
},
{
    "from": [ 3.875, 5.75, 6.875 ],
    "to": [ 5.25, 6.125, 8.125 ],
    "faces": {
        "down":  { "uv": [ 1.5, 4.375, 2.625, 5.875 ], "texture": "#texture" },
        "up":    { "uv": [ 1.5, 4.375, 2.625, 5.875 ], "texture": "#texture" },
        "north": { "uv": [ 3.125, 4.75, 4.25, 6.25 ], "texture": "#texture" },
        "south": { "uv": [ 3.125, 4.75, 4.25, 6.25 ], "texture": "#texture" },
        "west":  { "uv": [ 3, 5.75, 4.5, 7.25 ], "texture": "#texture" },
        "east":  { "uv": [ 3, 5.75, 4.5, 7.25 ], "texture": "#texture" }
    }
},
{
    "from": [ 11.375, -3.125, 7.25 ],
    "to": [ 11.5, 17.5, 7.75 ],
    "faces": {
        "down":  { "uv": [ 4.375, 0.25, 4.625, 15.625 ], "texture": "#blade_glow" },
        "up":    { "uv": [ 4.375, 0.25, 4.625, 15.625 ], "texture": "#blade_glow" },
        "north": { "uv": [ 0.75, 0.375, 1, 15.125 ], "texture": "#blade_glow" },
        "south": { "uv": [ 0.75, 0.375, 1, 15.125 ], "texture": "#blade_glow" },
        "west":  { "uv": [ 4.625, 0.75, 5, 15.125 ], "texture": "#blade_glow" },
        "east":  { "uv": [ 4.625, 0.75, 5, 15.125 ], "texture": "#blade_glow" }
    }
},
{
    "from": [ 2.625, 14.625, 4 ],
    "to": [ 9.375, 14.75, 11 ],
    "rotation": { "origin": [ 2.625, 14.75, 4 ], "axis": "z", "angle": -45 },
    "faces": {
        "down":  { "uv": [ 16, 0, 0, 16 ], "rotation": 90, "texture": "#green-yellow_swirl" },
        "up":    { "uv": [ 0, 0, 16, 16 ], "rotation": 90, "texture": "#green-yellow_swirl" },
        "north": { "uv": [ 0, 0, 0, 0 ], "texture": "#green-yellow_swirl" },
        "south": { "uv": [ 0, 0, 0, 0 ], "texture": "#green-yellow_swirl" },
        "west":  { "uv": [ 0, 0, 0, 0 ], "texture": "#green-yellow_swirl" },
        "east":  { "uv": [ 0, 0, 0, 0 ], "texture": "#green-yellow_swirl" }
    }
},
{
    "from": [ 2.625, 0.25, 4 ],
    "to": [ 9.375, 0.375, 11 ],
    "rotation": { "origin": [ 2.625, 0.375, 4 ], "axis": "z", "angle": 45 },
    "faces": {
        "down":  { "uv": [ 16, 0, 0, 16 ], "rotation": 90, "texture": "#green-yellow_swirl" },
        "up":    { "uv": [ 0, 0, 16, 16 ], "rotation": 90, "texture": "#green-yellow_swirl" },
        "north": { "uv": [ 0, 0, 0, 0 ], "texture": "#green-yellow_swirl" },
        "south": { "uv": [ 0, 0, 0, 0 ], "texture": "#green-yellow_swirl" },
        "west":  { "uv": [ 0, 0, 0, 0 ], "texture": "#green-yellow_swirl" },
        "east":  { "uv": [ 0, 0, 0, 0 ], "texture": "#green-yellow_swirl" }
    }
},
{
    "from": [ 4.125, -2.125, 4 ],
    "to": [ 10.875, -2, 11 ],
    "rotation": { "origin": [ 4.125, -2, 4 ], "axis": "z", "angle": 45 },
    "faces": {
        "down":  { "uv": [ 16, 0, 0, 16 ], "rotation": 90, "texture": "#red-blue_swirl" },
        "up":    { "uv": [ 0, 0, 16, 16 ], "rotation": 90, "texture": "#red-blue_swirl" },
        "north": { "uv": [ 0, 0, 0, 0 ], "texture": "#red-blue_swirl" },
        "south": { "uv": [ 0, 0, 0, 0 ], "texture": "#red-blue_swirl" },
        "west":  { "uv": [ 0, 0, 0, 0 ], "texture": "#red-blue_swirl" },
        "east":  { "uv": [ 0, 0, 0, 0 ], "texture": "#red-blue_swirl" }
    }
},
{
    "from": [ 4.125, 16.75, 4 ],
    "to": [ 10.875, 16.875, 11 ],
    "rotation": { "origin": [ 4.125, 16.875, 4 ], "axis": "z", "angle": -45 },
    "faces": {
        "down":  { "uv": [ 16, 0, 0, 16 ], "rotation": 90, "texture": "#red-blue_swirl" },
        "up":    { "uv": [ 0, 0, 16, 16 ], "rotation": 90, "texture": "#red-blue_swirl" },
        "north": { "uv": [ 0, 0, 0, 0 ], "texture": "#red-blue_swirl" },
        "south": { "uv": [ 0, 0, 0, 0 ], "texture": "#red-blue_swirl" },
        "west":  { "uv": [ 0, 0, 0, 0 ], "texture": "#red-blue_swirl" },
        "east":  { "uv": [ 0, 0, 0, 0 ], "texture": "#red-blue_swirl" }
    }
},
{
    "from": [ 9.75, 16.875, 6.75 ],
    "to": [ 12.125, 19.375, 8.25 ],
    "faces": {
        "down":  { "uv": [ 1.875, 4.75, 4.25, 6.25 ], "texture": "#texture" },
        "up":    { "uv": [ 1.875, 4.75, 4.25, 6.25 ], "texture": "#texture" },
        "north": { "uv": [ 1.25, 4.875, 3.625, 7.375 ], "texture": "#texture" },
        "south": { "uv": [ 1.25, 4.875, 3.625, 7.375 ], "texture": "#texture" },
        "west":  { "uv": [ 3, 4.875, 4.5, 7.375 ], "texture": "#texture" },
        "east":  { "uv": [ 3, 4.875, 4.5, 7.375 ], "texture": "#texture" }
    }
},
{
    "from": [ 10, 17.125, 6.5 ],
    "to": [ 11.875, 19.125, 8.5 ],
    "faces": {
        "down":  { "uv": [ 1.875, 4.75, 4.25, 6.25 ], "texture": "#texture" },
        "up":    { "uv": [ 1.875, 4.75, 4.25, 6.25 ], "texture": "#texture" },
        "north": { "uv": [ 1.25, 4.875, 3.625, 7.375 ], "texture": "#texture" },
        "south": { "uv": [ 1.25, 4.875, 3.625, 7.375 ], "texture": "#texture" },
        "west":  { "uv": [ 3, 4.875, 4.5, 7.375 ], "texture": "#texture" },
        "east":  { "uv": [ 3, 4.875, 4.5, 7.375 ], "texture": "#texture" }
    }
},
{
    "from": [ 10.375, 17.375, 6.25 ],
    "to": [ 11.5, 18.875, 8.75 ],
    "faces": {
        "down":  { "uv": [ 1.875, 4.75, 4.25, 6.25 ], "texture": "#texture" },
        "up":    { "uv": [ 1.875, 4.75, 4.25, 6.25 ], "texture": "#texture" },
        "north": { "uv": [ 1.25, 4.875, 3.625, 7.375 ], "texture": "#texture" },
        "south": { "uv": [ 1.25, 4.875, 3.625, 7.375 ], "texture": "#texture" },
        "west":  { "uv": [ 3, 4.875, 4.5, 7.375 ], "texture": "#texture" },
        "east":  { "uv": [ 3, 4.875, 4.5, 7.375 ], "texture": "#texture" }
    }
},
{
    "from": [ 4, -0.75, 6.875 ],
    "to": [ 5.75, 4.5, 8.125 ],
    "rotation": { "origin": [ 4, 4.5, 6.875 ], "axis": "z", "angle": 22.5 },
    "faces": {
        "down":  { "uv": [ 3.625, 13.375, 4.625, 14.375 ], "texture": "#texture" },
        "up":    { "uv": [ 3.625, 13.375, 4.625, 14.375 ], "texture": "#texture" },
        "north": { "uv": [ 6.5, 12.25, 7.375, 15.875 ], "texture": "#texture" },
        "south": { "uv": [ 6.5, 12.25, 7.375, 15.875 ], "texture": "#texture" },
        "west":  { "uv": [ 2.5, 12.25, 3.375, 15.875 ], "texture": "#texture" },
        "east":  { "uv": [ 2.5, 12.25, 3.375, 15.875 ], "texture": "#texture" }
    }
},
{
    "from": [ 4.25, 4.25, 7 ],
    "to": [ 5.125, 5.25, 8 ],
    "rotation": { "origin": [ 4.25, 5.25, 7 ], "axis": "z", "angle": 45 },
    "faces": {
        "down":  { "uv": [ 8, 12.5, 11.25, 13.5 ], "texture": "#texture" },
        "up":    { "uv": [ 8, 12.5, 11.25, 13.5 ], "texture": "#texture" },
        "north": { "uv": [ 12.25, 12.625, 15.5, 13.625 ], "texture": "#texture" },
        "south": { "uv": [ 12.25, 12.625, 15.5, 13.625 ], "texture": "#texture" },
        "west":  { "uv": [ 3.25, 12.625, 4.25, 13.625 ], "texture": "#texture" },
        "east":  { "uv": [ 3.25, 12.625, 4.25, 13.625 ], "texture": "#texture" }
    }
},
{
    "from": [ 6, -5.8125, 6.8125 ],
    "to": [ 7.75, -0.3125, 8.0625 ],
    "rotation": { "origin": [ 6, -0.3125, 6.8125 ], "axis": "z", "angle": 45 },
    "faces": {
        "down":  { "uv": [ 3.625, 13.375, 4.625, 14.375 ], "texture": "#texture" },
        "up":    { "uv": [ 3.625, 13.375, 4.625, 14.375 ], "texture": "#texture" },
        "north": { "uv": [ 6.5, 12.25, 7.375, 15.875 ], "texture": "#texture" },
        "south": { "uv": [ 6.5, 12.25, 7.375, 15.875 ], "texture": "#texture" },
        "west":  { "uv": [ 2.5, 12.25, 3.375, 15.875 ], "texture": "#texture" },
        "east":  { "uv": [ 2.5, 12.25, 3.375, 15.875 ], "texture": "#texture" }
    }
},
{
    "from": [ 9.75, -4.625, 6.75 ],
    "to": [ 12.125, -2.125, 8.25 ],
    "faces": {
        "down":  { "uv": [ 1.875, 4.75, 4.25, 6.25 ], "texture": "#texture" },
        "up":    { "uv": [ 1.875, 4.75, 4.25, 6.25 ], "texture": "#texture" },
        "north": { "uv": [ 1.25, 4.875, 3.625, 7.375 ], "texture": "#texture" },
        "south": { "uv": [ 1.25, 4.875, 3.625, 7.375 ], "texture": "#texture" },
        "west":  { "uv": [ 3, 4.875, 4.5, 7.375 ], "texture": "#texture" },
        "east":  { "uv": [ 3, 4.875, 4.5, 7.375 ], "texture": "#texture" }
    }
},
{
    "from": [ 10, -4.375, 6.5 ],
    "to": [ 11.875, -2.375, 8.5 ],
    "faces": {
        "down":  { "uv": [ 1.875, 4.75, 4.25, 6.25 ], "texture": "#texture" },
        "up":    { "uv": [ 1.875, 4.75, 4.25, 6.25 ], "texture": "#texture" },
        "north": { "uv": [ 1.25, 4.875, 3.625, 7.375 ], "texture": "#texture" },
        "south": { "uv": [ 1.25, 4.875, 3.625, 7.375 ], "texture": "#texture" },
        "west":  { "uv": [ 3, 4.875, 4.5, 7.375 ], "texture": "#texture" },
        "east":  { "uv": [ 3, 4.875, 4.5, 7.375 ], "texture": "#texture" }
    }
},
{
    "from": [ 10.375, -4.125, 6.25 ],
    "to": [ 11.5, -2.625, 8.75 ],
    "faces": {
        "down":  { "uv": [ 1.875, 4.75, 4.25, 6.25 ], "texture": "#texture" },
        "up":    { "uv": [ 1.875, 4.75, 4.25, 6.25 ], "texture": "#texture" },
        "north": { "uv": [ 1.25, 4.875, 3.625, 7.375 ], "texture": "#texture" },
        "south": { "uv": [ 1.25, 4.875, 3.625, 7.375 ], "texture": "#texture" },
        "west":  { "uv": [ 3, 4.875, 4.5, 7.375 ], "texture": "#texture" },
        "east":  { "uv": [ 3, 4.875, 4.5, 7.375 ], "texture": "#texture" }
    }
},
{
    "from": [ 9.875, -6.5, 7.25 ],
    "to": [ 10.5, -4.375, 7.75 ],
    "faces": {
        "down":  { "uv": [ 9.875, 7.25, 10.5, 7.75 ], "texture": "#texture" },
        "up":    { "uv": [ 9.875, 7.25, 10.5, 7.75 ], "texture": "#texture" },
        "north": { "uv": [ 8.625, 4.875, 9.25, 7 ], "texture": "#texture" },
        "south": { "uv": [ 8.625, 4.875, 9.25, 7 ], "texture": "#texture" },
        "west":  { "uv": [ 9, 4.75, 9.5, 6.875 ], "texture": "#texture" },
        "east":  { "uv": [ 9, 4.75, 9.5, 6.875 ], "texture": "#texture" }
    }
},
{
    "from": [ 11, -6.125, 7.25 ],
    "to": [ 11.625, -4.625, 7.75 ],
    "faces": {
        "down":  { "uv": [ 4.625, 9, 5.25, 9.5 ], "texture": "#texture" },
        "up":    { "uv": [ 4.625, 9, 5.25, 9.5 ], "texture": "#texture" },
        "north": { "uv": [ 4.5, 9.625, 5.125, 11.125 ], "texture": "#texture" },
        "south": { "uv": [ 4.5, 9.625, 5.125, 11.125 ], "texture": "#texture" },
        "west":  { "uv": [ 2.875, 9.75, 3.375, 11.25 ], "texture": "#texture" },
        "east":  { "uv": [ 2.875, 9.75, 3.375, 11.25 ], "texture": "#texture" }
    }
},
{
    "from": [ 11.5, -5.875, 7.25 ],
    "to": [ 12.125, -4.375, 7.75 ],
    "rotation": { "origin": [ 11.5, -4.375, 7.25 ], "axis": "z", "angle": 45 },
    "faces": {
        "down":  { "uv": [ 11.75, 7.25, 12.375, 7.75 ], "texture": "#texture" },
        "up":    { "uv": [ 11.75, 7.25, 12.375, 7.75 ], "texture": "#texture" },
        "north": { "uv": [ 13.5, 5.625, 14.125, 7.125 ], "texture": "#texture" },
        "south": { "uv": [ 13.5, 5.625, 14.125, 7.125 ], "texture": "#texture" },
        "west":  { "uv": [ 14.375, 5, 14.875, 6.5 ], "texture": "#texture" },
        "east":  { "uv": [ 14.375, 5, 14.875, 6.5 ], "texture": "#texture" }
    }
},
{
    "from": [ 11, -4, 7.25 ],
    "to": [ 12.875, -3.375, 7.75 ],
    "faces": {
        "down":  { "uv": [ 9.125, 8.875, 9.75, 9.375 ], "texture": "#texture" },
        "up":    { "uv": [ 9.125, 8.875, 9.75, 9.375 ], "texture": "#texture" },
        "north": { "uv": [ 8.75, 9, 9.375, 10.5 ], "texture": "#texture" },
        "south": { "uv": [ 8.75, 9, 9.375, 10.5 ], "texture": "#texture" },
        "west":  { "uv": [ 9.75, 9.625, 10.25, 11.125 ], "texture": "#texture" },
        "east":  { "uv": [ 9.75, 9.625, 10.25, 11.125 ], "texture": "#texture" }
    }
},
{
    "from": [ 10.75, -2.875, 7.25 ],
    "to": [ 12.625, -2.25, 7.75 ],
    "faces": {
        "down":  { "uv": [ 11.625, 8.25, 12.25, 8.75 ], "texture": "#texture" },
        "up":    { "uv": [ 11.625, 8.25, 12.25, 8.75 ], "texture": "#texture" },
        "north": { "uv": [ 14.625, 8.625, 15.25, 10.125 ], "texture": "#texture" },
        "south": { "uv": [ 14.625, 8.625, 15.25, 10.125 ], "texture": "#texture" },
        "west":  { "uv": [ 12.75, 9.625, 13.25, 11.125 ], "texture": "#texture" },
        "east":  { "uv": [ 12.75, 9.625, 13.25, 11.125 ], "texture": "#texture" }
    }
},
{
    "from": [ 2.125, -2, 7.0625 ],
    "to": [ 3.625, 3.5, 7.9375 ],
    "rotation": { "origin": [ 2.125, 3.5, 7.0625 ], "axis": "z", "angle": 45 },
    "faces": {
        "down":  { "uv": [ 3.625, 13.375, 4.625, 14.375 ], "texture": "#texture" },
        "up":    { "uv": [ 3.625, 13.375, 4.625, 14.375 ], "texture": "#texture" },
        "north": { "uv": [ 6.5, 12.25, 7.375, 15.875 ], "texture": "#texture" },
        "south": { "uv": [ 6.5, 12.25, 7.375, 15.875 ], "texture": "#texture" },
        "west":  { "uv": [ 2.5, 12.25, 3.375, 15.875 ], "texture": "#texture" },
        "east":  { "uv": [ 2.5, 12.25, 3.375, 15.875 ], "texture": "#texture" }
    }
},
{
    "from": [ 1.5, 5.125, 7.0625 ],
    "to": [ 4.875, 5.375, 7.9375 ],
    "faces": {
        "down":  { "uv": [ 1.875, 14.75, 5.25, 15.625 ], "texture": "#texture" },
        "up":    { "uv": [ 1.875, 14.75, 5.25, 15.625 ], "texture": "#texture" },
        "north": { "uv": [ 4.5, 14.375, 7.875, 14.625 ], "texture": "#texture" },
        "south": { "uv": [ 4.5, 14.375, 7.875, 14.625 ], "texture": "#texture" },
        "west":  { "uv": [ 6.75, 14.5, 7.625, 14.75 ], "texture": "#texture" },
        "east":  { "uv": [ 6.75, 14.5, 7.625, 14.75 ], "texture": "#texture" }
    }
},
{
    "from": [ 1.5, 3.3125, 7.0625 ],
    "to": [ 1.875, 5.1875, 7.9375 ],
    "rotation": { "origin": [ 1.5, 5.1875, 7.0625 ], "axis": "z", "angle": 22.5 },
    "faces": {
        "down":  { "uv": [ 9.125, 12.5, 10.375, 13.375 ], "texture": "#texture" },
        "up":    { "uv": [ 9.125, 12.5, 10.375, 13.375 ], "texture": "#texture" },
        "north": { "uv": [ 4.25, 13.375, 5.5, 15.5 ], "texture": "#texture" },
        "south": { "uv": [ 4.25, 13.375, 5.5, 15.5 ], "texture": "#texture" },
        "west":  { "uv": [ 7.0625, 13.125, 7.9375, 15.25 ], "texture": "#texture" },
        "east":  { "uv": [ 7.0625, 13.125, 7.9375, 15.25 ], "texture": "#texture" }
    }
},
{
    "from": [ 1.875, 4.5, 7.0625 ],
    "to": [ 4.125, 5.25, 7.9375 ],
    "faces": {
        "down":  { "uv": [ 9.125, 12.5, 10.375, 13.375 ], "texture": "#texture" },
        "up":    { "uv": [ 9.125, 12.5, 10.375, 13.375 ], "texture": "#texture" },
        "north": { "uv": [ 4.25, 13.375, 5.5, 15.5 ], "texture": "#texture" },
        "south": { "uv": [ 4.25, 13.375, 5.5, 15.5 ], "texture": "#texture" },
        "west":  { "uv": [ 7.0625, 13.125, 7.9375, 15.25 ], "texture": "#texture" },
        "east":  { "uv": [ 7.0625, 13.125, 7.9375, 15.25 ], "texture": "#texture" }
    }
},
{
    "from": [ 2.125, 3.875, 7.0625 ],
    "to": [ 4.5, 4.75, 7.9375 ],
    "faces": {
        "down":  { "uv": [ 9.125, 12.5, 10.375, 13.375 ], "texture": "#texture" },
        "up":    { "uv": [ 9.125, 12.5, 10.375, 13.375 ], "texture": "#texture" },
        "north": { "uv": [ 4.25, 13.375, 5.5, 15.5 ], "texture": "#texture" },
        "south": { "uv": [ 4.25, 13.375, 5.5, 15.5 ], "texture": "#texture" },
        "west":  { "uv": [ 7.0625, 13.125, 7.9375, 15.25 ], "texture": "#texture" },
        "east":  { "uv": [ 7.0625, 13.125, 7.9375, 15.25 ], "texture": "#texture" }
    }
},
{
    "from": [ 3.875, 3.125, 7.0625 ],
    "to": [ 4.75, 4.125, 7.9375 ],
    "faces": {
        "down":  { "uv": [ 9.125, 12.5, 10.375, 13.375 ], "texture": "#texture" },
        "up":    { "uv": [ 9.125, 12.5, 10.375, 13.375 ], "texture": "#texture" },
        "north": { "uv": [ 4.25, 13.375, 5.5, 15.5 ], "texture": "#texture" },
        "south": { "uv": [ 4.25, 13.375, 5.5, 15.5 ], "texture": "#texture" },
        "west":  { "uv": [ 7.0625, 13.125, 7.9375, 15.25 ], "texture": "#texture" },
        "east":  { "uv": [ 7.0625, 13.125, 7.9375, 15.25 ], "texture": "#texture" }
    }
},
{
    "from": [ 1.4375, 9.625, 7.0625 ],
    "to": [ 4.8125, 9.875, 7.9375 ],
    "faces": {
        "down":  { "uv": [ 1.875, 14.75, 5.25, 15.625 ], "texture": "#texture" },
        "up":    { "uv": [ 1.875, 14.75, 5.25, 15.625 ], "texture": "#texture" },
        "north": { "uv": [ 4.5, 14.375, 7.875, 14.625 ], "texture": "#texture" },
        "south": { "uv": [ 4.5, 14.375, 7.875, 14.625 ], "texture": "#texture" },
        "west":  { "uv": [ 6.75, 14.5, 7.625, 14.75 ], "texture": "#texture" },
        "east":  { "uv": [ 6.75, 14.5, 7.625, 14.75 ], "texture": "#texture" }
    }
},
{
    "from": [ 2.125, 9.625, 7.0625 ],
    "to": [ 2.5, 11.5, 7.9375 ],
    "rotation": { "origin": [ 2.125, 11.5, 7.0625 ], "axis": "z", "angle": -22.5 },
    "faces": {
        "down":  { "uv": [ 9.125, 12.5, 10.375, 13.375 ], "texture": "#texture" },
        "up":    { "uv": [ 9.125, 12.5, 10.375, 13.375 ], "texture": "#texture" },
        "north": { "uv": [ 4.25, 13.375, 5.5, 15.5 ], "texture": "#texture" },
        "south": { "uv": [ 4.25, 13.375, 5.5, 15.5 ], "texture": "#texture" },
        "west":  { "uv": [ 7.0625, 13.125, 7.9375, 15.25 ], "texture": "#texture" },
        "east":  { "uv": [ 7.0625, 13.125, 7.9375, 15.25 ], "texture": "#texture" }
    }
},
{
    "from": [ 2.125, -2, 7.0625 ],
    "to": [ 3.625, 3.5, 7.9375 ],
    "rotation": { "origin": [ 2.125, 3.5, 7.0625 ], "axis": "z", "angle": 45 },
    "faces": {
        "down":  { "uv": [ 3.625, 13.375, 4.625, 14.375 ], "texture": "#texture" },
        "up":    { "uv": [ 3.625, 13.375, 4.625, 14.375 ], "texture": "#texture" },
        "north": { "uv": [ 6.5, 12.25, 7.375, 15.875 ], "texture": "#texture" },
        "south": { "uv": [ 6.5, 12.25, 7.375, 15.875 ], "texture": "#texture" },
        "west":  { "uv": [ 2.5, 12.25, 3.375, 15.875 ], "texture": "#texture" },
        "east":  { "uv": [ 2.5, 12.25, 3.375, 15.875 ], "texture": "#texture" }
    }
},
{
    "from": [ 6, 9.8125, 7.0625 ],
    "to": [ 7.5, 15.3125, 7.9375 ],
    "rotation": { "origin": [ 6, 15.3125, 7.0625 ], "axis": "z", "angle": -45 },
    "faces": {
        "down":  { "uv": [ 3.625, 13.375, 4.625, 14.375 ], "texture": "#texture" },
        "up":    { "uv": [ 3.625, 13.375, 4.625, 14.375 ], "texture": "#texture" },
        "north": { "uv": [ 6.5, 12.25, 7.375, 15.875 ], "texture": "#texture" },
        "south": { "uv": [ 6.5, 12.25, 7.375, 15.875 ], "texture": "#texture" },
        "west":  { "uv": [ 2.5, 12.25, 3.375, 15.875 ], "texture": "#texture" },
        "east":  { "uv": [ 2.5, 12.25, 3.375, 15.875 ], "texture": "#texture" }
    }
},
{
    "from": [ 2.875, 9.75, 7.0625 ],
    "to": [ 4.125, 11.875, 7.9375 ],
    "faces": {
        "down":  { "uv": [ 9.125, 12.5, 10.375, 13.375 ], "texture": "#texture" },
        "up":    { "uv": [ 9.125, 12.5, 10.375, 13.375 ], "texture": "#texture" },
        "north": { "uv": [ 4.25, 13.375, 5.5, 15.5 ], "texture": "#texture" },
        "south": { "uv": [ 4.25, 13.375, 5.5, 15.5 ], "texture": "#texture" },
        "west":  { "uv": [ 7.0625, 13.125, 7.9375, 15.25 ], "texture": "#texture" },
        "east":  { "uv": [ 7.0625, 13.125, 7.9375, 15.25 ], "texture": "#texture" }
    }
},
{
    "from": [ 2, 9.75, 7.0625 ],
    "to": [ 3.125, 11.25, 7.9375 ],
    "faces": {
        "down":  { "uv": [ 3.625, 13.375, 4.625, 14.375 ], "texture": "#texture" },
        "up":    { "uv": [ 3.625, 13.375, 4.625, 14.375 ], "texture": "#texture" },
        "north": { "uv": [ 6.5, 12.25, 7.375, 15.875 ], "texture": "#texture" },
        "south": { "uv": [ 6.5, 12.25, 7.375, 15.875 ], "texture": "#texture" },
        "west":  { "uv": [ 2.5, 12.25, 3.375, 15.875 ], "texture": "#texture" },
        "east":  { "uv": [ 2.5, 12.25, 3.375, 15.875 ], "texture": "#texture" }
    }
},
{
    "from": [ 3.875, 10.625, 7.0625 ],
    "to": [ 4.75, 11.875, 7.9375 ],
    "faces": {
        "down":  { "uv": [ 9.125, 12.5, 10.375, 13.375 ], "texture": "#texture" },
        "up":    { "uv": [ 9.125, 12.5, 10.375, 13.375 ], "texture": "#texture" },
        "north": { "uv": [ 4.25, 13.375, 5.5, 15.5 ], "texture": "#texture" },
        "south": { "uv": [ 4.25, 13.375, 5.5, 15.5 ], "texture": "#texture" },
        "west":  { "uv": [ 7.0625, 13.125, 7.9375, 15.25 ], "texture": "#texture" },
        "east":  { "uv": [ 7.0625, 13.125, 7.9375, 15.25 ], "texture": "#texture" }
    }
},
{
    "from": [ 1.75, 9.75, 7.0625 ],
    "to": [ 2.25, 10.25, 7.9375 ],
    "faces": {
        "down":  { "uv": [ 9.125, 12.5, 10.375, 13.375 ], "texture": "#texture" },
        "up":    { "uv": [ 9.125, 12.5, 10.375, 13.375 ], "texture": "#texture" },
        "north": { "uv": [ 4.25, 13.375, 5.5, 15.5 ], "texture": "#texture" },
        "south": { "uv": [ 4.25, 13.375, 5.5, 15.5 ], "texture": "#texture" },
        "west":  { "uv": [ 7.0625, 13.125, 7.9375, 15.25 ], "texture": "#texture" },
        "east":  { "uv": [ 7.0625, 13.125, 7.9375, 15.25 ], "texture": "#texture" }
    }
},
{
    "from": [ 7, 14.125, 7.2875 ],
    "to": [ 10.375, 15.625, 7.6875 ],
    "rotation": { "origin": [ 7, 15.625, 7.2875 ], "axis": "z", "angle": 22.5 },
    "faces": {
        "down":  { "uv": [ 12.125, 8.75, 15.5, 9.375 ], "texture": "#texture" },
        "up":    { "uv": [ 12.125, 8.75, 15.5, 9.375 ], "texture": "#texture" },
        "north": { "uv": [ 12, 8.75, 15.375, 10.25 ], "texture": "#texture" },
        "south": { "uv": [ 12, 8.75, 15.375, 10.25 ], "texture": "#texture" },
        "west":  { "uv": [ 13.625, 8.625, 14.25, 10.125 ], "texture": "#texture" },
        "east":  { "uv": [ 13.625, 8.625, 14.25, 10.125 ], "texture": "#texture" }
    }
},
{
    "from": [ 5.625, 12.125, 7.2875 ],
    "to": [ 9.125, 13.5, 7.6875 ],
    "rotation": { "origin": [ 5.625, 13.5, 7.2875 ], "axis": "z", "angle": 22.5 },
    "faces": {
        "down":  { "uv": [ 9, 9.625, 9.75, 10.25 ], "texture": "#texture" },
        "up":    { "uv": [ 9, 9.625, 9.75, 10.25 ], "texture": "#texture" },
        "north": { "uv": [ 9.375, 8.625, 10.125, 11.25 ], "texture": "#texture" },
        "south": { "uv": [ 9.375, 8.625, 10.125, 11.25 ], "texture": "#texture" },
        "west":  { "uv": [ 8.625, 9, 9.25, 11.625 ], "texture": "#texture" },
        "east":  { "uv": [ 8.625, 9, 9.25, 11.625 ], "texture": "#texture" }
    }
},
{
    "from": [ 9.875, 19.25, 7.25 ],
    "to": [ 10.5, 21.375, 7.75 ],
    "faces": {
        "down":  { "uv": [ 9.875, 7.25, 10.5, 7.75 ], "texture": "#texture" },
        "up":    { "uv": [ 9.875, 7.25, 10.5, 7.75 ], "texture": "#texture" },
        "north": { "uv": [ 8.625, 4.875, 9.25, 7 ], "texture": "#texture" },
        "south": { "uv": [ 8.625, 4.875, 9.25, 7 ], "texture": "#texture" },
        "west":  { "uv": [ 9, 4.75, 9.5, 6.875 ], "texture": "#texture" },
        "east":  { "uv": [ 9, 4.75, 9.5, 6.875 ], "texture": "#texture" }
    }
},
{
    "from": [ 11, 19.375, 7.25 ],
    "to": [ 11.625, 20.875, 7.75 ],
    "faces": {
        "down":  { "uv": [ 4.625, 9, 5.25, 9.5 ], "texture": "#texture" },
        "up":    { "uv": [ 4.625, 9, 5.25, 9.5 ], "texture": "#texture" },
        "north": { "uv": [ 4.5, 9.625, 5.125, 11.125 ], "texture": "#texture" },
        "south": { "uv": [ 4.5, 9.625, 5.125, 11.125 ], "texture": "#texture" },
        "west":  { "uv": [ 2.875, 9.75, 3.375, 11.25 ], "texture": "#texture" },
        "east":  { "uv": [ 2.875, 9.75, 3.375, 11.25 ], "texture": "#texture" }
    }
},
{
    "from": [ 12.625, 18.75, 7.25 ],
    "to": [ 13.25, 20.25, 7.75 ],
    "rotation": { "origin": [ 12.625, 20.25, 7.25 ], "axis": "z", "angle": -45 },
    "faces": {
        "down":  { "uv": [ 11.75, 7.25, 12.375, 7.75 ], "texture": "#texture" },
        "up":    { "uv": [ 11.75, 7.25, 12.375, 7.75 ], "texture": "#texture" },
        "north": { "uv": [ 13.5, 5.625, 14.125, 7.125 ], "texture": "#texture" },
        "south": { "uv": [ 13.5, 5.625, 14.125, 7.125 ], "texture": "#texture" },
        "west":  { "uv": [ 14.375, 5, 14.875, 6.5 ], "texture": "#texture" },
        "east":  { "uv": [ 14.375, 5, 14.875, 6.5 ], "texture": "#texture" }
    }
},
{
    "from": [ 11, 18.125, 7.25 ],
    "to": [ 12.875, 18.75, 7.75 ],
    "faces": {
        "down":  { "uv": [ 9.125, 8.875, 9.75, 9.375 ], "texture": "#texture" },
        "up":    { "uv": [ 9.125, 8.875, 9.75, 9.375 ], "texture": "#texture" },
        "north": { "uv": [ 8.75, 9, 9.375, 10.5 ], "texture": "#texture" },
        "south": { "uv": [ 8.75, 9, 9.375, 10.5 ], "texture": "#texture" },
        "west":  { "uv": [ 9.75, 9.625, 10.25, 11.125 ], "texture": "#texture" },
        "east":  { "uv": [ 9.75, 9.625, 10.25, 11.125 ], "texture": "#texture" }
    }
},
{
    "from": [ 10.75, 17, 7.25 ],
    "to": [ 12.625, 17.625, 7.75 ],
    "faces": {
        "down":  { "uv": [ 11.625, 8.25, 12.25, 8.75 ], "texture": "#texture" },
        "up":    { "uv": [ 11.625, 8.25, 12.25, 8.75 ], "texture": "#texture" },
        "north": { "uv": [ 14.625, 8.625, 15.25, 10.125 ], "texture": "#texture" },
        "south": { "uv": [ 14.625, 8.625, 15.25, 10.125 ], "texture": "#texture" },
        "west":  { "uv": [ 12.75, 9.625, 13.25, 11.125 ], "texture": "#texture" },
        "east":  { "uv": [ 12.75, 9.625, 13.25, 11.125 ], "texture": "#texture" }
    }
},
{
    "from": [ 7.625, 15, 7.2875 ],
    "to": [ 9.375, 18.625, 7.6875 ],
    "rotation": { "origin": [ 7.625, 18.625, 7.2875 ], "axis": "z", "angle": -22.5 },
    "faces": {
        "down":  { "uv": [ 7.625, 7.1875, 9.375, 7.8125 ], "texture": "#texture" },
        "up":    { "uv": [ 7.625, 7.1875, 9.375, 7.8125 ], "texture": "#texture" },
        "north": { "uv": [ 8.375, 4.125, 10.125, 7.75 ], "texture": "#texture" },
        "south": { "uv": [ 8.375, 4.125, 10.125, 7.75 ], "texture": "#texture" },
        "west":  { "uv": [ 8.625, 4.125, 9.25, 7.75 ], "texture": "#texture" },
        "east":  { "uv": [ 8.625, 4.125, 9.25, 7.75 ], "texture": "#texture" }
    }
},
{
    "from": [ 3.875, 9.5, 6.75 ],
    "to": [ 6, 10.375, 8.25 ],
    "faces": {
        "down":  { "uv": [ 11.375, 4.625, 16, 6.125 ], "texture": "#texture" },
        "up":    { "uv": [ 11.375, 4.625, 16, 6.125 ], "texture": "#texture" },
        "north": { "uv": [ 11.375, 6.5, 16, 7.375 ], "texture": "#texture" },
        "south": { "uv": [ 11.375, 6.5, 16, 7.375 ], "texture": "#texture" },
        "west":  { "uv": [ 12.875, 4.5, 14.375, 5.375 ], "texture": "#texture" },
        "east":  { "uv": [ 12.875, 4.5, 14.375, 5.375 ], "texture": "#texture" }
    }
},
{
    "from": [ 6.125, 1.125, 7.2875 ],
    "to": [ 9.625, 2.5, 7.6875 ],
    "rotation": { "origin": [ 6.125, 2.5, 7.2875 ], "axis": "z", "angle": -22.5 },
    "faces": {
        "down":  { "uv": [ 9, 9.625, 9.75, 10.25 ], "texture": "#texture" },
        "up":    { "uv": [ 9, 9.625, 9.75, 10.25 ], "texture": "#texture" },
        "north": { "uv": [ 9.375, 8.625, 10.125, 11.25 ], "texture": "#texture" },
        "south": { "uv": [ 9.375, 8.625, 10.125, 11.25 ], "texture": "#texture" },
        "west":  { "uv": [ 8.625, 9, 9.25, 11.625 ], "texture": "#texture" },
        "east":  { "uv": [ 8.625, 9, 9.25, 11.625 ], "texture": "#texture" }
    }
},
{
    "from": [ 7.75, -1.125, 7.2875 ],
    "to": [ 11.125, 0.375, 7.6875 ],
    "rotation": { "origin": [ 7.75, 0.375, 7.2875 ], "axis": "z", "angle": -22.5 },
    "faces": {
        "down":  { "uv": [ 12.125, 8.75, 15.5, 9.375 ], "texture": "#texture" },
        "up":    { "uv": [ 12.125, 8.75, 15.5, 9.375 ], "texture": "#texture" },
        "north": { "uv": [ 12, 8.75, 15.375, 10.25 ], "texture": "#texture" },
        "south": { "uv": [ 12, 8.75, 15.375, 10.25 ], "texture": "#texture" },
        "west":  { "uv": [ 13.625, 8.625, 14.25, 10.125 ], "texture": "#texture" },
        "east":  { "uv": [ 13.625, 8.625, 14.25, 10.125 ], "texture": "#texture" }
    }
},
{
    "from": [ 4.625, -2.625, 7.2875 ],
    "to": [ 5.75, 1, 7.6875 ],
    "rotation": { "origin": [ 4.625, 1, 7.2875 ], "axis": "z", "angle": 22.5 },
    "faces": {
        "down":  { "uv": [ 2.125, 8.75, 3.875, 9.375 ], "texture": "#texture" },
        "up":    { "uv": [ 2.125, 8.75, 3.875, 9.375 ], "texture": "#texture" },
        "north": { "uv": [ 2.25, 8.125, 4, 11.75 ], "texture": "#texture" },
        "south": { "uv": [ 2.25, 8.125, 4, 11.75 ], "texture": "#texture" },
        "west":  { "uv": [ 2.625, 8.25, 3.25, 11.875 ], "texture": "#texture" },
        "east":  { "uv": [ 2.625, 8.25, 3.25, 11.875 ], "texture": "#texture" }
    }
},
{
    "from": [ 6.5, -4.25, 7.2875 ],
    "to": [ 8.25, -0.625, 7.6875 ],
    "rotation": { "origin": [ 6.5, -0.625, 7.2875 ], "axis": "z", "angle": 22.5 },
    "faces": {
        "down":  { "uv": [ 7.625, 7.1875, 9.375, 7.8125 ], "texture": "#texture" },
        "up":    { "uv": [ 7.625, 7.1875, 9.375, 7.8125 ], "texture": "#texture" },
        "north": { "uv": [ 8.375, 4.125, 10.125, 7.75 ], "texture": "#texture" },
        "south": { "uv": [ 8.375, 4.125, 10.125, 7.75 ], "texture": "#texture" },
        "west":  { "uv": [ 8.625, 4.125, 9.25, 7.75 ], "texture": "#texture" },
        "east":  { "uv": [ 8.625, 4.125, 9.25, 7.75 ], "texture": "#texture" }
    }
},
{
    "from": [ 5.875, 13.625, 7.2875 ],
    "to": [ 7, 17.25, 7.6875 ],
    "rotation": { "origin": [ 5.875, 17.25, 7.2875 ], "axis": "z", "angle": -22.5 },
    "faces": {
        "down":  { "uv": [ 2.125, 8.75, 3.875, 9.375 ], "texture": "#texture" },
        "up":    { "uv": [ 2.125, 8.75, 3.875, 9.375 ], "texture": "#texture" },
        "north": { "uv": [ 2.25, 8.125, 4, 11.75 ], "texture": "#texture" },
        "south": { "uv": [ 2.25, 8.125, 4, 11.75 ], "texture": "#texture" },
        "west":  { "uv": [ 2.625, 8.25, 3.25, 11.875 ], "texture": "#texture" },
        "east":  { "uv": [ 2.625, 8.25, 3.25, 11.875 ], "texture": "#texture" }
    }
},
{
    "from": [ 1.25, 9.5, 7 ],
    "to": [ 1.75, 10.25, 8 ],
    "faces": {
        "down":  { "uv": [ 11.375, 4.625, 16, 6.125 ], "texture": "#texture" },
        "up":    { "uv": [ 11.375, 4.625, 16, 6.125 ], "texture": "#texture" },
        "north": { "uv": [ 11.375, 6.5, 16, 7.375 ], "texture": "#texture" },
        "south": { "uv": [ 11.375, 6.5, 16, 7.375 ], "texture": "#texture" },
        "west":  { "uv": [ 12.875, 4.5, 14.375, 5.375 ], "texture": "#texture" },
        "east":  { "uv": [ 12.875, 4.5, 14.375, 5.375 ], "texture": "#texture" }
    }
},
{
    "from": [ 1.25, 4.75, 7 ],
    "to": [ 1.75, 5.5, 8 ],
    "faces": {
        "down":  { "uv": [ 11.375, 4.625, 16, 6.125 ], "texture": "#texture" },
        "up":    { "uv": [ 11.375, 4.625, 16, 6.125 ], "texture": "#texture" },
        "north": { "uv": [ 11.375, 6.5, 16, 7.375 ], "texture": "#texture" },
        "south": { "uv": [ 11.375, 6.5, 16, 7.375 ], "texture": "#texture" },
        "west":  { "uv": [ 12.875, 4.5, 14.375, 5.375 ], "texture": "#texture" },
        "east":  { "uv": [ 12.875, 4.5, 14.375, 5.375 ], "texture": "#texture" }
    }
},
{
    "from": [ 1.5, 9.5, 6.875 ],
    "to": [ 4, 10.375, 8.125 ],
    "faces": {
        "down":  { "uv": [ 11.375, 4.625, 16, 6.125 ], "texture": "#texture" },
        "up":    { "uv": [ 11.375, 4.625, 16, 6.125 ], "texture": "#texture" },
        "north": { "uv": [ 11.375, 6.5, 16, 7.375 ], "texture": "#texture" },
        "south": { "uv": [ 11.375, 6.5, 16, 7.375 ], "texture": "#texture" },
        "west":  { "uv": [ 12.875, 4.5, 14.375, 5.375 ], "texture": "#texture" },
        "east":  { "uv": [ 12.875, 4.5, 14.375, 5.375 ], "texture": "#texture" }
    }
},
{
    "from": [ 3.875, 4.625, 6.75 ],
    "to": [ 6, 5.5, 8.25 ],
    "faces": {
        "down":  { "uv": [ 11.375, 4.625, 16, 6.125 ], "texture": "#texture" },
        "up":    { "uv": [ 11.375, 4.625, 16, 6.125 ], "texture": "#texture" },
        "north": { "uv": [ 11.375, 6.5, 16, 7.375 ], "texture": "#texture" },
        "south": { "uv": [ 11.375, 6.5, 16, 7.375 ], "texture": "#texture" },
        "west":  { "uv": [ 12.875, 4.5, 14.375, 5.375 ], "texture": "#texture" },
        "east":  { "uv": [ 12.875, 4.5, 14.375, 5.375 ], "texture": "#texture" }
    }
},
{
    "from": [ 1.5, 4.625, 6.875 ],
    "to": [ 4, 5.5, 8.125 ],
    "faces": {
        "down":  { "uv": [ 11.375, 4.625, 16, 6.125 ], "texture": "#texture" },
        "up":    { "uv": [ 11.375, 4.625, 16, 6.125 ], "texture": "#texture" },
        "north": { "uv": [ 11.375, 6.5, 16, 7.375 ], "texture": "#texture" },
        "south": { "uv": [ 11.375, 6.5, 16, 7.375 ], "texture": "#texture" },
        "west":  { "uv": [ 12.875, 4.5, 14.375, 5.375 ], "texture": "#texture" },
        "east":  { "uv": [ 12.875, 4.5, 14.375, 5.375 ], "texture": "#texture" }
    }
},
{
    "from": [ 5.625, 9.625, 6.875 ],
    "to": [ 6.125, 10.25, 8.125 ],
    "faces": {
        "down":  { "uv": [ 11.375, 4.625, 16, 6.125 ], "texture": "#texture" },
        "up":    { "uv": [ 11.375, 4.625, 16, 6.125 ], "texture": "#texture" },
        "north": { "uv": [ 11.375, 6.5, 16, 7.375 ], "texture": "#texture" },
        "south": { "uv": [ 11.375, 6.5, 16, 7.375 ], "texture": "#texture" },
        "west":  { "uv": [ 12.875, 4.5, 14.375, 5.375 ], "texture": "#texture" },
        "east":  { "uv": [ 12.875, 4.5, 14.375, 5.375 ], "texture": "#texture" }
    }
},
{
    "from": [ 5.625, 4.75, 6.875 ],
    "to": [ 6.125, 5.375, 8.125 ],
    "faces": {
        "down":  { "uv": [ 11.375, 4.625, 16, 6.125 ], "texture": "#texture" },
        "up":    { "uv": [ 11.375, 4.625, 16, 6.125 ], "texture": "#texture" },
        "north": { "uv": [ 11.375, 6.5, 16, 7.375 ], "texture": "#texture" },
        "south": { "uv": [ 11.375, 6.5, 16, 7.375 ], "texture": "#texture" },
        "west":  { "uv": [ 12.875, 4.5, 14.375, 5.375 ], "texture": "#texture" },
        "east":  { "uv": [ 12.875, 4.5, 14.375, 5.375 ], "texture": "#texture" }
    }
}
],
"display": {
    "thirdperson_righthand": {
        "rotation": [ 0, -90, 0 ],
        "translation": [ -1, -0.5, 7 ],
        "scale": [ 1.5, 1.5, 1.5 ]
    },
    "thirdperson_lefthand": {
        "rotation": [ 0, 90, 0 ],
        "translation": [ -1, -0.5, 7 ],
        "scale": [ 1.5, 1.5, 1.5 ]
    },
    "ground": {
        "rotation": [ 0, 0, 0 ],
        "translation": [ 0, 4, 0 ],
        "scale": [ 0.5, 0.5, 0.5 ]
    },
    "fixed": {
        "rotation": [ 0, 0, 0 ],
        "translation": [ 0, 0, 0 ],
        "scale": [ 1, 1, 1 ]
    },
    "firstperson_righthand": {
        "rotation": [ 28, -94, 26 ],
        "translation": [ -1, 6, 0 ],
        "scale": [ 1, 1, 1 ]
    },
    "firstperson_lefthand": {
        "rotation": [ -26, 94, 28 ],
        "translation": [ -1, 6, 0 ],
        "scale": [ 1, 1, 1 ]
    },
    "gui": {
        "rotation": [ -30, 0, -45 ],
        "translation": [ -1, 1.5, 0 ],
        "scale": [ 0.8, 0.8, 0.8 ]
    }
}
}