{
"__comment": "Designed by FirecatHD",
"textures": {
    "texture": "3d/thunder_bow_all",
    "thunderbolt": "3d/thunderbolt",
    "thunderbolt_string": "3d/thunderbolt"
},
"elements": [ 
{
    "from": [ 6.5, 7.25, 6.75 ],
    "to": [ 7.75, 8.75, 8 ],
    "faces": {
        "down":  { "uv": [ 4.5, 13.5, 7, 15.75 ], "texture": "#texture" },
        "up":    { "uv": [ 4.5, 13.5, 7, 15.75 ], "texture": "#texture" },
        "north": { "uv": [ 11.25, 13, 13, 16 ], "texture": "#texture" },
        "south": { "uv": [ 11.25, 13, 13, 16 ], "texture": "#texture" },
        "west":  { "uv": [ 5.25, 13.25, 6.75, 16 ], "texture": "#texture" },
        "east":  { "uv": [ 5.25, 13.25, 6.75, 16 ], "texture": "#texture" }
    }
},
{
    "from": [ 6.75, 8.25, 7 ],
    "to": [ 7.5, 9.25, 7.75 ],
    "faces": {
        "down":  { "uv": [ 4.5, 13.5, 7, 15.75 ], "texture": "#texture" },
        "up":    { "uv": [ 4.5, 13.5, 7, 15.75 ], "texture": "#texture" },
        "north": { "uv": [ 11.25, 13, 13, 16 ], "texture": "#texture" },
        "south": { "uv": [ 11.25, 13, 13, 16 ], "texture": "#texture" },
        "west":  { "uv": [ 5.25, 13.25, 6.75, 16 ], "texture": "#texture" },
        "east":  { "uv": [ 5.25, 13.25, 6.75, 16 ], "texture": "#texture" }
    }
},
{
    "from": [ 6.875, 9.25, 7.125 ],
    "to": [ 7.375, 10.25, 7.625 ],
    "faces": {
        "down":  { "uv": [ 6.5, 2.25, 8, 3.75 ], "texture": "#texture" },
        "up":    { "uv": [ 6.5, 2.25, 8, 3.75 ], "texture": "#texture" },
        "north": { "uv": [ 9, 3.5, 10.5, 4.5 ], "texture": "#texture" },
        "south": { "uv": [ 5.5, 3.5, 7, 4.5 ], "texture": "#texture" },
        "west":  { "uv": [ 6.625, 3.5, 8.125, 4.5 ], "texture": "#texture" },
        "east":  { "uv": [ 7.875, 3.5, 9.375, 4.5 ], "texture": "#texture" }
    }
},
{
    "from": [ 6.75, 6.75, 7 ],
    "to": [ 7.5, 7.75, 7.75 ],
    "faces": {
        "down":  { "uv": [ 4.5, 13.5, 7, 15.75 ], "texture": "#texture" },
        "up":    { "uv": [ 4.5, 13.5, 7, 15.75 ], "texture": "#texture" },
        "north": { "uv": [ 11.25, 13, 13, 16 ], "texture": "#texture" },
        "south": { "uv": [ 11.25, 13, 13, 16 ], "texture": "#texture" },
        "west":  { "uv": [ 5.25, 13.25, 6.75, 16 ], "texture": "#texture" },
        "east":  { "uv": [ 5.25, 13.25, 6.75, 16 ], "texture": "#texture" }
    }
},
{
    "from": [ 6.875, 5.75, 7.125 ],
    "to": [ 7.375, 6.75, 7.625 ],
    "faces": {
        "down":  { "uv": [ 6.5, 2.25, 8, 3.75 ], "texture": "#texture" },
        "up":    { "uv": [ 6.5, 2.25, 8, 3.75 ], "texture": "#texture" },
        "north": { "uv": [ 9, 3.5, 10.5, 4.5 ], "texture": "#texture" },
        "south": { "uv": [ 5.5, 3.5, 7, 4.5 ], "texture": "#texture" },
        "west":  { "uv": [ 6.625, 3.5, 8.125, 4.5 ], "texture": "#texture" },
        "east":  { "uv": [ 7.875, 3.5, 9.375, 4.5 ], "texture": "#texture" }
    }
},
{
    "from": [ 6.53125, 9.96875, 7.125 ],
    "to": [ 7.03125, 10.9688, 7.625 ],
    "rotation": { "origin": [ 6.53125, 10.9688, 7.125 ], "axis": "z", "angle": 22.5 },
    "faces": {
        "down":  { "uv": [ 6.5, 2.25, 8, 3.75 ], "texture": "#texture" },
        "up":    { "uv": [ 6.5, 2.25, 8, 3.75 ], "texture": "#texture" },
        "north": { "uv": [ 9, 3.5, 10.5, 4.5 ], "texture": "#texture" },
        "south": { "uv": [ 5.5, 3.5, 7, 4.5 ], "texture": "#texture" },
        "west":  { "uv": [ 6.625, 3.5, 8.125, 4.5 ], "texture": "#texture" },
        "east":  { "uv": [ 7.875, 3.5, 9.375, 4.5 ], "texture": "#texture" }
    }
},
{
    "from": [ 5.9375, 10.5, 7.125 ],
    "to": [ 6.4375, 11.5, 7.625 ],
    "rotation": { "origin": [ 5.9375, 11.5, 7.125 ], "axis": "z", "angle": 45 },
    "faces": {
        "down":  { "uv": [ 6.5, 2.25, 8, 3.75 ], "texture": "#texture" },
        "up":    { "uv": [ 6.5, 2.25, 8, 3.75 ], "texture": "#texture" },
        "north": { "uv": [ 9, 3.5, 10.5, 4.5 ], "texture": "#texture" },
        "south": { "uv": [ 5.5, 3.5, 7, 4.5 ], "texture": "#texture" },
        "west":  { "uv": [ 6.625, 3.5, 8.125, 4.5 ], "texture": "#texture" },
        "east":  { "uv": [ 7.875, 3.5, 9.375, 4.5 ], "texture": "#texture" }
    }
},
{
    "from": [ 6.90625, 4.9375, 7.125 ],
    "to": [ 7.40625, 5.9375, 7.625 ],
    "rotation": { "origin": [ 6.90625, 5.9375, 7.125 ], "axis": "z", "angle": -22.5 },
    "faces": {
        "down":  { "uv": [ 6.5, 2.25, 8, 3.75 ], "texture": "#texture" },
        "up":    { "uv": [ 6.5, 2.25, 8, 3.75 ], "texture": "#texture" },
        "north": { "uv": [ 9, 3.5, 10.5, 4.5 ], "texture": "#texture" },
        "south": { "uv": [ 5.5, 3.5, 7, 4.5 ], "texture": "#texture" },
        "west":  { "uv": [ 6.625, 3.5, 8.125, 4.5 ], "texture": "#texture" },
        "east":  { "uv": [ 7.875, 3.5, 9.375, 4.5 ], "texture": "#texture" }
    }
},
{
    "from": [ 6.625, 4.1875, 7.125 ],
    "to": [ 7.125, 5.1875, 7.625 ],
    "rotation": { "origin": [ 6.625, 5.1875, 7.125 ], "axis": "z", "angle": -45 },
    "faces": {
        "down":  { "uv": [ 6.5, 2.25, 8, 3.75 ], "texture": "#texture" },
        "up":    { "uv": [ 6.5, 2.25, 8, 3.75 ], "texture": "#texture" },
        "north": { "uv": [ 9, 3.5, 10.5, 4.5 ], "texture": "#texture" },
        "south": { "uv": [ 5.5, 3.5, 7, 4.5 ], "texture": "#texture" },
        "west":  { "uv": [ 6.625, 3.5, 8.125, 4.5 ], "texture": "#texture" },
        "east":  { "uv": [ 7.875, 3.5, 9.375, 4.5 ], "texture": "#texture" }
    }
},
{
    "from": [ 5.9375, 11.4375, 7.125 ],
    "to": [ 6.4375, 12.4375, 7.625 ],
    "rotation": { "origin": [ 5.9375, 12.4375, 7.125 ], "axis": "z", "angle": 45 },
    "faces": {
        "down":  { "uv": [ 6.5, 2.25, 8, 3.75 ], "texture": "#texture" },
        "up":    { "uv": [ 6.5, 2.25, 8, 3.75 ], "texture": "#texture" },
        "north": { "uv": [ 9, 3.5, 10.5, 4.5 ], "texture": "#texture" },
        "south": { "uv": [ 5.5, 3.5, 7, 4.5 ], "texture": "#texture" },
        "west":  { "uv": [ 6.625, 3.5, 8.125, 4.5 ], "texture": "#texture" },
        "east":  { "uv": [ 7.875, 3.5, 9.375, 4.5 ], "texture": "#texture" }
    }
},
{
    "from": [ 6.5, 12, 7.125 ],
    "to": [ 7, 13, 7.625 ],
    "rotation": { "origin": [ 6.5, 13, 7.125 ], "axis": "z", "angle": 45 },
    "faces": {
        "down":  { "uv": [ 7, 6.5, 9.75, 8 ], "texture": "#texture" },
        "up":    { "uv": [ 7, 6.5, 9.75, 8 ], "texture": "#texture" },
        "north": { "uv": [ 1.25, 7.5, 4.25, 8.75 ], "texture": "#texture" },
        "south": { "uv": [ 1.25, 7.5, 4.25, 8.75 ], "texture": "#texture" },
        "west":  { "uv": [ 11.25, 6.75, 13, 8.25 ], "texture": "#texture" },
        "east":  { "uv": [ 11.25, 6.75, 13, 8.25 ], "texture": "#texture" }
    }
},
{
    "from": [ 7, 12.5, 7.125 ],
    "to": [ 7.5, 13.5, 7.625 ],
    "rotation": { "origin": [ 7, 13.5, 7.125 ], "axis": "z", "angle": 45 },
    "faces": {
        "down":  { "uv": [ 7, 6.5, 9.75, 8 ], "texture": "#texture" },
        "up":    { "uv": [ 7, 6.5, 9.75, 8 ], "texture": "#texture" },
        "north": { "uv": [ 1.25, 7.5, 4.25, 8.75 ], "texture": "#texture" },
        "south": { "uv": [ 1.25, 7.5, 4.25, 8.75 ], "texture": "#texture" },
        "west":  { "uv": [ 11.25, 6.75, 13, 8.25 ], "texture": "#texture" },
        "east":  { "uv": [ 11.25, 6.75, 13, 8.25 ], "texture": "#texture" }
    }
},
{
    "from": [ 7.5, 13, 7.125 ],
    "to": [ 8, 14, 7.625 ],
    "rotation": { "origin": [ 7.5, 14, 7.125 ], "axis": "z", "angle": 45 },
    "faces": {
        "down":  { "uv": [ 7, 6.5, 9.75, 8 ], "texture": "#texture" },
        "up":    { "uv": [ 7, 6.5, 9.75, 8 ], "texture": "#texture" },
        "north": { "uv": [ 1.25, 7.5, 4.25, 8.75 ], "texture": "#texture" },
        "south": { "uv": [ 1.25, 7.5, 4.25, 8.75 ], "texture": "#texture" },
        "west":  { "uv": [ 11.25, 6.75, 13, 8.25 ], "texture": "#texture" },
        "east":  { "uv": [ 11.25, 6.75, 13, 8.25 ], "texture": "#texture" }
    }
},
{
    "from": [ 8, 13.5, 7.125 ],
    "to": [ 8.5, 14.5, 7.625 ],
    "rotation": { "origin": [ 8, 14.5, 7.125 ], "axis": "z", "angle": 45 },
    "faces": {
        "down":  { "uv": [ 7, 6.5, 9.75, 8 ], "texture": "#texture" },
        "up":    { "uv": [ 7, 6.5, 9.75, 8 ], "texture": "#texture" },
        "north": { "uv": [ 1.25, 7.5, 4.25, 8.75 ], "texture": "#texture" },
        "south": { "uv": [ 1.25, 7.5, 4.25, 8.75 ], "texture": "#texture" },
        "west":  { "uv": [ 11.25, 6.75, 13, 8.25 ], "texture": "#texture" },
        "east":  { "uv": [ 11.25, 6.75, 13, 8.25 ], "texture": "#texture" }
    }
},
{
    "from": [ 8.5, 14, 7.125 ],
    "to": [ 9, 15, 7.625 ],
    "rotation": { "origin": [ 8.5, 15, 7.125 ], "axis": "z", "angle": 45 },
    "faces": {
        "down":  { "uv": [ 7, 6.5, 9.75, 8 ], "texture": "#texture" },
        "up":    { "uv": [ 7, 6.5, 9.75, 8 ], "texture": "#texture" },
        "north": { "uv": [ 1.25, 7.5, 4.25, 8.75 ], "texture": "#texture" },
        "south": { "uv": [ 1.25, 7.5, 4.25, 8.75 ], "texture": "#texture" },
        "west":  { "uv": [ 11.25, 6.75, 13, 8.25 ], "texture": "#texture" },
        "east":  { "uv": [ 11.25, 6.75, 13, 8.25 ], "texture": "#texture" }
    }
},
{
    "from": [ 9, 14.5, 7.125 ],
    "to": [ 9.5, 15.5, 7.625 ],
    "rotation": { "origin": [ 9, 15.5, 7.125 ], "axis": "z", "angle": 45 },
    "faces": {
        "down":  { "uv": [ 7, 6.5, 9.75, 8 ], "texture": "#texture" },
        "up":    { "uv": [ 7, 6.5, 9.75, 8 ], "texture": "#texture" },
        "north": { "uv": [ 1.25, 7.5, 4.25, 8.75 ], "texture": "#texture" },
        "south": { "uv": [ 1.25, 7.5, 4.25, 8.75 ], "texture": "#texture" },
        "west":  { "uv": [ 11.25, 6.75, 13, 8.25 ], "texture": "#texture" },
        "east":  { "uv": [ 11.25, 6.75, 13, 8.25 ], "texture": "#texture" }
    }
},
{
    "from": [ 9.375, 15.375, 7.125 ],
    "to": [ 10.875, 15.875, 7.625 ],
    "faces": {
        "down":  { "uv": [ 7, 6.5, 9.75, 8 ], "texture": "#texture" },
        "up":    { "uv": [ 7, 6.5, 9.75, 8 ], "texture": "#texture" },
        "north": { "uv": [ 1.25, 7.5, 4.25, 8.75 ], "texture": "#texture" },
        "south": { "uv": [ 1.25, 7.5, 4.25, 8.75 ], "texture": "#texture" },
        "west":  { "uv": [ 11.25, 6.75, 13, 8.25 ], "texture": "#texture" },
        "east":  { "uv": [ 11.25, 6.75, 13, 8.25 ], "texture": "#texture" }
    }
},
{
    "from": [ 9.5625, 15, 7.125 ],
    "to": [ 10.875, 15.5, 7.625 ],
    "faces": {
        "down":  { "uv": [ 7, 6.5, 9.75, 8 ], "texture": "#texture" },
        "up":    { "uv": [ 7, 6.5, 9.75, 8 ], "texture": "#texture" },
        "north": { "uv": [ 1.25, 7.5, 4.25, 8.75 ], "texture": "#texture" },
        "south": { "uv": [ 1.25, 7.5, 4.25, 8.75 ], "texture": "#texture" },
        "west":  { "uv": [ 11.25, 6.75, 13, 8.25 ], "texture": "#texture" },
        "east":  { "uv": [ 11.25, 6.75, 13, 8.25 ], "texture": "#texture" }
    }
},
{
    "from": [ 9.5625, 0.6875, 7.125 ],
    "to": [ 10.875, 1.1875, 7.625 ],
    "faces": {
        "down":  { "uv": [ 7, 6.5, 9.75, 8 ], "texture": "#texture" },
        "up":    { "uv": [ 7, 6.5, 9.75, 8 ], "texture": "#texture" },
        "north": { "uv": [ 1.25, 7.5, 4.25, 8.75 ], "texture": "#texture" },
        "south": { "uv": [ 1.25, 7.5, 4.25, 8.75 ], "texture": "#texture" },
        "west":  { "uv": [ 11.25, 6.75, 13, 8.25 ], "texture": "#texture" },
        "east":  { "uv": [ 11.25, 6.75, 13, 8.25 ], "texture": "#texture" }
    }
},
{
    "from": [ 9.375, 0.3125, 7.125 ],
    "to": [ 10.875, 0.8125, 7.625 ],
    "faces": {
        "down":  { "uv": [ 7, 6.5, 9.75, 8 ], "texture": "#texture" },
        "up":    { "uv": [ 7, 6.5, 9.75, 8 ], "texture": "#texture" },
        "north": { "uv": [ 1.25, 7.5, 4.25, 8.75 ], "texture": "#texture" },
        "south": { "uv": [ 1.25, 7.5, 4.25, 8.75 ], "texture": "#texture" },
        "west":  { "uv": [ 11.25, 6.75, 13, 8.25 ], "texture": "#texture" },
        "east":  { "uv": [ 11.25, 6.75, 13, 8.25 ], "texture": "#texture" }
    }
},
{
    "from": [ 7.25, 2.875, 7.125 ],
    "to": [ 7.75, 3.875, 7.625 ],
    "rotation": { "origin": [ 7.25, 3.875, 7.125 ], "axis": "z", "angle": -45 },
    "faces": {
        "down":  { "uv": [ 7, 6.5, 9.75, 8 ], "texture": "#texture" },
        "up":    { "uv": [ 7, 6.5, 9.75, 8 ], "texture": "#texture" },
        "north": { "uv": [ 1.25, 7.5, 4.25, 8.75 ], "texture": "#texture" },
        "south": { "uv": [ 1.25, 7.5, 4.25, 8.75 ], "texture": "#texture" },
        "west":  { "uv": [ 11.25, 6.75, 13, 8.25 ], "texture": "#texture" },
        "east":  { "uv": [ 11.25, 6.75, 13, 8.25 ], "texture": "#texture" }
    }
},
{
    "from": [ 7.75, 2.375, 7.125 ],
    "to": [ 8.25, 3.375, 7.625 ],
    "rotation": { "origin": [ 7.75, 3.375, 7.125 ], "axis": "z", "angle": -45 },
    "faces": {
        "down":  { "uv": [ 7, 6.5, 9.75, 8 ], "texture": "#texture" },
        "up":    { "uv": [ 7, 6.5, 9.75, 8 ], "texture": "#texture" },
        "north": { "uv": [ 1.25, 7.5, 4.25, 8.75 ], "texture": "#texture" },
        "south": { "uv": [ 1.25, 7.5, 4.25, 8.75 ], "texture": "#texture" },
        "west":  { "uv": [ 11.25, 6.75, 13, 8.25 ], "texture": "#texture" },
        "east":  { "uv": [ 11.25, 6.75, 13, 8.25 ], "texture": "#texture" }
    }
},
{
    "from": [ 8.25, 1.875, 7.125 ],
    "to": [ 8.75, 2.875, 7.625 ],
    "rotation": { "origin": [ 8.25, 2.875, 7.125 ], "axis": "z", "angle": -45 },
    "faces": {
        "down":  { "uv": [ 7, 6.5, 9.75, 8 ], "texture": "#texture" },
        "up":    { "uv": [ 7, 6.5, 9.75, 8 ], "texture": "#texture" },
        "north": { "uv": [ 1.25, 7.5, 4.25, 8.75 ], "texture": "#texture" },
        "south": { "uv": [ 1.25, 7.5, 4.25, 8.75 ], "texture": "#texture" },
        "west":  { "uv": [ 11.25, 6.75, 13, 8.25 ], "texture": "#texture" },
        "east":  { "uv": [ 11.25, 6.75, 13, 8.25 ], "texture": "#texture" }
    }
},
{
    "from": [ 8.75, 1.375, 7.125 ],
    "to": [ 9.25, 2.375, 7.625 ],
    "rotation": { "origin": [ 8.75, 2.375, 7.125 ], "axis": "z", "angle": -45 },
    "faces": {
        "down":  { "uv": [ 7, 6.5, 9.75, 8 ], "texture": "#texture" },
        "up":    { "uv": [ 7, 6.5, 9.75, 8 ], "texture": "#texture" },
        "north": { "uv": [ 1.25, 7.5, 4.25, 8.75 ], "texture": "#texture" },
        "south": { "uv": [ 1.25, 7.5, 4.25, 8.75 ], "texture": "#texture" },
        "west":  { "uv": [ 11.25, 6.75, 13, 8.25 ], "texture": "#texture" },
        "east":  { "uv": [ 11.25, 6.75, 13, 8.25 ], "texture": "#texture" }
    }
},
{
    "from": [ 9.25, 0.875, 7.125 ],
    "to": [ 9.75, 1.875, 7.625 ],
    "rotation": { "origin": [ 9.25, 1.875, 7.125 ], "axis": "z", "angle": -45 },
    "faces": {
        "down":  { "uv": [ 7, 6.5, 9.75, 8 ], "texture": "#texture" },
        "up":    { "uv": [ 7, 6.5, 9.75, 8 ], "texture": "#texture" },
        "north": { "uv": [ 1.25, 7.5, 4.25, 8.75 ], "texture": "#texture" },
        "south": { "uv": [ 1.25, 7.5, 4.25, 8.75 ], "texture": "#texture" },
        "west":  { "uv": [ 11.25, 6.75, 13, 8.25 ], "texture": "#texture" },
        "east":  { "uv": [ 11.25, 6.75, 13, 8.25 ], "texture": "#texture" }
    }
},
{
    "from": [ 9.75, 0.375, 7.125 ],
    "to": [ 10.25, 1.375, 7.625 ],
    "rotation": { "origin": [ 9.75, 1.375, 7.125 ], "axis": "z", "angle": -45 },
    "faces": {
        "down":  { "uv": [ 7, 6.5, 9.75, 8 ], "texture": "#texture" },
        "up":    { "uv": [ 7, 6.5, 9.75, 8 ], "texture": "#texture" },
        "north": { "uv": [ 1.25, 7.5, 4.25, 8.75 ], "texture": "#texture" },
        "south": { "uv": [ 1.25, 7.5, 4.25, 8.75 ], "texture": "#texture" },
        "west":  { "uv": [ 11.25, 6.75, 13, 8.25 ], "texture": "#texture" },
        "east":  { "uv": [ 11.25, 6.75, 13, 8.25 ], "texture": "#texture" }
    }
},
{
    "from": [ 10.5, 14.75, 6.375 ],
    "to": [ 12.5, 16.25, 8.375 ],
    "faces": {
        "down":  { "uv": [ 6.5, 2.25, 8, 3.75 ], "texture": "#texture" },
        "up":    { "uv": [ 6.5, 2.25, 8, 3.75 ], "texture": "#texture" },
        "north": { "uv": [ 9, 3.5, 10.5, 4.5 ], "texture": "#texture" },
        "south": { "uv": [ 5.5, 3.5, 7, 4.5 ], "texture": "#texture" },
        "west":  { "uv": [ 6.625, 3.5, 8.125, 4.5 ], "texture": "#texture" },
        "east":  { "uv": [ 7.875, 3.5, 9.375, 4.5 ], "texture": "#texture" }
    }
},
{
    "from": [ 10.75, 14.5, 6.625 ],
    "to": [ 12.25, 14.75, 8.125 ],
    "faces": {
        "down":  { "uv": [ 6.5, 2.25, 8, 3.75 ], "texture": "#texture" },
        "up":    { "uv": [ 6.5, 2.25, 8, 3.75 ], "texture": "#texture" },
        "north": { "uv": [ 9, 3.5, 10.5, 4.5 ], "texture": "#texture" },
        "south": { "uv": [ 5.5, 3.5, 7, 4.5 ], "texture": "#texture" },
        "west":  { "uv": [ 6.625, 3.5, 8.125, 4.5 ], "texture": "#texture" },
        "east":  { "uv": [ 7.875, 3.5, 9.375, 4.5 ], "texture": "#texture" }
    }
},
{
    "from": [ 10.75, 16.25, 6.625 ],
    "to": [ 12.25, 16.5, 8.125 ],
    "faces": {
        "down":  { "uv": [ 6.5, 2.25, 8, 3.75 ], "texture": "#texture" },
        "up":    { "uv": [ 6.5, 2.25, 8, 3.75 ], "texture": "#texture" },
        "north": { "uv": [ 9, 3.5, 10.5, 4.5 ], "texture": "#texture" },
        "south": { "uv": [ 5.5, 3.5, 7, 4.5 ], "texture": "#texture" },
        "west":  { "uv": [ 6.625, 3.5, 8.125, 4.5 ], "texture": "#texture" },
        "east":  { "uv": [ 7.875, 3.5, 9.375, 4.5 ], "texture": "#texture" }
    }
},
{
    "from": [ 10.75, -0.25, 6.625 ],
    "to": [ 12.25, 0, 8.125 ],
    "faces": {
        "down":  { "uv": [ 6.5, 2.25, 8, 3.75 ], "texture": "#texture" },
        "up":    { "uv": [ 6.5, 2.25, 8, 3.75 ], "texture": "#texture" },
        "north": { "uv": [ 9, 3.5, 10.5, 4.5 ], "texture": "#texture" },
        "south": { "uv": [ 5.5, 3.5, 7, 4.5 ], "texture": "#texture" },
        "west":  { "uv": [ 6.625, 3.5, 8.125, 4.5 ], "texture": "#texture" },
        "east":  { "uv": [ 7.875, 3.5, 9.375, 4.5 ], "texture": "#texture" }
    }
},
{
    "from": [ 10.5, 0, 6.375 ],
    "to": [ 12.5, 1.5, 8.375 ],
    "faces": {
        "down":  { "uv": [ 6.5, 2.25, 8, 3.75 ], "texture": "#texture" },
        "up":    { "uv": [ 6.5, 2.25, 8, 3.75 ], "texture": "#texture" },
        "north": { "uv": [ 9, 3.5, 10.5, 4.5 ], "texture": "#texture" },
        "south": { "uv": [ 5.5, 3.5, 7, 4.5 ], "texture": "#texture" },
        "west":  { "uv": [ 6.625, 3.5, 8.125, 4.5 ], "texture": "#texture" },
        "east":  { "uv": [ 7.875, 3.5, 9.375, 4.5 ], "texture": "#texture" }
    }
},
{
    "from": [ 10.75, 1.5, 6.625 ],
    "to": [ 12.25, 1.75, 8.125 ],
    "faces": {
        "down":  { "uv": [ 6.5, 2.25, 8, 3.75 ], "texture": "#texture" },
        "up":    { "uv": [ 6.5, 2.25, 8, 3.75 ], "texture": "#texture" },
        "north": { "uv": [ 9, 3.5, 10.5, 4.5 ], "texture": "#texture" },
        "south": { "uv": [ 5.5, 3.5, 7, 4.5 ], "texture": "#texture" },
        "west":  { "uv": [ 6.625, 3.5, 8.125, 4.5 ], "texture": "#texture" },
        "east":  { "uv": [ 7.875, 3.5, 9.375, 4.5 ], "texture": "#texture" }
    }
},
{
    "from": [ 5.5, 11.5, 6.625 ],
    "to": [ 7, 12.5, 8.125 ],
    "faces": {
        "down":  { "uv": [ 6.5, 2.25, 8, 3.75 ], "texture": "#texture" },
        "up":    { "uv": [ 6.5, 2.25, 8, 3.75 ], "texture": "#texture" },
        "north": { "uv": [ 9, 3.5, 10.5, 4.5 ], "texture": "#texture" },
        "south": { "uv": [ 5.5, 3.5, 7, 4.5 ], "texture": "#texture" },
        "west":  { "uv": [ 6.625, 3.5, 8.125, 4.5 ], "texture": "#texture" },
        "east":  { "uv": [ 7.875, 3.5, 9.375, 4.5 ], "texture": "#texture" }
    }
},
{
    "from": [ 5.75, 12.5, 6.875 ],
    "to": [ 6.75, 12.75, 7.875 ],
    "faces": {
        "down":  { "uv": [ 6.5, 2.25, 8, 3.75 ], "texture": "#texture" },
        "up":    { "uv": [ 6.5, 2.25, 8, 3.75 ], "texture": "#texture" },
        "north": { "uv": [ 9, 3.5, 10.5, 4.5 ], "texture": "#texture" },
        "south": { "uv": [ 5.5, 3.5, 7, 4.5 ], "texture": "#texture" },
        "west":  { "uv": [ 6.625, 3.5, 8.125, 4.5 ], "texture": "#texture" },
        "east":  { "uv": [ 7.875, 3.5, 9.375, 4.5 ], "texture": "#texture" }
    }
},
{
    "from": [ 5.75, 11.25, 6.875 ],
    "to": [ 6.75, 11.5, 7.875 ],
    "faces": {
        "down":  { "uv": [ 6.5, 2.25, 8, 3.75 ], "texture": "#texture" },
        "up":    { "uv": [ 6.5, 2.25, 8, 3.75 ], "texture": "#texture" },
        "north": { "uv": [ 9, 3.5, 10.5, 4.5 ], "texture": "#texture" },
        "south": { "uv": [ 5.5, 3.5, 7, 4.5 ], "texture": "#texture" },
        "west":  { "uv": [ 6.625, 3.5, 8.125, 4.5 ], "texture": "#texture" },
        "east":  { "uv": [ 7.875, 3.5, 9.375, 4.5 ], "texture": "#texture" }
    }
},
{
    "from": [ 5.5, 3.5, 6.625 ],
    "to": [ 7, 4.5, 8.125 ],
    "faces": {
        "down":  { "uv": [ 6.5, 2.25, 8, 3.75 ], "texture": "#texture" },
        "up":    { "uv": [ 6.5, 2.25, 8, 3.75 ], "texture": "#texture" },
        "north": { "uv": [ 9, 3.5, 10.5, 4.5 ], "texture": "#texture" },
        "south": { "uv": [ 5.5, 3.5, 7, 4.5 ], "texture": "#texture" },
        "west":  { "uv": [ 6.625, 3.5, 8.125, 4.5 ], "texture": "#texture" },
        "east":  { "uv": [ 7.875, 3.5, 9.375, 4.5 ], "texture": "#texture" }
    }
},
{
    "from": [ 5.75, 4.5, 6.875 ],
    "to": [ 6.75, 4.75, 7.875 ],
    "faces": {
        "down":  { "uv": [ 6.5, 2.25, 8, 3.75 ], "texture": "#texture" },
        "up":    { "uv": [ 6.5, 2.25, 8, 3.75 ], "texture": "#texture" },
        "north": { "uv": [ 9, 3.5, 10.5, 4.5 ], "texture": "#texture" },
        "south": { "uv": [ 5.5, 3.5, 7, 4.5 ], "texture": "#texture" },
        "west":  { "uv": [ 6.625, 3.5, 8.125, 4.5 ], "texture": "#texture" },
        "east":  { "uv": [ 7.875, 3.5, 9.375, 4.5 ], "texture": "#texture" }
    }
},
{
    "from": [ 5.75, 3.25, 6.875 ],
    "to": [ 6.75, 3.5, 7.875 ],
    "faces": {
        "down":  { "uv": [ 6.5, 2.25, 8, 3.75 ], "texture": "#texture" },
        "up":    { "uv": [ 6.5, 2.25, 8, 3.75 ], "texture": "#texture" },
        "north": { "uv": [ 9, 3.5, 10.5, 4.5 ], "texture": "#texture" },
        "south": { "uv": [ 5.5, 3.5, 7, 4.5 ], "texture": "#texture" },
        "west":  { "uv": [ 6.625, 3.5, 8.125, 4.5 ], "texture": "#texture" },
        "east":  { "uv": [ 7.875, 3.5, 9.375, 4.5 ], "texture": "#texture" }
    }
},
{
    "from": [ 6.75, 8.75, 7 ],
    "to": [ 7.25, 10.75, 7.75 ],
    "rotation": { "origin": [ 6.75, 10.75, 7 ], "axis": "z", "angle": -45 },
    "faces": {
        "down":  { "uv": [ 8.25, 6.75, 9.75, 8.5 ], "texture": "#texture" },
        "up":    { "uv": [ 8.25, 6.75, 9.75, 8.5 ], "texture": "#texture" },
        "north": { "uv": [ 11.75, 6, 12.5, 8.5 ], "texture": "#texture" },
        "south": { "uv": [ 11.75, 6, 12.5, 8.5 ], "texture": "#texture" },
        "west":  { "uv": [ 3.5, 6.5, 4.25, 9 ], "texture": "#texture" },
        "east":  { "uv": [ 3.5, 6.5, 4.25, 9 ], "texture": "#texture" }
    }
},
{
    "from": [ 5.0625, 6.5625, 6.75 ],
    "to": [ 5.8125, 9.3125, 8 ],
    "faces": {
        "down":  { "uv": [ 4.5, 13.5, 7, 15.75 ], "texture": "#texture" },
        "up":    { "uv": [ 4.5, 13.5, 7, 15.75 ], "texture": "#texture" },
        "north": { "uv": [ 11.25, 13, 13, 16 ], "texture": "#texture" },
        "south": { "uv": [ 11.25, 13, 13, 16 ], "texture": "#texture" },
        "west":  { "uv": [ 5.25, 13.25, 6.75, 16 ], "texture": "#texture" },
        "east":  { "uv": [ 5.25, 13.25, 6.75, 16 ], "texture": "#texture" }
    }
},
{
    "from": [ 5.3125, 4.75, 7 ],
    "to": [ 5.8125, 6.75, 7.75 ],
    "rotation": { "origin": [ 5.3125, 6.75, 7 ], "axis": "z", "angle": 45 },
    "faces": {
        "down":  { "uv": [ 8.25, 6.75, 9.75, 8.5 ], "texture": "#texture" },
        "up":    { "uv": [ 8.25, 6.75, 9.75, 8.5 ], "texture": "#texture" },
        "north": { "uv": [ 11.75, 6, 12.5, 8.5 ], "texture": "#texture" },
        "south": { "uv": [ 11.75, 6, 12.5, 8.5 ], "texture": "#texture" },
        "west":  { "uv": [ 3.5, 6.5, 4.25, 9 ], "texture": "#texture" },
        "east":  { "uv": [ 3.5, 6.5, 4.25, 9 ], "texture": "#texture" }
    }
},
{
    "from": [ 11.25, 15, 8 ],
    "to": [ 11.75, 16, 8.75 ],
    "faces": {
        "down":  { "uv": [ 7, 6.5, 9.75, 8 ], "texture": "#texture" },
        "up":    { "uv": [ 7, 6.5, 9.75, 8 ], "texture": "#texture" },
        "north": { "uv": [ 1.25, 7.5, 4.25, 8.75 ], "texture": "#texture" },
        "south": { "uv": [ 1.25, 7.5, 4.25, 8.75 ], "texture": "#texture" },
        "west":  { "uv": [ 11.25, 6.75, 13, 8.25 ], "texture": "#texture" },
        "east":  { "uv": [ 11.25, 6.75, 13, 8.25 ], "texture": "#texture" }
    }
},
{
    "from": [ 12.5, 15, 7 ],
    "to": [ 13, 16, 7.75 ],
    "faces": {
        "down":  { "uv": [ 7, 6.5, 9.75, 8 ], "texture": "#texture" },
        "up":    { "uv": [ 7, 6.5, 9.75, 8 ], "texture": "#texture" },
        "north": { "uv": [ 1.25, 7.5, 4.25, 8.75 ], "texture": "#texture" },
        "south": { "uv": [ 1.25, 7.5, 4.25, 8.75 ], "texture": "#texture" },
        "west":  { "uv": [ 11.25, 6.75, 13, 8.25 ], "texture": "#texture" },
        "east":  { "uv": [ 11.25, 6.75, 13, 8.25 ], "texture": "#texture" }
    }
},
{
    "from": [ 11.25, 14, 7 ],
    "to": [ 11.75, 15, 7.75 ],
    "faces": {
        "down":  { "uv": [ 7, 6.5, 9.75, 8 ], "texture": "#texture" },
        "up":    { "uv": [ 7, 6.5, 9.75, 8 ], "texture": "#texture" },
        "north": { "uv": [ 1.25, 7.5, 4.25, 8.75 ], "texture": "#texture" },
        "south": { "uv": [ 1.25, 7.5, 4.25, 8.75 ], "texture": "#texture" },
        "west":  { "uv": [ 11.25, 6.75, 13, 8.25 ], "texture": "#texture" },
        "east":  { "uv": [ 11.25, 6.75, 13, 8.25 ], "texture": "#texture" }
    }
},
{
    "from": [ 11.25, 16, 7 ],
    "to": [ 11.75, 17, 7.75 ],
    "faces": {
        "down":  { "uv": [ 7, 6.5, 9.75, 8 ], "texture": "#texture" },
        "up":    { "uv": [ 7, 6.5, 9.75, 8 ], "texture": "#texture" },
        "north": { "uv": [ 1.25, 7.5, 4.25, 8.75 ], "texture": "#texture" },
        "south": { "uv": [ 1.25, 7.5, 4.25, 8.75 ], "texture": "#texture" },
        "west":  { "uv": [ 11.25, 6.75, 13, 8.25 ], "texture": "#texture" },
        "east":  { "uv": [ 11.25, 6.75, 13, 8.25 ], "texture": "#texture" }
    }
},
{
    "from": [ 11.25, 15, 6 ],
    "to": [ 11.75, 16, 6.75 ],
    "faces": {
        "down":  { "uv": [ 7, 6.5, 9.75, 8 ], "texture": "#texture" },
        "up":    { "uv": [ 7, 6.5, 9.75, 8 ], "texture": "#texture" },
        "north": { "uv": [ 1.25, 7.5, 4.25, 8.75 ], "texture": "#texture" },
        "south": { "uv": [ 1.25, 7.5, 4.25, 8.75 ], "texture": "#texture" },
        "west":  { "uv": [ 11.25, 6.75, 13, 8.25 ], "texture": "#texture" },
        "east":  { "uv": [ 11.25, 6.75, 13, 8.25 ], "texture": "#texture" }
    }
},
{
    "from": [ 11.25, 1.25, 7 ],
    "to": [ 11.75, 2.25, 7.75 ],
    "faces": {
        "down":  { "uv": [ 7, 6.5, 9.75, 8 ], "texture": "#texture" },
        "up":    { "uv": [ 7, 6.5, 9.75, 8 ], "texture": "#texture" },
        "north": { "uv": [ 1.25, 7.5, 4.25, 8.75 ], "texture": "#texture" },
        "south": { "uv": [ 1.25, 7.5, 4.25, 8.75 ], "texture": "#texture" },
        "west":  { "uv": [ 11.25, 6.75, 13, 8.25 ], "texture": "#texture" },
        "east":  { "uv": [ 11.25, 6.75, 13, 8.25 ], "texture": "#texture" }
    }
},
{
    "from": [ 11.25, -0.75, 7 ],
    "to": [ 11.75, 0.25, 7.75 ],
    "faces": {
        "down":  { "uv": [ 7, 6.5, 9.75, 8 ], "texture": "#texture" },
        "up":    { "uv": [ 7, 6.5, 9.75, 8 ], "texture": "#texture" },
        "north": { "uv": [ 1.25, 7.5, 4.25, 8.75 ], "texture": "#texture" },
        "south": { "uv": [ 1.25, 7.5, 4.25, 8.75 ], "texture": "#texture" },
        "west":  { "uv": [ 11.25, 6.75, 13, 8.25 ], "texture": "#texture" },
        "east":  { "uv": [ 11.25, 6.75, 13, 8.25 ], "texture": "#texture" }
    }
},
{
    "from": [ 12.5, 0.25, 7 ],
    "to": [ 13, 1.25, 7.75 ],
    "faces": {
        "down":  { "uv": [ 7, 6.5, 9.75, 8 ], "texture": "#texture" },
        "up":    { "uv": [ 7, 6.5, 9.75, 8 ], "texture": "#texture" },
        "north": { "uv": [ 1.25, 7.5, 4.25, 8.75 ], "texture": "#texture" },
        "south": { "uv": [ 1.25, 7.5, 4.25, 8.75 ], "texture": "#texture" },
        "west":  { "uv": [ 11.25, 6.75, 13, 8.25 ], "texture": "#texture" },
        "east":  { "uv": [ 11.25, 6.75, 13, 8.25 ], "texture": "#texture" }
    }
},
{
    "from": [ 11.25, 0.25, 8 ],
    "to": [ 11.75, 1.25, 8.75 ],
    "faces": {
        "down":  { "uv": [ 7, 6.5, 9.75, 8 ], "texture": "#texture" },
        "up":    { "uv": [ 7, 6.5, 9.75, 8 ], "texture": "#texture" },
        "north": { "uv": [ 1.25, 7.5, 4.25, 8.75 ], "texture": "#texture" },
        "south": { "uv": [ 1.25, 7.5, 4.25, 8.75 ], "texture": "#texture" },
        "west":  { "uv": [ 11.25, 6.75, 13, 8.25 ], "texture": "#texture" },
        "east":  { "uv": [ 11.25, 6.75, 13, 8.25 ], "texture": "#texture" }
    }
},
{
    "from": [ 11.25, 0.25, 6 ],
    "to": [ 11.75, 1.25, 6.75 ],
    "faces": {
        "down":  { "uv": [ 7, 6.5, 9.75, 8 ], "texture": "#texture" },
        "up":    { "uv": [ 7, 6.5, 9.75, 8 ], "texture": "#texture" },
        "north": { "uv": [ 1.25, 7.5, 4.25, 8.75 ], "texture": "#texture" },
        "south": { "uv": [ 1.25, 7.5, 4.25, 8.75 ], "texture": "#texture" },
        "west":  { "uv": [ 11.25, 6.75, 13, 8.25 ], "texture": "#texture" },
        "east":  { "uv": [ 11.25, 6.75, 13, 8.25 ], "texture": "#texture" }
    }
},
{
    "from": [ 3.5, 10.25, 7.375 ],
    "to": [ 10, 16, 7.4375 ],
    "faces": {
        "down":  { "uv": [ 1.5, 1.5, 4.75, 4.5 ], "texture": "#thunderbolt" },
        "up":    { "uv": [ 1.5, 1.5, 4.75, 4.5 ], "texture": "#thunderbolt" },
        "north": { "uv": [ 2.25, 1.5, 15, 14.75 ], "texture": "#thunderbolt" },
        "south": { "uv": [ 15, 1.5, 2.25, 14.75 ], "texture": "#thunderbolt" },
        "west":  { "uv": [ 2.5, 2, 5, 4.25 ], "texture": "#thunderbolt" },
        "east":  { "uv": [ 2.5, 2, 5, 4.25 ], "texture": "#thunderbolt" }
    }
},
{
    "from": [ 4.25, 10.75, 7.375 ],
    "to": [ 10.75, 16.5, 7.4375 ],
    "faces": {
        "down":  { "uv": [ 1.5, 1.5, 4.75, 4.5 ], "texture": "#thunderbolt" },
        "up":    { "uv": [ 1.5, 1.5, 4.75, 4.5 ], "texture": "#thunderbolt" },
        "north": { "uv": [ 2.25, 1.5, 15, 14.75 ], "texture": "#thunderbolt" },
        "south": { "uv": [ 15, 1.5, 2.25, 14.75 ], "texture": "#thunderbolt" },
        "west":  { "uv": [ 2.5, 2, 5, 4.25 ], "texture": "#thunderbolt" },
        "east":  { "uv": [ 2.5, 2, 5, 4.25 ], "texture": "#thunderbolt" }
    }
},
{
    "from": [ 5, 11.5, 7.375 ],
    "to": [ 11.5, 17.25, 7.4375 ],
    "faces": {
        "down":  { "uv": [ 1.5, 1.5, 4.75, 4.5 ], "texture": "#thunderbolt" },
        "up":    { "uv": [ 1.5, 1.5, 4.75, 4.5 ], "texture": "#thunderbolt" },
        "north": { "uv": [ 2.25, 1.5, 15, 14.75 ], "texture": "#thunderbolt" },
        "south": { "uv": [ 15, 1.5, 2.25, 14.75 ], "texture": "#thunderbolt" },
        "west":  { "uv": [ 2.5, 2, 5, 4.25 ], "texture": "#thunderbolt" },
        "east":  { "uv": [ 2.5, 2, 5, 4.25 ], "texture": "#thunderbolt" }
    }
},
{
    "from": [ 5.75, 12.25, 7.375 ],
    "to": [ 12.25, 18, 7.4375 ],
    "faces": {
        "down":  { "uv": [ 1.5, 1.5, 4.75, 4.5 ], "texture": "#thunderbolt" },
        "up":    { "uv": [ 1.5, 1.5, 4.75, 4.5 ], "texture": "#thunderbolt" },
        "north": { "uv": [ 2.25, 1.5, 15, 14.75 ], "texture": "#thunderbolt" },
        "south": { "uv": [ 15, 1.5, 2.25, 14.75 ], "texture": "#thunderbolt" },
        "west":  { "uv": [ 2.5, 2, 5, 4.25 ], "texture": "#thunderbolt" },
        "east":  { "uv": [ 2.5, 2, 5, 4.25 ], "texture": "#thunderbolt" }
    }
},
{
    "from": [ 6.75, 12.5, 7.375 ],
    "to": [ 13.25, 18.25, 7.4375 ],
    "faces": {
        "down":  { "uv": [ 1.5, 1.5, 4.75, 4.5 ], "texture": "#thunderbolt" },
        "up":    { "uv": [ 1.5, 1.5, 4.75, 4.5 ], "texture": "#thunderbolt" },
        "north": { "uv": [ 2.25, 1.5, 15, 14.75 ], "texture": "#thunderbolt" },
        "south": { "uv": [ 15, 1.5, 2.25, 14.75 ], "texture": "#thunderbolt" },
        "west":  { "uv": [ 2.5, 2, 5, 4.25 ], "texture": "#thunderbolt" },
        "east":  { "uv": [ 2.5, 2, 5, 4.25 ], "texture": "#thunderbolt" }
    }
},
{
    "from": [ 3.75, -0.25, 7.375 ],
    "to": [ 10.25, 5.5, 7.4375 ],
    "faces": {
        "down":  { "uv": [ 1.5, 1.5, 4.75, 4.5 ], "texture": "#thunderbolt" },
        "up":    { "uv": [ 1.5, 1.5, 4.75, 4.5 ], "texture": "#thunderbolt" },
        "north": { "uv": [ 2.25, 1.5, 15, 14.75 ], "texture": "#thunderbolt" },
        "south": { "uv": [ 15, 1.5, 2.25, 14.75 ], "texture": "#thunderbolt" },
        "west":  { "uv": [ 2.5, 2, 5, 4.25 ], "texture": "#thunderbolt" },
        "east":  { "uv": [ 2.5, 2, 5, 4.25 ], "texture": "#thunderbolt" }
    }
},
{
    "from": [ 4.5, -0.75, 7.375 ],
    "to": [ 11, 5, 7.4375 ],
    "faces": {
        "down":  { "uv": [ 1.5, 1.5, 4.75, 4.5 ], "texture": "#thunderbolt" },
        "up":    { "uv": [ 1.5, 1.5, 4.75, 4.5 ], "texture": "#thunderbolt" },
        "north": { "uv": [ 2.25, 1.5, 15, 14.75 ], "texture": "#thunderbolt" },
        "south": { "uv": [ 15, 1.5, 2.25, 14.75 ], "texture": "#thunderbolt" },
        "west":  { "uv": [ 2.5, 2, 5, 4.25 ], "texture": "#thunderbolt" },
        "east":  { "uv": [ 2.5, 2, 5, 4.25 ], "texture": "#thunderbolt" }
    }
},
{
    "from": [ 5.5, -1.5, 7.375 ],
    "to": [ 12, 4.25, 7.4375 ],
    "faces": {
        "down":  { "uv": [ 1.5, 1.5, 4.75, 4.5 ], "texture": "#thunderbolt" },
        "up":    { "uv": [ 1.5, 1.5, 4.75, 4.5 ], "texture": "#thunderbolt" },
        "north": { "uv": [ 2.25, 1.5, 15, 14.75 ], "texture": "#thunderbolt" },
        "south": { "uv": [ 15, 1.5, 2.25, 14.75 ], "texture": "#thunderbolt" },
        "west":  { "uv": [ 2.5, 2, 5, 4.25 ], "texture": "#thunderbolt" },
        "east":  { "uv": [ 2.5, 2, 5, 4.25 ], "texture": "#thunderbolt" }
    }
},
{
    "from": [ 6.5, -2.25, 7.375 ],
    "to": [ 13, 3.5, 7.4375 ],
    "faces": {
        "down":  { "uv": [ 1.5, 1.5, 4.75, 4.5 ], "texture": "#thunderbolt" },
        "up":    { "uv": [ 1.5, 1.5, 4.75, 4.5 ], "texture": "#thunderbolt" },
        "north": { "uv": [ 2.25, 1.5, 15, 14.75 ], "texture": "#thunderbolt" },
        "south": { "uv": [ 15, 1.5, 2.25, 14.75 ], "texture": "#thunderbolt" },
        "west":  { "uv": [ 2.5, 2, 5, 4.25 ], "texture": "#thunderbolt" },
        "east":  { "uv": [ 2.5, 2, 5, 4.25 ], "texture": "#thunderbolt" }
    }
},
{
    "from": [ 9, 9.25, 7.25 ],
    "to": [ 14, 14.5, 7.5 ],
    "faces": {
        "down":  { "uv": [ 0, 0, 4, 2.25 ], "rotation": 90, "texture": "#thunderbolt_string" },
        "up":    { "uv": [ 0, 0, 0.75, 1.75 ], "rotation": 180, "texture": "#thunderbolt_string" },
        "north": { "uv": [ 0, 0, 15.25, 15.5 ], "rotation": 90, "texture": "#thunderbolt_string" },
        "south": { "uv": [ 15.75, 0, 0, 15.5 ], "rotation": 90, "texture": "#thunderbolt_string" },
        "west":  { "uv": [ 0, 0, 4.5, 4.25 ], "rotation": 90, "texture": "#thunderbolt_string" },
        "east":  { "uv": [ 0, 0, 3.75, 5.5 ], "rotation": 90, "texture": "#thunderbolt_string" }
    }
},
{
    "from": [ 9, 6.75, 7.25 ],
    "to": [ 14, 12, 7.5 ],
    "faces": {
        "down":  { "uv": [ 0, 0, 4, 2.25 ], "rotation": 90, "texture": "#thunderbolt_string" },
        "up":    { "uv": [ 0, 0, 0.75, 1.75 ], "rotation": 180, "texture": "#thunderbolt_string" },
        "north": { "uv": [ 0, 0, 15.25, 15.5 ], "rotation": 90, "texture": "#thunderbolt_string" },
        "south": { "uv": [ 15.75, 0, 0, 15.5 ], "rotation": 90, "texture": "#thunderbolt_string" },
        "west":  { "uv": [ 0, 0, 4.5, 4.25 ], "rotation": 90, "texture": "#thunderbolt_string" },
        "east":  { "uv": [ 0, 0, 3.75, 5.5 ], "rotation": 90, "texture": "#thunderbolt_string" }
    }
},
{
    "from": [ 9, 4.5, 7.25 ],
    "to": [ 14, 9.25, 7.5 ],
    "faces": {
        "down":  { "uv": [ 0, 0, 4, 2.25 ], "rotation": 90, "texture": "#thunderbolt_string" },
        "up":    { "uv": [ 0, 0, 0.75, 1.75 ], "rotation": 180, "texture": "#thunderbolt_string" },
        "north": { "uv": [ 0, 0, 15.25, 15.5 ], "rotation": 90, "texture": "#thunderbolt_string" },
        "south": { "uv": [ 15.75, 0, 0, 15.5 ], "rotation": 90, "texture": "#thunderbolt_string" },
        "west":  { "uv": [ 0, 0, 4.5, 4.25 ], "rotation": 90, "texture": "#thunderbolt_string" },
        "east":  { "uv": [ 0, 0, 3.75, 5.5 ], "rotation": 90, "texture": "#thunderbolt_string" }
    }
},
{
    "from": [ 9, 1.75, 7.25 ],
    "to": [ 14, 6.5, 7.5 ],
    "faces": {
        "down":  { "uv": [ 0, 0, 4, 2.25 ], "rotation": 90, "texture": "#thunderbolt_string" },
        "up":    { "uv": [ 0, 0, 0.75, 1.75 ], "rotation": 180, "texture": "#thunderbolt_string" },
        "north": { "uv": [ 0, 0, 15.25, 15.5 ], "rotation": 90, "texture": "#thunderbolt_string" },
        "south": { "uv": [ 15.75, 0, 0, 15.5 ], "rotation": 90, "texture": "#thunderbolt_string" },
        "west":  { "uv": [ 0, 0, 4.5, 4.25 ], "rotation": 90, "texture": "#thunderbolt_string" },
        "east":  { "uv": [ 0, 0, 3.75, 5.5 ], "rotation": 90, "texture": "#thunderbolt_string" }
    }
}
],
"display": {
    "thirdperson_righthand": {
        "rotation": [ 0, -90, 0 ],
        "translation": [ -1.37, -2.5, 4 ],
        "scale": [ 1.75, 1.75, 1.75 ]
    },
    "thirdperson_lefthand": {
        "rotation": [ 0, 90, 0 ],
        "translation": [ -1.37, -2.5, 4 ],
        "scale": [ 1.75, 1.75, 1.75 ]
    },
    "ground": {
        "rotation": [ 0, 0, 0 ],
        "translation": [ 0, 4, 0 ],
        "scale": [ 0.5, 0.5, 0.5 ]
    },
    "fixed": {
        "rotation": [ 0, 0, 0 ],
        "translation": [ 0, 0, 0 ],
        "scale": [ 1, 1, 1 ]
    },
    "firstperson_righthand": {
        "rotation": [ 28, -80, 26 ],
        "translation": [ -1, 6, 0 ],
        "scale": [ 1, 1, 1 ]
    },
    "firstperson_lefthand": {
        "rotation": [ -26, 94, 28 ],
        "translation": [ 0, 6, 0 ],
        "scale": [ 1, 1, 1 ]
    },
    "gui": {
        "rotation": [ 0, 0, -45 ],
        "translation": [ -1, 1.5, 0 ],
        "scale": [ 1.25, 1.25, 1.25 ]
    }
}
}