{"__comment":"Designed by Hypixel minecraft server with BDcraft Cubik PRO 0.90 Beta - http://bdcraft.net",
"textures":{"cooked_beef":"3d/cooked_beef",
"cooked_beef_1":"3d/cooked_beef_2"},"elements":[{"__comment":"Handle","from":[5.5,1,7.5],"to":[11,3,8.5],"faces":{"down":{"uv":[9,15,14.5,15.5],"texture":"#cooked_beef"},"up":{"uv":[14.5,13.5,9,14],"rotation":180,"texture":"#cooked_beef"},"north":{"uv":[14.5,13.5,9,15.5],"texture":"#cooked_beef"},"south":{"uv":[9,13.5,14.5,15.5],"texture":"#cooked_beef"}}},{"__comment":"Handle","from":[5.5,1.5,7.25],"to":[10,2.5,8.75],"faces":{"down":{"uv":[9,14.5,13.5,15],"texture":"#cooked_beef"},"up":{"uv":[13.5,14,9,14.5],"rotation":180,"texture":"#cooked_beef"},"north":{"uv":[13.5,14,9,15],"texture":"#cooked_beef"},"south":{"uv":[9,14,13.5,15],"texture":"#cooked_beef"}}},{"__comment":"Handle","from":[10,1.5,7.25],"to":[11,3,8.75],"faces":{"down":{"uv":[13.5,14.5,14.5,15],"texture":"#cooked_beef"},"up":{"uv":[13.5,13.5,14.5,14],"texture":"#cooked_beef"},"north":{"uv":[14.5,13.5,13.5,15],"texture":"#cooked_beef"},"south":{"uv":[13.5,13.5,14.5,15],"texture":"#cooked_beef"},"west":{"uv":[13.5,13.5,14,15],"texture":"#cooked_beef"}}},{"__comment":"Handle","from":[9.5,3,7.5],"to":[11,3.5,8.5],"faces":{"up":{"uv":[13,13,14.5,13.5],"texture":"#cooked_beef"},"north":{"uv":[14.5,13,13,13.5],"texture":"#cooked_beef"},"south":{"uv":[13,13,14.5,13.5],"texture":"#cooked_beef"},"west":{"uv":[13,13,13.5,13.5],"texture":"#cooked_beef"}}},{"__comment":"Handle","from":[11,0.5,7.5],"to":[12,5,8.5],"faces":{"down":{"uv":[14.5,15.5,15.5,16],"texture":"#cooked_beef"},"up":{"uv":[14.5,11.5,15.5,12],"texture":"#cooked_beef"},"north":{"uv":[15.5,11.5,14.5,16],"texture":"#cooked_beef"},"south":{"uv":[14.5,11.5,15.5,16],"texture":"#cooked_beef"},"west":{"uv":[14.5,11.5,15,16],"texture":"#cooked_beef"},"east":{"uv":[15,11.5,15.5,16],"texture":"#cooked_beef"}}},{"__comment":"Handle","from":[10.5,3.5,7.5],"to":[11,4.5,8.5],"faces":{"up":{"uv":[14,12,14.5,13],"texture":"#cooked_beef"},"north":{"uv":[14,12,14.5,13],"texture":"#cooked_beef"},"south":{"uv":[14,12,14.5,13],"texture":"#cooked_beef"},"west":{"uv":[14,12,14.5,13],"texture":"#cooked_beef"}}},{"__comment":"Handle","from":[11.5,5,7.5],"to":[12,5.5,8.5],"faces":{"up":{"uv":[15,11,15.5,11.5],"texture":"#cooked_beef"},"north":{"uv":[15,11,15.5,11.5],"texture":"#cooked_beef"},"south":{"uv":[15,11,15.5,11.5],"texture":"#cooked_beef"},"west":{"uv":[14.5,11.5,15.5,12],"texture":"#cooked_beef"},"east":{"uv":[14.5,11.5,15.5,12],"texture":"#cooked_beef"}}},{"__comment":"Handle","from":[12,1,7.5],"to":[12.5,5,8.5],"faces":{"down":{"uv":[15.5,15,16,15.5],"texture":"#cooked_beef"},"up":{"uv":[15.5,11.5,16,12],"texture":"#cooked_beef"},"north":{"uv":[15.5,11.5,16,15.5],"texture":"#cooked_beef"},"south":{"uv":[15.5,11.5,16,15.5],"texture":"#cooked_beef"},"east":{"uv":[14.5,11.5,15,15.5],"texture":"#cooked_beef"}}},{"__comment":"Handle","from":[11,1,7.25],"to":[12,4.5,8.75],"faces":{"down":{"uv":[14.5,15,15.5,15.5],"texture":"#cooked_beef"},"up":{"uv":[14.5,12,15.5,12.5],"texture":"#cooked_beef"},"north":{"uv":[15.5,12,14.5,15.5],"texture":"#cooked_beef"},"south":{"uv":[14.5,12,15.5,15.5],"texture":"#cooked_beef"},"west":{"uv":[14.5,12,15,15.5],"texture":"#cooked_beef"},"east":{"uv":[15,12,15.5,15.5],"texture":"#cooked_beef"}}},{"__comment":"Handle","from":[11.5,4.5,7.25],"to":[12,5,8.75],"faces":{"up":{"uv":[15,11.5,15.5,12],"texture":"#cooked_beef"},"north":{"uv":[15,11.5,15.5,12],"texture":"#cooked_beef"},"south":{"uv":[15,11.5,15.5,12],"texture":"#cooked_beef"},"west":{"uv":[15,11.5,15.5,12],"texture":"#cooked_beef"},"east":{"uv":[15,11.5,15.5,12],"texture":"#cooked_beef"}}},{"__comment":"Handle","from":[12,1.5,7.25],"to":[12.5,4,8.75],"faces":{"down":{"uv":[15.5,12.5,16,13],"texture":"#cooked_beef"},"up":{"uv":[15.5,12.5,16,13],"texture":"#cooked_beef"},"north":{"uv":[15.5,12.5,16,15],"texture":"#cooked_beef"},"south":{"uv":[15.5,12.5,16,15],"texture":"#cooked_beef"},"east":{"uv":[15,11.5,15.5,14],"texture":"#cooked_beef"}}},{"__comment":"Handle","from":[11,1.5,7],"to":[12,3.5,9],"faces":{"down":{"uv":[14.5,14.5,15.5,15],"texture":"#cooked_beef"},"up":{"uv":[14.5,13,15.5,13.5],"texture":"#cooked_beef"},"north":{"uv":[14.5,13,15.5,15],"texture":"#cooked_beef"},"south":{"uv":[14.5,13,15.5,15],"texture":"#cooked_beef"},"west":{"uv":[14.5,13,15,15],"texture":"#cooked_beef"},"east":{"uv":[15,13,15.5,15],"texture":"#cooked_beef"}}},{"__comment":"Handle","from":[10.5,1.5,7],"to":[11,3,9],"faces":{"down":{"uv":[14,14.5,14.5,15],"texture":"#cooked_beef"},"up":{"uv":[14,13.5,14.5,14],"texture":"#cooked_beef"},"north":{"uv":[14,13.5,14.5,15],"texture":"#cooked_beef"},"south":{"uv":[14,13.5,14.5,15],"texture":"#cooked_beef"},"west":{"uv":[14,13.5,14.5,15],"texture":"#cooked_beef"}}},{"__comment":"Handle","from":[10,1.5,7],"to":[10.5,2.5,9],"faces":{"down":{"uv":[13.5,14.5,14,15],"texture":"#cooked_beef"},"up":{"uv":[13.5,14,14,14.5],"texture":"#cooked_beef"},"north":{"uv":[13.5,14,14,15],"texture":"#cooked_beef"},"south":{"uv":[13.5,14,14,15],"texture":"#cooked_beef"},"west":{"uv":[13.5,14,14,15],"texture":"#cooked_beef"}}},{"__comment":"Handle","from":[10.5,3,7.25],"to":[11,3.5,8.75],"faces":{"up":{"uv":[14,13,14.5,13.5],"texture":"#cooked_beef"},"north":{"uv":[14,13,14.5,13.5],"texture":"#cooked_beef"},"south":{"uv":[14,13,14.5,13.5],"texture":"#cooked_beef"},"west":{"uv":[14,13,14.5,13.5],"texture":"#cooked_beef"}}},{"__comment":"Handle*","from":[12.25,1.5,7.5],"to":[12.75,4,8.5],"faces":{"down":{"uv":[14.5,13.5,15,14.5],"texture":"#cooked_beef"},"up":{"uv":[15,11.5,15.5,12.5],"texture":"#cooked_beef"},"north":{"uv":[15,12,15.5,14.5],"texture":"#cooked_beef"},"south":{"uv":[14.5,12,15,14.5],"texture":"#cooked_beef"},"west":{"uv":[14.5,12,15.5,14.5],"texture":"#cooked_beef"},"east":{"uv":[14.5,12,15.5,14.5],"texture":"#cooked_beef"}}},{"__comment":"Bottemblade","from":[5,1,7.25],"to":[5.5,3,8.75],"faces":{"down":{"uv":[15.5,1.5,16,3],"texture":"#cooked_beef"},"up":{"uv":[15.5,1.5,16,3],"texture":"#cooked_beef"},"north":{"uv":[15.5,2.5,16,4.5],"texture":"#cooked_beef"},"south":{"uv":[15.5,2.5,16,4.5],"texture":"#cooked_beef"},"west":{"uv":[15.5,2.5,16,4.5],"texture":"#cooked_beef"},"east":{"uv":[15.5,2.5,16,4.5],"texture":"#cooked_beef"}}},{"__comment":"Bottemblade","from":[4.5,1.5,7.25],"to":[5,3.5,8.75],"faces":{"north":{"uv":[15,2,15.5,4],"texture":"#cooked_beef"},"south":{"uv":[15,2,15.5,4],"texture":"#cooked_beef"},"east":{"uv":[15,2,15.5,4],"texture":"#cooked_beef"}}},{"__comment":"Bottemblade","from":[5,3,7.5],"to":[5.5,4.5,8.5],"faces":{"north":{"uv":[15.5,1,16,2.5],"texture":"#cooked_beef"},"south":{"uv":[15.5,1,16,2.5],"texture":"#cooked_beef"},"west":{"uv":[15.5,1,16,2.5],"texture":"#cooked_beef"},"east":{"uv":[15.5,1,16,2.5],"texture":"#cooked_beef"}}},{"__comment":"Bottemblade","from":[4.5,3.5,7],"to":[5,4.5,9],"faces":{"down":{"uv":[14.5,2,15,4],"texture":"#cooked_beef"},"north":{"uv":[15,1,15.5,2],"texture":"#cooked_beef"},"south":{"uv":[15,1,15.5,2],"texture":"#cooked_beef"},"east":{"uv":[15,1,15.5,2],"texture":"#cooked_beef"}}},{"__comment":"Bottemblade","from":[4,0.5,7],"to":[4.5,3.5,9],"faces":{"down":{"uv":[14.5,2.5,15,3.5],"texture":"#cooked_beef"},"north":{"uv":[14.5,2,15,5],"texture":"#cooked_beef"},"south":{"uv":[14.5,2,15,5],"texture":"#cooked_beef"},"east":{"uv":[14.5,2,15,5],"texture":"#cooked_beef"}}},{"__comment":"Bottemblade","from":[4.5,1,7],"to":[5,1.5,9],"faces":{"down":{"uv":[14.5,3.5,15,4.5],"texture":"#cooked_beef"},"up":{"uv":[14.5,3.5,15,4.5],"texture":"#cooked_beef"},"north":{"uv":[15,4,15.5,4.5],"texture":"#cooked_beef"},"south":{"uv":[15,4,15.5,4.5],"texture":"#cooked_beef"},"east":{"uv":[14.5,4,15.5,4.5],"texture":"#cooked_beef"}}},{"__comment":"Bottemblade","from":[3.5,0.5,6.75],"to":[4,4,9.25],"faces":{"down":{"uv":[14,4.5,14.5,5],"texture":"#cooked_beef"},"up":{"uv":[14,1.5,14.5,2],"texture":"#cooked_beef"},"north":{"uv":[14,1.5,14.5,5],"texture":"#cooked_beef"},"south":{"uv":[14,1.5,14.5,5],"texture":"#cooked_beef"},"west":{"uv":[14,1.5,14.5,5],"texture":"#cooked_beef"},"east":{"uv":[14,1.5,14.5,5],"texture":"#cooked_beef"}}},{"__comment":"Bottemblade","from":[3,1,6.75],"to":[3.5,3,9.25],"faces":{"down":{"uv":[13.5,4,14,4.5],"texture":"#cooked_beef"},"up":{"uv":[13.5,2.5,14,3],"texture":"#cooked_beef"},"north":{"uv":[13.5,2.5,14,4.5],"texture":"#cooked_beef"},"south":{"uv":[13.5,2.5,14,4.5],"texture":"#cooked_beef"},"west":{"uv":[13.5,2.5,14,4.5],"texture":"#cooked_beef"}}},{"__comment":"Bottemblade","from":[4,3.5,6.75],"to":[4.5,5,9.25],"faces":{"down":{"uv":[14.5,1.5,15,2],"texture":"#cooked_beef"},"up":{"uv":[14.5,0.5,15,1],"texture":"#cooked_beef"},"north":{"uv":[14.5,0.5,15,2],"texture":"#cooked_beef"},"south":{"uv":[14.5,0.5,15,2],"texture":"#cooked_beef"},"west":{"uv":[14.5,0.5,15,2],"texture":"#cooked_beef"},"east":{"uv":[14.5,0.5,15,2],"texture":"#cooked_beef"}}},{"__comment":"Bottemblade","from":[4.5,4.5,7],"to":[5.5,5.5,9],"faces":{"down":{"uv":[15,0.5,16,1],"texture":"#cooked_beef"},"north":{"uv":[16,0,15,1],"texture":"#cooked_beef"},"south":{"uv":[15,0,16,1],"texture":"#cooked_beef"},"west":{"uv":[15,0,15.5,1],"texture":"#cooked_beef"},"east":{"uv":[15.5,0,16,1],"texture":"#cooked_beef"}}},{"__comment":"Bottemblade","from":[3.5,5,7],"to":[4.5,5.5,9],"faces":{"down":{"uv":[13,1.5,13.5,3.5],"texture":"#cooked_beef"},"up":{"uv":[13,1.5,13.5,3.5],"texture":"#cooked_beef"},"north":{"uv":[14,0,15,0.5],"texture":"#cooked_beef"},"south":{"uv":[14,0,15,0.5],"texture":"#cooked_beef"},"west":{"uv":[14,0,14.5,0.5],"texture":"#cooked_beef"}}},{"__comment":"Bottemblade","from":[3.5,4,7],"to":[4,5,9],"faces":{"north":{"uv":[14,0.5,14.5,1.5],"texture":"#cooked_beef"},"south":{"uv":[14,0.5,14.5,1.5],"texture":"#cooked_beef"},"west":{"uv":[14,0.5,14.5,1.5],"texture":"#cooked_beef"}}},{"__comment":"Bottemblade","from":[3,3,7],"to":[3.5,4.5,9],"faces":{"up":{"uv":[13,2,13.5,4],"texture":"#cooked_beef"},"north":{"uv":[13.5,1,14,2.5],"texture":"#cooked_beef"},"south":{"uv":[13.5,1,14,2.5],"texture":"#cooked_beef"},"west":{"uv":[13.5,1,14,2.5],"texture":"#cooked_beef"},"east":{"uv":[13.5,1,14,2.5],"texture":"#cooked_beef"}}},{"__comment":"Bottemblade","from":[2.5,1,7],"to":[3,4,9],"faces":{"down":{"uv":[13,1.5,13.5,3.5],"texture":"#cooked_beef"},"up":{"uv":[13,1.5,13.5,3.5],"texture":"#cooked_beef"},"north":{"uv":[13,1.5,13.5,4.5],"texture":"#cooked_beef"},"south":{"uv":[13,1.5,13.5,4.5],"texture":"#cooked_beef"},"west":{"uv":[13,1.5,13.5,4.5],"texture":"#cooked_beef"},"east":{"uv":[13,1.5,13.5,4.5],"texture":"#cooked_beef"}}},{"__comment":"Bottemblade","from":[3,0.5,7],"to":[3.5,1,9],"faces":{"down":{"uv":[13,2,13.5,4],"texture":"#cooked_beef"},"north":{"uv":[13.5,4.5,14,5],"texture":"#cooked_beef"},"south":{"uv":[13.5,4.5,14,5],"texture":"#cooked_beef"},"west":{"uv":[13.5,4.5,14,5],"texture":"#cooked_beef"}}},{"__comment":"Bottemblade","from":[3.5,0,7],"to":[4,0.5,9],"faces":{"down":{"uv":[13,2,13.5,4],"texture":"#cooked_beef","cullface":"down"},"north":{"uv":[14,5,14.5,5.5],"texture":"#cooked_beef"},"south":{"uv":[14,5,14.5,5.5],"texture":"#cooked_beef"},"west":{"uv":[14,5,14.5,5.5],"texture":"#cooked_beef"},"east":{"uv":[14,5,14.5,5.5],"texture":"#cooked_beef"}}},{"__comment":"Bottemblade","from":[2,0.5,7.25],"to":[2.5,4,8.75],"faces":{"down":{"uv":[12.5,1.5,13,3],"texture":"#cooked_beef"},"up":{"uv":[12.5,1.5,13,3],"texture":"#cooked_beef"},"north":{"uv":[12.5,1.5,13,5],"texture":"#cooked_beef"},"south":{"uv":[12.5,1.5,13,5],"texture":"#cooked_beef"},"west":{"uv":[12.5,1.5,13,5],"texture":"#cooked_beef"},"east":{"uv":[12.5,1.5,13,5],"texture":"#cooked_beef"}}},{"__comment":"Bottemblade","from":[2.5,0,7.25],"to":[3,1,8.75],"faces":{"down":{"uv":[12.5,3,13,4.5],"texture":"#cooked_beef","cullface":"down"},"north":{"uv":[13,4.5,13.5,5.5],"texture":"#cooked_beef"},"south":{"uv":[13,4.5,13.5,5.5],"texture":"#cooked_beef"},"west":{"uv":[13,4.5,13.5,5.5],"texture":"#cooked_beef"},"east":{"uv":[13,4.5,13.5,5.5],"texture":"#cooked_beef"}}},{"__comment":"Bottemblade","from":[3,-1,7.25],"to":[3.5,0.5,8.75],"faces":{"down":{"uv":[13.5,6,14,6.5],"texture":"#cooked_beef","cullface":"down"},"north":{"uv":[13.5,5,14,6.5],"texture":"#cooked_beef","cullface":"down"},"south":{"uv":[13.5,5,14,6.5],"texture":"#cooked_beef","cullface":"down"},"west":{"uv":[13.5,5,14,6.5],"texture":"#cooked_beef","cullface":"down"},"east":{"uv":[13.5,5,14,6.5],"texture":"#cooked_beef","cullface":"down"}}},{"__comment":"Bottemblade","from":[3.5,-1,7.25],"to":[4,0,8.75],"faces":{"down":{"uv":[14,6,14.5,6.5],"texture":"#cooked_beef","cullface":"down"},"north":{"uv":[14,5.5,14.5,6.5],"texture":"#cooked_beef","cullface":"down"},"south":{"uv":[14,5.5,14.5,6.5],"texture":"#cooked_beef","cullface":"down"},"east":{"uv":[14,5.5,14.5,6.5],"texture":"#cooked_beef","cullface":"down"}}},{"__comment":"Bottemblade","from":[1,4.5,7.75],"to":[3.5,5.5,8.25],"faces":{"down":{"uv":[11.5,0.5,14,1],"texture":"#cooked_beef"},"up":{"uv":[11.5,0,14,0.5],"texture":"#cooked_beef"},"north":{"uv":[14,0,11.5,1],"texture":"#cooked_beef"},"south":{"uv":[11.5,0,14,1],"texture":"#cooked_beef"},"west":{"uv":[11.5,0,12,1],"texture":"#cooked_beef"},"east":{"uv":[13.5,0,14,1],"texture":"#cooked_beef"}}},{"__comment":"Bottemblade","from":[1,4,7.75],"to":[3,4.5,8.25],"faces":{"down":{"uv":[11.5,1,13.5,1.5],"texture":"#cooked_beef"},"north":{"uv":[13.5,1,11.5,1.5],"texture":"#cooked_beef"},"south":{"uv":[11.5,1,13.5,1.5],"texture":"#cooked_beef"},"west":{"uv":[11.5,1,12,1.5],"texture":"#cooked_beef"}}},{"__comment":"Bottemblade","from":[1,1.5,7.75],"to":[2,4,8.25],"faces":{"down":{"uv":[11.5,3.5,12.5,4],"texture":"#cooked_beef"},"north":{"uv":[12.5,1.5,11.5,4],"texture":"#cooked_beef"},"south":{"uv":[11.5,1.5,12.5,4],"texture":"#cooked_beef"},"west":{"uv":[11.5,1.5,12,4],"texture":"#cooked_beef"}}},{"__comment":"Bottemblade","from":[1.5,-0.5,7.75],"to":[2,1.5,8.25],"faces":{"down":{"uv":[12,5.5,12.5,6],"texture":"#cooked_beef","cullface":"down"},"north":{"uv":[12,4,12.5,6],"texture":"#cooked_beef","cullface":"down"},"south":{"uv":[12,4,12.5,6],"texture":"#cooked_beef","cullface":"down"},"west":{"uv":[12,4,12.5,6],"texture":"#cooked_beef","cullface":"down"},"east":{"uv":[12,4,12.5,6],"texture":"#cooked_beef","cullface":"down"}}},{"__comment":"Bottemblade","from":[2,-2,7.75],"to":[2.5,0.5,8.25],"faces":{"down":{"uv":[12.5,7,13,7.5],"texture":"#cooked_beef","cullface":"down"},"north":{"uv":[12.5,5,13,7.5],"texture":"#cooked_beef","cullface":"down"},"south":{"uv":[12.5,5,13,7.5],"texture":"#cooked_beef","cullface":"down"},"west":{"uv":[12.5,5,13,7.5],"texture":"#cooked_beef","cullface":"down"},"east":{"uv":[12.5,5,13,7.5],"texture":"#cooked_beef","cullface":"down"}}},{"__comment":"Bottemblade","from":[2.5,-3,7.75],"to":[3,0,8.25],"faces":{"down":{"uv":[13,8,13.5,8.5],"texture":"#cooked_beef","cullface":"down"},"north":{"uv":[13,5.5,13.5,8.5],"texture":"#cooked_beef","cullface":"down"},"south":{"uv":[13,5.5,13.5,8.5],"texture":"#cooked_beef","cullface":"down"},"west":{"uv":[13,5.5,13.5,8.5],"texture":"#cooked_beef","cullface":"down"},"east":{"uv":[13,5.5,13.5,8.5],"texture":"#cooked_beef","cullface":"down"}}},{"__comment":"Bottemblade","from":[3,-3.5,7.75],"to":[3.5,-1,8.25],"faces":{"down":{"uv":[13.5,8.5,14,9],"texture":"#cooked_beef","cullface":"down"},"north":{"uv":[13.5,6.5,14,9],"texture":"#cooked_beef","cullface":"down"},"south":{"uv":[13.5,6.5,14,9],"texture":"#cooked_beef","cullface":"down"},"west":{"uv":[13.5,6.5,14,9],"texture":"#cooked_beef","cullface":"down"}}},{"__comment":"Bottemblade","from":[3.5,-4,7.75],"to":[4,-1,8.25],"faces":{"down":{"uv":[14,9,14.5,9.5],"texture":"#cooked_beef","cullface":"down"},"north":{"uv":[14,6.5,14.5,9.5],"texture":"#cooked_beef","cullface":"down"},"south":{"uv":[14,6.5,14.5,9.5],"texture":"#cooked_beef","cullface":"down"},"west":{"uv":[14,6.5,14.5,9.5],"texture":"#cooked_beef","cullface":"down"},"east":{"uv":[14,6.5,14.5,9.5],"texture":"#cooked_beef","cullface":"down"}}},{"__comment":"Bottemblade*","from":[3.5,-1.5,7.5],"to":[4,-1,8.5],"faces":{"down":{"uv":[14,6.5,14.5,7],"texture":"#cooked_beef","cullface":"down"},"north":{"uv":[14,6.5,14.5,7],"texture":"#cooked_beef","cullface":"down"},"south":{"uv":[14,6.5,14.5,7],"texture":"#cooked_beef","cullface":"down"},"west":{"uv":[14,6.5,14.5,7],"texture":"#cooked_beef","cullface":"down"},"east":{"uv":[14,6.5,14.5,7],"texture":"#cooked_beef","cullface":"down"}}},{"__comment":"Bottemblade*","from":[4,-0.5,7.5],"to":[4.5,0.5,8.5],"faces":{"down":{"uv":[14,5.5,14.5,6],"texture":"#cooked_beef","cullface":"down"},"north":{"uv":[14,5,14.5,6],"texture":"#cooked_beef","cullface":"down"},"south":{"uv":[14,5,14.5,6],"texture":"#cooked_beef","cullface":"down"},"west":{"uv":[14,5,14.5,6],"texture":"#cooked_beef","cullface":"down"},"east":{"uv":[14,5,14.5,6],"texture":"#cooked_beef","cullface":"down"}}},{"__comment":"Middlebones","from":[1.5,5.5,7.75],"to":[3.5,6,8.25],"faces":{"up":{"uv":[7,6.5,9,7],"texture":"#cooked_beef"},"north":{"uv":[9,6.5,7,7],"texture":"#cooked_beef"},"south":{"uv":[7,6.5,9,7],"texture":"#cooked_beef"},"west":{"uv":[7,6.5,7.5,7],"texture":"#cooked_beef"}}},{"__comment":"Middlebones","from":[1.5,6,7.75],"to":[3,7.5,8.25],"faces":{"up":{"uv":[7,5,8.5,5.5],"texture":"#cooked_beef"},"north":{"uv":[8.5,5,7,6.5],"texture":"#cooked_beef"},"south":{"uv":[7,5,8.5,6.5],"texture":"#cooked_beef"},"west":{"uv":[7,5,7.5,6.5],"texture":"#cooked_beef"}}},{"__comment":"Middlebones","from":[3,6,7.25],"to":[3.5,7.5,8.75],"faces":{"down":{"uv":[8.5,5,9,6.5],"texture":"#cooked_beef"},"north":{"uv":[8.5,5,9,6.5],"texture":"#cooked_beef"},"south":{"uv":[8.5,5,9,6.5],"texture":"#cooked_beef"},"west":{"uv":[8.5,5,9,6.5],"texture":"#cooked_beef"},"east":{"uv":[8.5,5,9,6.5],"texture":"#cooked_beef"}}},{"__comment":"Middlebones","from":[2,7.5,7.25],"to":[3,8,8.75],"faces":{"down":{"uv":[1,11.5,2,13],"texture":"#cooked_beef"},"up":{"uv":[1,11.5,2,13],"texture":"#cooked_beef"},"north":{"uv":[7.5,4.5,8.5,5],"texture":"#cooked_beef"},"south":{"uv":[7.5,4.5,8.5,5],"texture":"#cooked_beef"},"west":{"uv":[11.5,13.5,13,14],"texture":"#cooked_beef"}}},{"__comment":"Middlebones","from":[3.5,5.5,7],"to":[4,7,9],"faces":{"north":{"uv":[9,5.5,9.5,7],"texture":"#cooked_beef"},"south":{"uv":[9,5.5,9.5,7],"texture":"#cooked_beef"},"west":{"uv":[9,5.5,9.5,7],"texture":"#cooked_beef"},"east":{"uv":[9,5.5,9.5,7],"texture":"#cooked_beef"}}},{"__comment":"Middlebones","from":[4,5.5,7],"to":[4.5,6.5,9],"faces":{"north":{"uv":[9.5,6,10,7],"texture":"#cooked_beef"},"south":{"uv":[9.5,6,10,7],"texture":"#cooked_beef"},"east":{"uv":[9.5,6,10,7],"texture":"#cooked_beef"}}},{"__comment":"Middlebones","from":[4.5,5.5,6.75],"to":[5.5,6,9.25],"faces":{"down":{"uv":[10,6.5,11,7],"texture":"#cooked_beef"},"north":{"uv":[11,6.5,10,7],"texture":"#cooked_beef"},"south":{"uv":[10,6.5,11,7],"texture":"#cooked_beef"},"west":{"uv":[9,4.5,9.5,5],"texture":"#cooked_beef"},"east":{"uv":[10.5,6.5,11,7],"texture":"#cooked_beef"}}},{"__comment":"Middlebones","from":[4.5,6,6.75],"to":[5.5,7.5,9.25],"faces":{"up":{"uv":[10,5,11,5.5],"texture":"#cooked_beef"},"north":{"uv":[11,5,10,6.5],"texture":"#cooked_beef"},"south":{"uv":[10,5,11,6.5],"texture":"#cooked_beef"},"west":{"uv":[10,5,10.5,6.5],"texture":"#cooked_beef"},"east":{"uv":[10.5,5,11,6.5],"texture":"#cooked_beef"}}},{"__comment":"Middlebones","from":[4,6.5,6.75],"to":[4.5,8,9.25],"faces":{"down":{"uv":[9.5,5.5,10,6],"texture":"#cooked_beef"},"up":{"uv":[9.5,4.5,10,5],"texture":"#cooked_beef"},"north":{"uv":[9.5,4.5,10,6],"texture":"#cooked_beef"},"south":{"uv":[9.5,4.5,10,6],"texture":"#cooked_beef"},"west":{"uv":[9.5,4.5,10,6],"texture":"#cooked_beef"},"east":{"uv":[9.5,4.5,10,6],"texture":"#cooked_beef"}}},{"__comment":"Middlebones","from":[3.5,7,6.75],"to":[4,8.5,9.25],"faces":{"down":{"uv":[9,5,9.5,5.5],"texture":"#cooked_beef"},"up":{"uv":[9,4,9.5,4.5],"texture":"#cooked_beef"},"north":{"uv":[9,4,9.5,5.5],"texture":"#cooked_beef"},"south":{"uv":[9,4,9.5,5.5],"texture":"#cooked_beef"},"west":{"uv":[9,4,9.5,5.5],"texture":"#cooked_beef"},"east":{"uv":[9,4,9.5,5.5],"texture":"#cooked_beef"}}},{"__comment":"Middlebones","from":[3,7.5,6.75],"to":[3.5,9,9.25],"faces":{"down":{"uv":[8.5,4.5,9,5],"texture":"#cooked_beef"},"up":{"uv":[8.5,3.5,9,4],"texture":"#cooked_beef"},"north":{"uv":[8,3,8.5,4.5],"texture":"#cooked_beef"},"south":{"uv":[8,3,8.5,4.5],"texture":"#cooked_beef"},"west":{"uv":[8,3,8.5,4.5],"texture":"#cooked_beef"},"east":{"uv":[8,3,8.5,4.5],"texture":"#cooked_beef"}}},{"__comment":"Middlebones","from":[2.5,8,6.75],"to":[3,9.5,9.25],"faces":{"down":{"uv":[8.5,4.5,8,4],"texture":"#cooked_beef"},"up":{"uv":[3.5,12,4,14.5],"texture":"#cooked_beef"},"north":{"uv":[8,3,8.5,4.5],"texture":"#cooked_beef"},"south":{"uv":[8,3,8.5,4.5],"texture":"#cooked_beef"},"west":{"uv":[8,3,8.5,4.5],"texture":"#cooked_beef"},"east":{"uv":[8,3,8.5,4.5],"texture":"#cooked_beef"}}},{"__comment":"Middlebones","from":[2,8,6.75],"to":[2.5,10,7.75],"faces":{"down":{"uv":[9.5,5,10,6],"texture":"#cooked_beef"},"up":{"uv":[10,4.5,10.5,5.5],"texture":"#cooked_beef"},"north":{"uv":[10.5,5,11,7],"texture":"#cooked_beef"},"south":{"uv":[10,5,10.5,7],"texture":"#cooked_beef"},"west":{"uv":[11,5,10,7],"texture":"#cooked_beef"},"east":{"uv":[10,5,11,7],"texture":"#cooked_beef"}}},{"__comment":"Middlebones","from":[1.5,8.5,8.5],"to":[2.5,9.5,9.5],"faces":{"down":{"uv":[9.5,5,10.5,6],"rotation":90,"texture":"#cooked_beef"},"up":{"uv":[10,5,11,6],"texture":"#cooked_beef"},"north":{"uv":[9.5,5,10.5,6],"texture":"#cooked_beef"},"south":{"uv":[7,3,8,4],"texture":"#cooked_beef"},"west":{"uv":[10.5,5.5,11.5,6.5],"texture":"#cooked_beef"},"east":{"uv":[10.5,4.5,11.5,5.5],"texture":"#cooked_beef"}}},{"__comment":"Middlebones","from":[2.5,8.5,6.5],"to":[3,9,7.5],"faces":{"down":{"uv":[7.5,3,8,4],"texture":"#cooked_beef"},"up":{"uv":[7.5,3,8,4],"texture":"#cooked_beef"},"north":{"uv":[8,3.5,8.5,4],"texture":"#cooked_beef"},"south":{"uv":[8,3.5,8.5,4],"texture":"#cooked_beef"},"east":{"uv":[7.5,3.5,8.5,4],"texture":"#cooked_beef"}}},{"__comment":"Middlebones","from":[2.5,8.5,8.5],"to":[3,9,9.5],"faces":{"down":{"uv":[7.5,3,8,4],"texture":"#cooked_beef"},"up":{"uv":[7.5,3,8,4],"texture":"#cooked_beef"},"north":{"uv":[8,3.5,8.5,4],"texture":"#cooked_beef"},"south":{"uv":[8,3.5,8.5,4],"texture":"#cooked_beef"},"east":{"uv":[7.5,3.5,8.5,4],"texture":"#cooked_beef"}}},{"__comment":"Middlebones","from":[3,8,8.5],"to":[3.5,8.5,9.5],"faces":{"down":{"uv":[7.5,3,8,4],"texture":"#cooked_beef"},"up":{"uv":[7.5,3,8,4],"texture":"#cooked_beef"},"north":{"uv":[8,3.5,8.5,4],"texture":"#cooked_beef"},"south":{"uv":[8,3.5,8.5,4],"texture":"#cooked_beef"},"west":{"uv":[7.5,3.5,8.5,4],"texture":"#cooked_beef"},"east":{"uv":[7.5,3.5,8.5,4],"texture":"#cooked_beef"}}},{"__comment":"Middlebones","from":[3,8,6.5],"to":[3.5,8.5,7.5],"faces":{"down":{"uv":[7.5,3,8,4],"texture":"#cooked_beef"},"up":{"uv":[7.5,3,8,4],"texture":"#cooked_beef"},"north":{"uv":[8,3.5,8.5,4],"texture":"#cooked_beef"},"south":{"uv":[8,3.5,8.5,4],"texture":"#cooked_beef"},"west":{"uv":[7.5,3.5,8.5,4],"texture":"#cooked_beef"},"east":{"uv":[7.5,3.5,8.5,4],"texture":"#cooked_beef"}}},{"__comment":"Middlebones","from":[2,8,8.25],"to":[2.5,10,9.25],"faces":{"down":{"uv":[14,3.5,14.5,4.5],"texture":"#cooked_beef"},"up":{"uv":[10,5.5,10.5,4.5],"texture":"#cooked_beef"},"north":{"uv":[10,5,10.5,7],"texture":"#cooked_beef"},"south":{"uv":[7.5,2.5,8,4.5],"texture":"#cooked_beef"},"west":{"uv":[10,5,11,7],"texture":"#cooked_beef"},"east":{"uv":[11,5,10,7],"texture":"#cooked_beef"}}},{"__comment":"Middlebones","from":[5.5,6,7],"to":[6,7.5,9],"faces":{"down":{"uv":[3.5,13.5,3,11.5],"texture":"#cooked_beef"},"up":{"uv":[3.5,12,4,14],"texture":"#cooked_beef"},"north":{"uv":[11,4.5,11.5,6],"texture":"#cooked_beef"},"south":{"uv":[11,4.5,11.5,6],"texture":"#cooked_beef"},"east":{"uv":[2.5,14,4,16],"texture":"#cooked_beef"}}},{"__comment":"Middlebones","from":[5.5,7.5,7.5],"to":[6,8,8.5],"faces":{"up":{"uv":[11,3.5,11.5,4.5],"texture":"#cooked_beef"},"north":{"uv":[11,4,11.5,4.5],"texture":"#cooked_beef"},"south":{"uv":[11,4,11.5,4.5],"texture":"#cooked_beef"},"east":{"uv":[8.5,4,7.5,4.5],"texture":"#cooked_beef"}}},{"__comment":"Middlebones","from":[5.5,5.5,7.5],"to":[6,6,8.5],"faces":{"down":{"uv":[14.5,12.5,15,13.5],"texture":"#cooked_beef"},"north":{"uv":[11,5.5,11.5,6],"texture":"#cooked_beef"},"south":{"uv":[11,5.5,11.5,6],"texture":"#cooked_beef"},"east":{"uv":[14.5,14,15.5,14.5],"texture":"#cooked_beef"}}},{"__comment":"Middlebones","from":[4.5,7.5,7.25],"to":[5.5,8,8.75],"faces":{"up":{"uv":[3,14,4,15.5],"texture":"#cooked_beef"},"north":{"uv":[10,4.5,11,5],"texture":"#cooked_beef"},"south":{"uv":[10,4.5,11,5],"texture":"#cooked_beef"},"east":{"uv":[10,4.5,11.5,5],"texture":"#cooked_beef"}}},{"__comment":"Middlebones","from":[3,9,7],"to":[3.5,10.5,9],"faces":{"up":{"uv":[2,11.5,2.5,13.5],"texture":"#cooked_beef"},"north":{"uv":[8.5,2,9,3.5],"texture":"#cooked_beef"},"south":{"uv":[8.5,2,9,3.5],"texture":"#cooked_beef"},"west":{"uv":[8.5,2,9,3.5],"texture":"#cooked_beef"},"east":{"uv":[8.5,2,9,3.5],"texture":"#cooked_beef"}}},{"__comment":"Middlebones","from":[3.5,9.5,7],"to":[4,10,9],"faces":{"down":{"uv":[2,8.5,2.5,10.5],"texture":"#cooked_beef"},"up":{"uv":[2,8.5,2.5,10.5],"texture":"#cooked_beef"},"north":{"uv":[9,2.5,9.5,3],"texture":"#cooked_beef"},"south":{"uv":[9,2.5,9.5,3],"texture":"#cooked_beef"},"east":{"uv":[9,2.5,9.5,3],"texture":"#cooked_beef"}}},{"__comment":"Middlebones","from":[5,8,7.5],"to":[5.5,8.5,8.5],"faces":{"up":{"uv":[8.5,2.5,9,3.5],"texture":"#cooked_beef"},"north":{"uv":[10.5,4,11,4.5],"texture":"#cooked_beef"},"south":{"uv":[10.5,4,11,4.5],"texture":"#cooked_beef"},"west":{"uv":[8.5,2.5,9.5,3],"texture":"#cooked_beef"},"east":{"uv":[8.5,2.5,9.5,3],"texture":"#cooked_beef"}}},{"__comment":"Middlebones","from":[3,10.5,7.25],"to":[3.5,11,8.75],"faces":{"up":{"uv":[1.5,7.5,2,9],"texture":"#cooked_beef"},"north":{"uv":[8.5,1.5,9,2],"texture":"#cooked_beef"},"south":{"uv":[8.5,1.5,9,2],"texture":"#cooked_beef"},"west":{"uv":[1.5,11,3,11.5],"texture":"#cooked_beef"},"east":{"uv":[1.5,10.5,3,11],"texture":"#cooked_beef"}}},{"__comment":"Middlebones","from":[3.5,10,7.25],"to":[4,10.5,8.75],"faces":{"up":{"uv":[12.5,3,13,4.5],"texture":"#cooked_beef"},"north":{"uv":[9,2,9.5,2.5],"texture":"#cooked_beef"},"south":{"uv":[9,2,9.5,2.5],"texture":"#cooked_beef"},"east":{"uv":[12,13.5,13.5,14],"texture":"#cooked_beef"}}},{"__comment":"Middlebones","from":[5.5,8,7.75],"to":[6,9.5,8.25],"faces":{"north":{"uv":[11,3,11.5,4.5],"texture":"#cooked_beef"},"south":{"uv":[11,3,11.5,4.5],"texture":"#cooked_beef"},"east":{"uv":[11,3,11.5,4.5],"texture":"#cooked_beef"}}},{"__comment":"Middlebones","from":[5.5,9.5,7.5],"to":[6,10,8.5],"faces":{"down":{"uv":[10.5,1.5,11,2.5],"texture":"#cooked_beef"},"north":{"uv":[11,2.5,11.5,3],"texture":"#cooked_beef"},"south":{"uv":[11,2.5,11.5,3],"texture":"#cooked_beef"},"west":{"uv":[10.5,2,11.5,2.5],"texture":"#cooked_beef"},"east":{"uv":[10.5,2,11.5,2.5],"texture":"#cooked_beef"}}},{"__comment":"Middlebones","from":[5.5,10,7.25],"to":[6,11,8.75],"faces":{"down":{"uv":[15,12.5,15.5,14],"texture":"#cooked_beef"},"up":{"uv":[3.5,10.5,4,12],"texture":"#cooked_beef"},"north":{"uv":[11,1.5,11.5,2.5],"texture":"#cooked_beef"},"south":{"uv":[11,1.5,11.5,2.5],"texture":"#cooked_beef"},"west":{"uv":[14.5,11.5,16,12.5],"texture":"#cooked_beef"},"east":{"uv":[14.5,11.5,16,12.5],"texture":"#cooked_beef"}}},{"__comment":"Middlebones","from":[5,9.5,7.75],"to":[5.5,10,8.25],"faces":{"down":{"uv":[10.5,2.5,11,3],"texture":"#cooked_beef"},"north":{"uv":[10.5,2.5,11,3],"texture":"#cooked_beef"},"south":{"uv":[10.5,2.5,11,3],"texture":"#cooked_beef"},"west":{"uv":[10.5,2.5,11,3],"texture":"#cooked_beef"}}},{"__comment":"Middlebones","from":[4,10,7.75],"to":[5,10.5,8.25],"faces":{"north":{"uv":[10.5,2,9.5,2.5],"texture":"#cooked_beef"},"south":{"uv":[9.5,2,10.5,2.5],"texture":"#cooked_beef"}}},{"__comment":"Middlebones","from":[3.5,10.5,7.75],"to":[4,11,8.25],"faces":{"north":{"uv":[9,1.5,9.5,2],"texture":"#cooked_beef"},"south":{"uv":[9,1.5,9.5,2],"texture":"#cooked_beef"}}},{"__comment":"Middlebones","from":[3,11,7.75],"to":[3.5,11.5,8.25],"faces":{"north":{"uv":[8.5,1,9,1.5],"texture":"#cooked_beef"},"south":{"uv":[8.5,1,9,1.5],"texture":"#cooked_beef"},"west":{"uv":[8.5,1,9,1.5],"texture":"#cooked_beef"}}},{"__comment":"Middlebones","from":[5,10,7.5],"to":[5.5,10.5,8.5],"faces":{"down":{"uv":[10.5,1.5,11,2.5],"texture":"#cooked_beef"},"north":{"uv":[10.5,2,11,2.5],"texture":"#cooked_beef"},"south":{"uv":[10.5,2,11,2.5],"texture":"#cooked_beef"},"west":{"uv":[10.5,2,11.5,2.5],"texture":"#cooked_beef"}}},{"__comment":"Middlebones","from":[4,10.5,7.5],"to":[5,11,8.5],"faces":{"down":{"uv":[9.5,1,10.5,2],"texture":"#cooked_beef"},"up":{"uv":[9.5,1,10.5,2],"texture":"#cooked_beef"},"north":{"uv":[10.5,1.5,9.5,2],"texture":"#cooked_beef"},"south":{"uv":[9.5,1.5,10.5,2],"texture":"#cooked_beef"},"west":{"uv":[9.5,1.5,10.5,2],"texture":"#cooked_beef"}}},{"__comment":"Middlebones","from":[3.5,11,7.5],"to":[4,11.5,8.5],"faces":{"down":{"uv":[9,0.5,9.5,1.5],"texture":"#cooked_beef"},"north":{"uv":[9,1,9.5,1.5],"texture":"#cooked_beef"},"south":{"uv":[9,1,9.5,1.5],"texture":"#cooked_beef"},"west":{"uv":[9,1,10,1.5],"texture":"#cooked_beef"}}},{"__comment":"Middlebones","from":[5,10.5,7.25],"to":[5.5,11.5,8.75],"faces":{"down":{"uv":[15.5,12.5,16,14],"texture":"#cooked_beef"},"up":{"uv":[15,11,15.5,12.5],"texture":"#cooked_beef"},"north":{"uv":[10.5,1,11,2],"texture":"#cooked_beef"},"south":{"uv":[10.5,1,11,2],"texture":"#cooked_beef"},"west":{"uv":[14.5,11.5,16,12.5],"texture":"#cooked_beef"},"east":{"uv":[14.5,11.5,16,12.5],"texture":"#cooked_beef"}}},{"__comment":"Middlebones","from":[4.5,11,7.25],"to":[5,11.5,8.75],"faces":{"down":{"uv":[15.5,12.5,16,14],"texture":"#cooked_beef"},"up":{"uv":[15.5,12.5,16,14],"texture":"#cooked_beef"},"north":{"uv":[10,1,10.5,1.5],"texture":"#cooked_beef"},"south":{"uv":[10,1,10.5,1.5],"texture":"#cooked_beef"}}},{"__comment":"Middlebones","from":[4,11,7.25],"to":[4.5,12,8.75],"faces":{"down":{"uv":[15.5,12.5,16,14],"texture":"#cooked_beef"},"up":{"uv":[15,11,15.5,12.5],"texture":"#cooked_beef"},"north":{"uv":[9.5,0.5,10,1.5],"texture":"#cooked_beef"},"south":{"uv":[9.5,0.5,10,1.5],"texture":"#cooked_beef"},"west":{"uv":[14.5,11.5,16,12.5],"texture":"#cooked_beef"},"east":{"uv":[14.5,11.5,16,12.5],"texture":"#cooked_beef"}}},{"__comment":"Middlebones","from":[3,11.5,7.25],"to":[4,12.5,8.75],"faces":{"down":{"uv":[16,14,15,12.5],"texture":"#cooked_beef"},"up":{"uv":[3,13.5,4,15],"texture":"#cooked_beef"},"north":{"uv":[9.5,0,8.5,1],"texture":"#cooked_beef"},"south":{"uv":[8.5,0,9.5,1],"texture":"#cooked_beef"},"west":{"uv":[8.5,0,9,1],"texture":"#cooked_beef"},"east":{"uv":[8.5,0,9,1],"texture":"#cooked_beef"}}},{"__comment":"Middlebones","from":[3,12,7],"to":[3.5,13,9],"faces":{"down":{"uv":[15.5,12.5,16,14.5],"texture":"#cooked_beef"},"up":{"uv":[3.5,11.5,4,13.5],"texture":"#cooked_beef"},"north":{"uv":[8.5,0,9,1],"texture":"#cooked_beef"},"south":{"uv":[8.5,0,9,1],"texture":"#cooked_beef"},"west":{"uv":[11,6,11.5,5],"texture":"#cooked_beef"},"east":{"uv":[11,6,11.5,5],"texture":"#cooked_beef"}}},{"__comment":"Middlebones","from":[2.5,12,8.5],"to":[3,13,9],"faces":{"down":{"uv":[8,0.5,8.5,1],"texture":"#cooked_beef"},"up":{"uv":[8,0,8.5,0.5],"texture":"#cooked_beef"},"north":{"uv":[8,0,8.5,1],"texture":"#cooked_beef"},"south":{"uv":[8,0,8.5,1],"texture":"#cooked_beef"},"west":{"uv":[8,0,8.5,1],"texture":"#cooked_beef"}}},{"__comment":"Middlebones","from":[2.5,12,7],"to":[3,13,7.5],"faces":{"down":{"uv":[8,0.5,8.5,1],"texture":"#cooked_beef"},"up":{"uv":[8,0,8.5,0.5],"texture":"#cooked_beef"},"north":{"uv":[8,0,8.5,1],"texture":"#cooked_beef"},"south":{"uv":[8,0,8.5,1],"texture":"#cooked_beef"},"west":{"uv":[8,0,8.5,1],"texture":"#cooked_beef"}}},{"__comment":"Middlebones","from":[5.5,11,7.5],"to":[6,11.5,8.5],"faces":{"north":{"uv":[11,1,11.5,1.5],"texture":"#cooked_beef"},"south":{"uv":[11,1,11.5,1.5],"texture":"#cooked_beef"},"east":{"uv":[2,12,3,12.5],"texture":"#cooked_beef"}}},{"__comment":"Middlebones","from":[5,11.5,7.75],"to":[5.5,12,8.25],"faces":{"north":{"uv":[10.5,0.5,11,1],"texture":"#cooked_beef"},"south":{"uv":[10.5,0.5,11,1],"texture":"#cooked_beef"}}},{"__comment":"Middlebones","from":[4.5,12,7.75],"to":[5,12.5,8.25],"faces":{"north":{"uv":[10,0,10.5,0.5],"texture":"#cooked_beef"},"south":{"uv":[10,0,10.5,0.5],"texture":"#cooked_beef"}}},{"__comment":"Middlebones","from":[4.5,11.5,7.5],"to":[5,12,8.5],"faces":{"up":{"uv":[13.5,5.5,14,6.5],"texture":"#cooked_beef"},"north":{"uv":[10,0.5,10.5,1],"texture":"#cooked_beef"},"south":{"uv":[10,0.5,10.5,1],"texture":"#cooked_beef"},"east":{"uv":[13.5,6,14.5,6.5],"texture":"#cooked_beef"}}},{"__comment":"Middlebones","from":[4,12,7.5],"to":[4.5,12.5,8.5],"faces":{"up":{"uv":[12.5,3.5,13,4.5],"texture":"#cooked_beef"},"north":{"uv":[9.5,0,10,0.5],"texture":"#cooked_beef"},"south":{"uv":[9.5,0,10,0.5],"texture":"#cooked_beef"},"east":{"uv":[13.5,5.5,14.5,6],"texture":"#cooked_beef"}}},{"__comment":"Middlebones","from":[5.5,11.5,7.25],"to":[6,12.5,8.75],"faces":{"down":{"uv":[3,12,3.5,13.5],"texture":"#cooked_beef"},"north":{"uv":[11,0,11.5,1],"texture":"#cooked_beef"},"south":{"uv":[11,0,11.5,1],"texture":"#cooked_beef"},"west":{"uv":[11,0,11.5,1],"texture":"#cooked_beef"},"east":{"uv":[11,0,11.5,1],"texture":"#cooked_beef"}}},{"__comment":"Middlebones","from":[5,12,7.25],"to":[5.5,12.5,8.75],"faces":{"down":{"uv":[15.5,13,16,14.5],"texture":"#cooked_beef"},"north":{"uv":[10.5,0,11,0.5],"texture":"#cooked_beef"},"south":{"uv":[10.5,0,11,0.5],"texture":"#cooked_beef"},"west":{"uv":[9.5,1.5,11,2],"texture":"#cooked_beef"}}},{"__comment":"Middlebones*","from":[1.5,8.5,6.5],"to":[2.5,9.5,7.5],"faces":{"down":{"uv":[9.5,5,10.5,6],"texture":"#cooked_beef"},"up":{"uv":[10,5,11,6],"rotation":90,"texture":"#cooked_beef"},"north":{"uv":[10.5,5,9.5,6],"texture":"#cooked_beef"},"south":{"uv":[8,3,7,4],"texture":"#cooked_beef"},"west":{"uv":[11.5,5.5,10.5,6.5],"texture":"#cooked_beef"},"east":{"uv":[11.5,4.5,10.5,5.5],"texture":"#cooked_beef"}}},{"__comment":"Middlebones*","from":[5.75,6,7.25],"to":[6.25,7.5,8.75],"faces":{"down":{"uv":[3,11.5,3.5,13],"texture":"#cooked_beef"},"up":{"uv":[3.5,10.5,4,12],"texture":"#cooked_beef"},"north":{"uv":[11,4.5,11.5,6],"texture":"#cooked_beef"},"south":{"uv":[10,4.5,10.5,6],"texture":"#cooked_beef"},"west":{"uv":[10,4.5,11.5,6],"texture":"#cooked_beef"},"east":{"uv":[10,4.5,11.5,6],"texture":"#cooked_beef"}}},{"__comment":"Middlebones*","from":[5.75,10,7.5],"to":[6.25,11,8.5],"faces":{"down":{"uv":[10.5,4.5,11,5.5],"texture":"#cooked_beef"},"up":{"uv":[10.5,4.5,11,5.5],"texture":"#cooked_beef"},"north":{"uv":[10.5,4.5,11,5.5],"texture":"#cooked_beef"},"south":{"uv":[11,4.5,11.5,5.5],"texture":"#cooked_beef"},"west":{"uv":[10.5,4.5,11.5,5.5],"texture":"#cooked_beef"},"east":{"uv":[10.5,4.5,11.5,5.5],"texture":"#cooked_beef"}}},{"__comment":"Gem","from":[3.5,8,7.75],"to":[5.5,10,8.25],"faces":{"down":{"uv":[5.5,1.5,7.5,2],"texture":"#cooked_beef"},"up":{"uv":[5,1.5,7,2],"texture":"#cooked_beef"},"north":{"uv":[11,2.5,9,4.5],"texture":"#cooked_beef"},"south":{"uv":[9,2.5,11,4.5],"texture":"#cooked_beef"},"west":{"uv":[5,2.5,5.5,4.5],"texture":"#cooked_beef"},"east":{"uv":[5,2.5,5.5,4.5],"texture":"#cooked_beef"}}},{"__comment":"TopLongBlade","from":[5,12.5,7.25],"to":[6,14.5,8.75],"faces":{"down":{"uv":[3,13.5,4,15],"texture":"#cooked_beef"},"up":{"uv":[3,13.5,4,15],"texture":"#cooked_beef"},"north":{"uv":[4,14,3,16],"texture":"#cooked_beef"},"south":{"uv":[3,14,4,16],"texture":"#cooked_beef"},"west":{"uv":[3,14,3.5,16],"texture":"#cooked_beef"},"east":{"uv":[3,14,3.5,16],"texture":"#cooked_beef"}}},{"__comment":"TopLongBlade","from":[5,14.5,7.5],"to":[6,15.5,8.5],"faces":{"up":{"uv":[3,13.5,4,14.5],"texture":"#cooked_beef"},"north":{"uv":[3,13.5,4,14.5],"texture":"#cooked_beef"},"south":{"uv":[3,13.5,4,14.5],"texture":"#cooked_beef"},"west":{"uv":[3,13.5,4,14.5],"texture":"#cooked_beef"},"east":{"uv":[3,13.5,4,14.5],"texture":"#cooked_beef"}}},{"__comment":"TopLongBlade","from":[5.5,15.5,7.5],"to":[6,16,8.5],"faces":{"up":{"uv":[3,13.5,3.5,14.5],"texture":"#cooked_beef","cullface":"up"},"north":{"uv":[3.5,12.5,4,13],"texture":"#cooked_beef"},"south":{"uv":[3.5,12.5,4,13.5],"texture":"#cooked_beef"},"west":{"uv":[3,13.5,4,14],"texture":"#cooked_beef"},"east":{"uv":[3,13.5,4,14],"texture":"#cooked_beef"}}},{"__comment":"TopLongBlade","from":[5.75,16,7.75],"to":[6.25,18,8.25],"faces":{"down":{"uv":[3.5,11.5,4,12],"texture":"#cooked_beef","cullface":"up"},"up":{"uv":[3.5,10,4,10.5],"texture":"#cooked_beef","cullface":"up"},"north":{"uv":[3.5,10,4,12],"texture":"#cooked_beef","cullface":"up"},"south":{"uv":[3.5,10,4,12],"texture":"#cooked_beef","cullface":"up"},"west":{"uv":[3.5,10,4,12],"texture":"#cooked_beef","cullface":"up"},"east":{"uv":[3.5,10,4,12],"texture":"#cooked_beef","cullface":"up"}}},{"__comment":"TopLongBlade","from":[5.5,16,7.75],"to":[6,16.5,8.25],"faces":{"up":{"uv":[3.5,12.5,4,13],"texture":"#cooked_beef","cullface":"up"},"north":{"uv":[3.5,12.5,4,13],"texture":"#cooked_beef","cullface":"up"},"south":{"uv":[3.5,12.5,4,13],"texture":"#cooked_beef","cullface":"up"},"east":{"uv":[3.5,12.5,4,13],"texture":"#cooked_beef","cullface":"up"}}},{"__comment":"TopLongBlade","from":[4.5,12.5,7.5],"to":[5,14.5,8.5],"faces":{"down":{"uv":[2.5,14,3,15],"texture":"#cooked_beef"},"up":{"uv":[2.5,14,3,15],"texture":"#cooked_beef"},"north":{"uv":[2.5,14,3,16],"texture":"#cooked_beef"},"south":{"uv":[2.5,14,3,16],"texture":"#cooked_beef"},"west":{"uv":[2.5,14,3,16],"texture":"#cooked_beef"}}},{"__comment":"TopLongBlade","from":[5.75,12.5,7.5],"to":[6.25,14.5,8.5],"faces":{"down":{"uv":[15,12.5,15.5,13.5],"texture":"#cooked_beef"},"up":{"uv":[3.5,12,4,13],"texture":"#cooked_beef"},"north":{"uv":[15.5,11.5,16,13.5],"texture":"#cooked_beef"},"south":{"uv":[15,11.5,15.5,13.5],"texture":"#cooked_beef"},"west":{"uv":[15,11.5,16,13.5],"texture":"#cooked_beef"},"east":{"uv":[15,11.5,16,13.5],"texture":"#cooked_beef"}}},{"__comment":"TopLongBlade","from":[4,12.5,7.75],"to":[4.5,19.5,8.25],"faces":{"north":{"uv":[2,9,2.5,16],"texture":"#cooked_beef","cullface":"up"},"south":{"uv":[2,9,2.5,16],"texture":"#cooked_beef","cullface":"up"},"west":{"uv":[2,9,2.5,16],"texture":"#cooked_beef","cullface":"up"},"east":{"uv":[2,9,2.5,16],"texture":"#cooked_beef","cullface":"up"}}},{"__comment":"TopLongBlade","from":[4.5,14.5,7.75],"to":[5,18.5,8.25],"faces":{"north":{"uv":[2.5,6,3,10],"texture":"#cooked_beef","cullface":"up"},"south":{"uv":[2.5,6,3,10],"texture":"#cooked_beef","cullface":"up"},"east":{"uv":[2.5,6,3,10],"texture":"#cooked_beef","cullface":"up"}}},{"__comment":"TopLongBlade","from":[3.5,12.5,7.75],"to":[4,15,8.25],"faces":{"north":{"uv":[1.5,13.5,2,16],"texture":"#cooked_beef"},"south":{"uv":[1.5,13.5,2,16],"texture":"#cooked_beef"},"west":{"uv":[1.5,13.5,2,16],"texture":"#cooked_beef"}}},{"__comment":"TopLongBlade","from":[3.5,15,7.5],"to":[4,25,8.5],"faces":{"down":{"uv":[1.5,9,2,10],"texture":"#cooked_beef","cullface":"up"},"up":{"uv":[1.5,9,2,10],"texture":"#cooked_beef","cullface":"up"},"north":{"uv":[1.5,1.5,2,11.5],"texture":"#cooked_beef","cullface":"up"},"south":{"uv":[1.5,1.5,2,11.5],"texture":"#cooked_beef","cullface":"up"},"west":{"uv":[1.5,1.5,2,11.5],"texture":"#cooked_beef","cullface":"up"},"east":{"uv":[1.5,1.5,2,11.5],"texture":"#cooked_beef","cullface":"up"}}},{"__comment":"TopLongBlade","from":[3,13,7.5],"to":[3.5,17,8.5],"faces":{"up":{"uv":[1.5,8,2,9],"texture":"#cooked_beef","cullface":"up"},"north":{"uv":[1,11.5,1.5,15.5],"texture":"#cooked_beef","cullface":"up"},"south":{"uv":[1,11.5,1.5,15.5],"texture":"#cooked_beef","cullface":"up"},"west":{"uv":[1,11.5,1.5,15.5],"texture":"#cooked_beef","cullface":"up"},"east":{"uv":[1,11.5,1.5,15.5],"texture":"#cooked_beef","cullface":"up"}}},{"__comment":"TopLongBlade","from":[2.5,13,7.5],"to":[3,14.5,8.5],"faces":{"down":{"uv":[1,14,1.5,15],"texture":"#cooked_beef"},"up":{"uv":[1,14,1.5,15],"texture":"#cooked_beef"},"north":{"uv":[0.5,14,1,15.5],"texture":"#cooked_beef"},"south":{"uv":[0.5,14,1,15.5],"texture":"#cooked_beef"},"west":{"uv":[0.5,14,1.5,15.5],"texture":"#cooked_beef"}}},{"__comment":"TopLongBlade","from":[2,12.5,7.75],"to":[2.5,15,8.25],"faces":{"down":{"uv":[0,15.5,0.5,16],"texture":"#cooked_beef"},"up":{"uv":[0,13.5,0.5,14],"texture":"#cooked_beef"},"north":{"uv":[0,13.5,0.5,16],"texture":"#cooked_beef"},"south":{"uv":[0,13.5,0.5,16],"texture":"#cooked_beef"},"west":{"uv":[0,13.5,0.5,16],"texture":"#cooked_beef"},"east":{"uv":[0,13.5,0.5,16],"texture":"#cooked_beef"}}},{"__comment":"TopLongBlade","from":[2.5,12,7.75],"to":[3,13,8.25],"faces":{"down":{"uv":[0,15.5,0.5,16],"texture":"#cooked_beef"},"north":{"uv":[0,15,0.5,16],"texture":"#cooked_beef"},"south":{"uv":[0,15,0.5,16],"texture":"#cooked_beef"},"west":{"uv":[0,15,0.5,16],"texture":"#cooked_beef"}}},{"__comment":"TopLongBlade","from":[2.5,14.5,7.75],"to":[3,24,8.25],"faces":{"up":{"uv":[0.5,2.5,1,3],"texture":"#cooked_beef","cullface":"up"},"north":{"uv":[0.5,2.5,1,12],"texture":"#cooked_beef","cullface":"up"},"south":{"uv":[0.5,2.5,1,12],"texture":"#cooked_beef","cullface":"up"},"west":{"uv":[0.5,2.5,1,12],"texture":"#cooked_beef","cullface":"up"},"east":{"uv":[0.5,2.5,1,12],"texture":"#cooked_beef","cullface":"up"}}},{"__comment":"TopLongBlade","from":[3,17,7.75],"to":[3.5,25,8.25],"faces":{"up":{"uv":[1,1.5,1.5,2],"texture":"#cooked_beef","cullface":"up"},"north":{"uv":[1,1.5,1.5,9.5],"texture":"#cooked_beef","cullface":"up"},"south":{"uv":[1,1.5,1.5,9.5],"texture":"#cooked_beef","cullface":"up"},"west":{"uv":[1,1.5,1.5,9.5],"texture":"#cooked_beef","cullface":"up"}}},{"__comment":"TopLongBlade","from":[3.5,25,7.75],"to":[4,25.5,8.25],"faces":{"up":{"uv":[1.5,1,2,1.5],"texture":"#cooked_beef","cullface":"up"},"north":{"uv":[1.5,1,2,1.5],"texture":"#cooked_beef","cullface":"up"},"south":{"uv":[1.5,1,2,1.5],"texture":"#cooked_beef","cullface":"up"},"west":{"uv":[1.5,1,2,1.5],"texture":"#cooked_beef","cullface":"up"}}},{"__comment":"TopLongBlade","from":[4,19.5,7.75],"to":[4.5,26,8.25],"faces":{"up":{"uv":[2,0.5,2.5,1],"texture":"#cooked_beef","cullface":"up"},"north":{"uv":[2,0.5,2.5,7],"texture":"#cooked_beef","cullface":"up"},"south":{"uv":[2,0.5,2.5,7],"texture":"#cooked_beef","cullface":"up"},"west":{"uv":[2,0.5,2.5,7],"texture":"#cooked_beef","cullface":"up"}}},{"__comment":"TopLongBlade","from":[4.5,18.5,7.75],"to":[5,26.5,8.25],"faces":{"up":{"uv":[2.5,0,3,0.5],"texture":"#cooked_beef","cullface":"up"},"north":{"uv":[2.5,0,3,8],"texture":"#cooked_beef","cullface":"up"},"south":{"uv":[2.5,0,3,8],"texture":"#cooked_beef","cullface":"up"},"west":{"uv":[2.5,0,3,8],"texture":"#cooked_beef","cullface":"up"}}},{"__comment":"TopLongBlade","from":[5,15,7.75],"to":[5.5,26.5,8.25],"faces":{"down":{"uv":[3,11,3.5,11.5],"texture":"#cooked_beef","cullface":"up"},"north":{"uv":[3,0,3.5,11.5],"texture":"#cooked_beef","cullface":"up"},"south":{"uv":[3,0,3.5,11.5],"texture":"#cooked_beef","cullface":"up"},"west":{"uv":[3,0,3.5,11.5],"texture":"#cooked_beef","cullface":"up"},"east":{"uv":[3,0,3.5,11.5],"texture":"#cooked_beef","cullface":"up"}}},{"__comment":"TopLongBlade","from":[5,26.5,7.75],"to":[5.5,27,8.25],"faces":{"up":{"uv":[2.5,0,3,0.5],"texture":"#cooked_beef","cullface":"up"},"north":{"uv":[2.5,0,3,0.5],"texture":"#cooked_beef","cullface":"up"},"south":{"uv":[2.5,0,3,0.5],"texture":"#cooked_beef","cullface":"up"},"west":{"uv":[2.5,0,3,0.5],"texture":"#cooked_beef","cullface":"up"},"east":{"uv":[2.5,0,3,0.5],"texture":"#cooked_beef","cullface":"up"}}},{"__comment":"Gem*","from":[4,8.5,7.5],"to":[5,9.5,8.5],"faces":{"down":{"uv":[9.5,3.5,10.5,4],"texture":"#cooked_beef"},"up":{"uv":[9.5,3,10.5,3.5],"texture":"#cooked_beef"},"north":{"uv":[10.5,3,9.5,4],"texture":"#cooked_beef"},"south":{"uv":[9.5,3,10.5,4],"texture":"#cooked_beef"},"west":{"uv":[9.5,3,10,4],"texture":"#cooked_beef"},"east":{"uv":[10,3,10.5,4],"texture":"#cooked_beef"}}},{"from":[-7,-13,8],"to":[16,32,8.0625],"faces":{"north":{"uv":[11.5,1,3,16],"texture":"#cooked_beef_1"},"south":{"uv":[3,1,11.5,16],"texture":"#cooked_beef_1"}}}],"display":{"thirdperson_righthand":{"rotation":[90,180,0],"translation":[0.57,-1.7,6.99],"scale":[1,1,1]},"firstperson_righthand":{"rotation":[86,180,35],"translation":[0,1.7,5.67],"scale":[1,1,1]},"gui":{"rotation":[0,-180,45],"translation":[-2.27,0.19,0],"scale":[0.6,0.6,0.6]}}}