{
    "parent": "item/3d/dagger_multi_3",
    "display": {
		"firstperson_righthand": {
            "rotation": [ 45, -90, 0 ],
            "translation": [ 0, 5, 0 ],
            "scale": [ 0.8, 0.8, 0.8 ]
		},
        "thirdperson_righthand": {
            "rotation": [ -90, 90, 0 ],
            "translation": [ -0.5, 5, 1 ],
            "scale": [ 1, 1, 1 ]
		},
		"gui": {
			"rotation": [ 0, 180, -45 ],
			"translation": [ 0, 0, 0 ],
			"scale": [ 0.8, 0.8, 0.8 ]
		},
        "ground": {
            "rotation": [ 0, 0, 0 ],
            "translation": [ 0, 4, 0 ],
            "scale": [ 0.5, 0.5, 0.5 ]
        }
    }
}