{
    "__createdwith": "opl's Model Creator",
    "ambientocclusion": false,
    "textures": {
        "texture": "3d/default_dagger2"
    },
    "elements": [
        {
            "from": [6,8,7.5],
            "to": [10,19,8.5],
            "faces": {
                "up": {
                    "uv": [0,2,4,3],
                    "texture": "#texture"
                },
                "west": {
                    "uv": [0,2,1,13],
                    "texture": "#texture"
                },
                "east": {
                    "uv": [3,2,4,13],
                    "texture": "#texture"
                },
                "north": {
                    "uv": [4,2,0,13],
                    "texture": "#texture"
                },
                "south": {
                    "uv": [0,2,4,13],
                    "texture": "#texture"
                }
            }
        },
        {
            "from": [7,19,7.75],
            "to": [9,21,8.25],
            "faces": {
                "up": {
                    "uv": [1,0,3,1],
                    "texture": "#texture"
                },
                "west": {
                    "uv": [1,0,2,2],
                    "texture": "#texture"
                },
                "east": {
                    "uv": [2,0,3,2],
                    "texture": "#texture"
                },
                "north": {
                    "uv": [3,0,1,2],
                    "texture": "#texture"
                },
                "south": {
                    "uv": [1,0,3,2],
                    "texture": "#texture"
                }
            }
        },
        {
            "from": [5,6,6.5],
            "to": [11,8,9.5],
            "faces": {
                "up": {
                    "uv": [5,2,11,4],
                    "texture": "#texture"
                },
                "down": {
                    "uv": [5,6,11,7],
                    "texture": "#texture"
                },
                "west": {
                    "uv": [10,5,11,7],
                    "texture": "#texture"
                },
                "east": {
                    "uv": [5,5,6,7],
                    "texture": "#texture"
                },
                "north": {
                    "uv": [5,5,11,7],
                    "texture": "#texture"
                },
                "south": {
                    "uv": [5,5,11,7],
                    "texture": "#texture"
                }
            }
        },
        {
            "from": [10,4,6.5],
            "to": [12,7,9.5],
            "faces": {
                "up": {
                    "uv": [10,2,12,4],
                    "texture": "#texture"
                },
                "down": {
                    "uv": [10,8,12,9],
                    "texture": "#texture"
                },
                "west": {
                    "uv": [5,6,6,9],
                    "texture": "#texture"
                },
                "east": {
                    "uv": [4,6,5,9],
                    "texture": "#texture"
                },
                "north": {
                    "uv": [4,6,6,9],
                    "texture": "#texture"
                },
                "south": {
                    "uv": [10,6,12,9],
                    "texture": "#texture"
                }
            }
        },
        {
            "from": [4,4,6.5],
            "to": [6,7,9.5],
            "faces": {
                "up": {
                    "uv": [4,2,6,4],
                    "texture": "#texture"
                },
                "down": {
                    "uv": [4,8,6,9],
                    "texture": "#texture"
                },
                "west": {
                    "uv": [11,6,12,9],
                    "texture": "#texture"
                },
                "east": {
                    "uv": [10,6,11,9],
                    "texture": "#texture"
                },
                "north": {
                    "uv": [10,6,12,9],
                    "texture": "#texture"
                },
                "south": {
                    "uv": [4,6,6,9],
                    "texture": "#texture"
                }
            }
        },
        {
            "from": [7,-3,7],
            "to": [9,6,9],
            "faces": {
                "down": {
                    "uv": [7,14,9,16],
                    "texture": "#texture"
                },
                "west": {
                    "uv": [7,7,9,16],
                    "texture": "#texture"
                },
                "east": {
                    "uv": [7,7,9,16],
                    "texture": "#texture"
                },
                "north": {
                    "uv": [7,7,9,16],
                    "texture": "#texture"
                },
                "south": {
                    "uv": [7,7,9,16],
                    "texture": "#texture"
                }
            }
        }
    ],
    "display": {
		"firstperson_righthand": {
            "rotation": [ -90, 100, 10 ],
            "translation": [ 1.5, 2, 0 ],
            "scale": [ 0.6, 0.6, 0.6 ]
		},
        "thirdperson_righthand": {
            "rotation": [ 10, 90, 0 ],
            "translation": [ -0.5, 3, 2.5 ],
            "scale": [ 0.7, 0.7, 0.7 ]
		},
		"gui": {
			"rotation": [ -20, 0, -45 ],
			"translation": [ -0.5, -1.4, 0 ],
			"scale": [ 0.8, 0.8, 0.8 ]
		},
        "ground": {
            "rotation": [ 0, 0, 0 ],
            "translation": [ 0, 4, 0 ],
            "scale": [ 0.5, 0.5, 0.5 ]
        }
    }
}