{
"__comment": "Designed by Tongsama with BDcraft Cubik PRO 0.96 Beta - http://bdcraft.net",
"textures": {
    "texture": "3D/dadao"
},
"elements": [ 
{
    "from": [ -13.5, 7.25, 8.5 ],
    "to": [ -6.5, 8.75, 9.5 ],
    "faces": {
        "down":  { "uv": [ 2.5, 0.5, 14, 3 ], "texture": "#texture" },
        "up":    { "uv": [ 2.5, 0.5, 14, 3 ], "texture": "#texture" },
        "north": { "uv": [ 2.5, 0.5, 14, 3 ], "texture": "#texture" },
        "south": { "uv": [ 2.5, 0.5, 14, 3 ], "texture": "#texture" },
        "west":  { "uv": [ 2.5, 0.5, 3.5, 3 ], "texture": "#texture" },
        "east":  { "uv": [ 2.5, 0.5, 3.5, 3 ], "texture": "#texture" }
    }
},
{
    "from": [ -13.5, 7.5, 8 ],
    "to": [ -6.5, 8.5, 10 ],
    "faces": {
        "down":  { "uv": [ 2.5, 0.5, 14, 3 ], "texture": "#texture" },
        "up":    { "uv": [ 2.5, 0.5, 14, 3 ], "texture": "#texture" },
        "north": { "uv": [ 2.5, 0.5, 14, 3 ], "texture": "#texture" },
        "south": { "uv": [ 2.5, 0.5, 14, 3 ], "texture": "#texture" },
        "west":  { "uv": [ 2.5, 0.5, 3.5, 3 ], "texture": "#texture" },
        "east":  { "uv": [ 2.5, 0.5, 3.5, 3 ], "texture": "#texture" }
    }
},
{
    "from": [ -6.5, 6, 6 ],
    "to": [ -5, 10, 12 ],
    "faces": {
        "down":  { "uv": [ 0, 3.5, 1.5, 10 ], "texture": "#texture" },
        "up":    { "uv": [ 0, 3.5, 1.5, 10 ], "texture": "#texture" },
        "north": { "uv": [ 0, 3.5, 1.5, 10 ], "texture": "#texture" },
        "south": { "uv": [ 0, 3.5, 1.5, 10 ], "texture": "#texture" },
        "west":  { "uv": [ 3.5, 3.5, 10.5, 12 ], "texture": "#texture" },
        "east":  { "uv": [ 3.5, 3.5, 10.5, 12 ], "texture": "#texture" }
    }
},
{
    "from": [ -6.5, 5.5, 6.5 ],
    "to": [ -5, 10.5, 11.5 ],
    "faces": {
        "down":  { "uv": [ 0, 3.5, 1.5, 10 ], "texture": "#texture" },
        "up":    { "uv": [ 0, 3.5, 1.5, 10 ], "texture": "#texture" },
        "north": { "uv": [ 0, 3.5, 1.5, 10 ], "texture": "#texture" },
        "south": { "uv": [ 0, 3.5, 1.5, 10 ], "texture": "#texture" },
        "west":  { "uv": [ 3.5, 3.5, 10.5, 12 ], "texture": "#texture" },
        "east":  { "uv": [ 3.5, 3.5, 10.5, 12 ], "texture": "#texture" }
    }
},
{
    "from": [ -6.5, 6.5, 5.5 ],
    "to": [ -5, 9.5, 12.5 ],
    "faces": {
        "down":  { "uv": [ 0, 3.5, 1.5, 10 ], "texture": "#texture" },
        "up":    { "uv": [ 0, 3.5, 1.5, 10 ], "texture": "#texture" },
        "north": { "uv": [ 0, 3.5, 1.5, 10 ], "texture": "#texture" },
        "south": { "uv": [ 0, 3.5, 1.5, 10 ], "texture": "#texture" },
        "west":  { "uv": [ 3.5, 3.5, 10.5, 12 ], "texture": "#texture" },
        "east":  { "uv": [ 3.5, 3.5, 10.5, 12 ], "texture": "#texture" }
    }
},
{
    "from": [ -16, 7.25, 8 ],
    "to": [ -13.5, 8.75, 10 ],
    "faces": {
        "down":  { "uv": [ 0, 0, 2.5, 3.5 ], "texture": "#texture" },
        "up":    { "uv": [ 0, 0, 2.5, 3.5 ], "texture": "#texture" },
        "north": { "uv": [ 0, 0, 2.5, 3.5 ], "texture": "#texture" },
        "south": { "uv": [ 0, 0, 2.5, 3.5 ], "texture": "#texture" },
        "west":  { "uv": [ 0, 0, 2.5, 3.5 ], "texture": "#texture" },
        "east":  { "uv": [ 0, 0, 2.5, 3.5 ], "texture": "#texture" }
    }
},
{
    "from": [ -5, 7.5, 8.5 ],
    "to": [ 28.5, 8.5, 10 ],
    "faces": {
        "down":  { "uv": [ 0, 16, 14, 12.5 ], "texture": "#texture" },
        "up":    { "uv": [ 0, 12.5, 14, 16 ], "texture": "#texture" },
        "north": { "uv": [ 2, 12.5, 11.5, 13.5 ], "texture": "#texture" },
        "south": { "uv": [ 0, 12.5, 14, 16 ], "texture": "#texture" },
        "west":  { "uv": [ 14, 12.5, 15, 15 ], "texture": "#texture" },
        "east":  { "uv": [ 14, 12.5, 15, 15 ], "texture": "#texture" }
    }
},
{
    "from": [ -5, 7.75, 8 ],
    "to": [ 28.5, 8.25, 8.5 ],
    "faces": {
        "down":  { "uv": [ 2, 13.5, 11.5, 12.5 ], "texture": "#texture" },
        "up":    { "uv": [ 2, 12.5, 11.5, 13.5 ], "texture": "#texture" },
        "north": { "uv": [ 2, 12.5, 11.5, 13 ], "texture": "#texture" },
        "south": { "uv": [ 2, 13.5, 11.5, 13 ], "texture": "#texture" },
        "west":  { "uv": [ 2, 12.5, 2.5, 13 ], "texture": "#texture" },
        "east":  { "uv": [ 11.5, 12.5, 11, 13 ], "texture": "#texture" }
    }
},
{
    "from": [ 28, 7.5, 9 ],
    "to": [ 31, 8.5, 10 ],
    "faces": {
        "down":  { "uv": [ 0, 16, 6.5, 13.5 ], "texture": "#texture" },
        "up":    { "uv": [ 0, 13.5, 7, 16 ], "texture": "#texture" },
        "north": { "uv": [ 2, 12.5, 11.5, 13.5 ], "texture": "#texture" },
        "south": { "uv": [ 0, 13, 10.5, 15.5 ], "texture": "#texture" },
        "west":  { "uv": [ 14, 12.5, 15, 15 ], "texture": "#texture" },
        "east":  { "uv": [ 14, 12.5, 15, 15 ], "texture": "#texture" }
    }
},
{
    "from": [ 28.5, 7.75, 8 ],
    "to": [ 31.4375, 8.25, 9 ],
    "rotation": { "origin": [ 28.5, 7.75, 8 ], "axis": "y", "angle": -22.5 },
    "faces": {
        "down":  { "uv": [ 2, 13.5, 11.5, 12.5 ], "texture": "#texture" },
        "up":    { "uv": [ 2, 12.5, 11.5, 13.5 ], "texture": "#texture" },
        "north": { "uv": [ 2, 12.5, 11.5, 13 ], "texture": "#texture" },
        "south": { "uv": [ 2, 13.5, 11.5, 13 ], "texture": "#texture" },
        "west":  { "uv": [ 2, 12.5, 2.5, 13 ], "texture": "#texture" },
        "east":  { "uv": [ 11.5, 12.5, 11, 13 ], "texture": "#texture" }
    }
}
],
"display": {
    "thirdperson_righthand": {
        "rotation": [ 0, 0, 90 ],
        "translation": [ 0, 12.09, 0.94 ],
        "scale": [ 0.8, 0.8, 0.8 ]
    },
    "thirdperson_lefthand": {
        "rotation": [ 0, 0, -90 ],
        "translation": [ 0, 12.09, 0.94 ],
        "scale": [ 0.8, 0.8, 0.8 ]
    },
    "head": {
        "rotation": [ -58, 0, -90 ],
        "translation": [ 6.05, -24, 3.78 ],
        "scale": [ 1, 1, 1 ]
    },
    "ground": {
        "rotation": [ 0, 0, 0 ],
        "translation": [ 0, 0, 0 ],
        "scale": [ 1, 1, 1 ]
    },
    "fixed": {
        "rotation": [ -90, 0, 0 ],
        "translation": [ 0, -5.5, -3 ],
        "scale": [ 2, 2, 2 ]
    },
    "firstperson_righthand": {
        "rotation": [ 0, 0, 90 ],
        "translation": [ 0, 6.8, 0 ],
        "scale": [ 0.7, 0.7, 0.7 ]
    },
    "firstperson_lefthand": {
        "rotation": [ 0, 0, 90 ],
        "translation": [ 0, 6.8, 0 ],
        "scale": [ 0.7, 0.7, 0.7 ]
    },
    "gui": {
        "rotation": [ -142, 27, 37 ],
        "translation": [ 0, 0, 0 ],
        "scale": [ 0.5, 0.5, 0.5 ]
    }
}
}