{
    "__createdwith": "opl's Model Creator",
    "ambientocclusion": false,
    "textures": {
        "lightning": "jhsy/thunderbolt",
        "texture": "jhsy/zhuazi/thunder2",
        "bolt": "jhsy/zhuazi/thunderbolt"
    },
    "elements": [
        {
            "from": [6,7,5],
            "to": [10,9,7],
            "faces": {
                "up": {
                    "uv": [4,0,0,2],
                    "texture": "#texture"
                },
                "down": {
                    "uv": [4,0,0,2],
                    "texture": "#texture"
                },
                "north": {
                    "uv": [0,0,4,2],
                    "texture": "#texture"
                },
                "south": {
                    "uv": [4,0,0,2],
                    "texture": "#texture"
                }
            }
        },
        {
            "from": [5,7,4],
            "to": [6,9,7],
            "faces": {
                "up": {
                    "uv": [7,13,8,10],
                    "texture": "#texture"
                },
                "down": {
                    "uv": [6,13,7,16],
                    "texture": "#texture"
                },
                "west": {
                    "uv": [10,1,13,3],
                    "texture": "#texture"
                },
                "east": {
                    "uv": [13,1,10,3],
                    "texture": "#texture"
                },
                "south": {
                    "uv": [5,10,6,12],
                    "texture": "#texture"
                }
            }
        },
        {
            "from": [10,7,4],
            "to": [11,9,7],
            "faces": {
                "up": {
                    "uv": [7,13,8,10],
                    "texture": "#texture"
                },
                "down": {
                    "uv": [7,13,8,16],
                    "texture": "#texture"
                },
                "west": {
                    "uv": [10,1,13,3],
                    "texture": "#texture"
                },
                "east": {
                    "uv": [13,1,10,3],
                    "texture": "#texture"
                },
                "south": {
                    "uv": [5,10,6,12],
                    "texture": "#texture"
                }
            }
        },
        {
            "from": [6,0,1],
            "to": [10,2,4],
            "faces": {
                "down": {
                    "uv": [5,13,8,16],
                    "texture": "#texture"
                },
                "west": {
                    "uv": [7,8,10,10],
                    "texture": "#texture"
                },
                "east": {
                    "uv": [10,8,7,10],
                    "texture": "#texture"
                },
                "north": {
                    "uv": [11,14,15,16],
                    "texture": "#texture"
                },
                "south": {
                    "uv": [11,14,15,16],
                    "texture": "#texture"
                }
            }
        },
        {
            "from": [5,2,0],
            "to": [11,3,4],
            "faces": {
                "down": {
                    "uv": [5,13,8,16],
                    "texture": "#texture"
                },
                "west": {
                    "uv": [6,7,10,8],
                    "texture": "#texture"
                },
                "east": {
                    "uv": [10,7,6,8],
                    "texture": "#texture"
                },
                "north": {
                    "uv": [10,13,16,14],
                    "texture": "#texture"
                },
                "south": {
                    "uv": [10,13,16,14],
                    "texture": "#texture"
                }
            }
        },
        {
            "from": [5,3,-0.25],
            "to": [11,6,4.25],
            "faces": {
                "up": {
                    "uv": [10,10,16,13],
                    "texture": "#texture"
                },
                "down": {
                    "uv": [13,0,16,3],
                    "texture": "#texture"
                },
                "west": {
                    "uv": [6,4,10,7],
                    "texture": "#texture"
                },
                "east": {
                    "uv": [10,4,6,7],
                    "texture": "#texture"
                },
                "north": {
                    "uv": [10,10,16,13],
                    "texture": "#texture"
                },
                "south": {
                    "uv": [13,0,16,3],
                    "texture": "#texture"
                }
            }
        },
        {
            "from": [5,6,1],
            "to": [11,9,4],
            "faces": {
                "up": {
                    "uv": [5,10,8,13],
                    "texture": "#texture"
                },
                "west": {
                    "uv": [7,1,10,4],
                    "texture": "#texture"
                },
                "east": {
                    "uv": [10,1,7,4],
                    "texture": "#texture"
                },
                "north": {
                    "uv": [10,7,16,10],
                    "texture": "#texture"
                },
                "south": {
                    "uv": [5,13,8,16],
                    "texture": "#texture"
                }
            }
        },
        {
            "from": [6,9,1],
            "to": [10,10,4],
            "faces": {
                "up": {
                    "uv": [5,10,8,13],
                    "texture": "#texture"
                },
                "west": {
                    "uv": [7,0,10,1],
                    "texture": "#texture"
                },
                "east": {
                    "uv": [10,0,7,1],
                    "texture": "#texture"
                },
                "north": {
                    "uv": [11,6,15,7],
                    "texture": "#texture"
                },
                "south": {
                    "uv": [5,15,8,16],
                    "texture": "#texture"
                }
            }
        },
        {
            "from": [5,18,4],
            "to": [6,22,5],
            "faces": {
                "up": {
                    "uv": [5,0,6,1],
                    "texture": "#texture"
                },
                "down": {
                    "uv": [5,5,6,6],
                    "texture": "#texture"
                },
                "west": {
                    "uv": [5,0,6,4],
                    "texture": "#texture"
                },
                "east": {
                    "uv": [6,0,5,4],
                    "texture": "#texture"
                },
                "north": {
                    "uv": [5,0,6,6],
                    "texture": "#texture"
                },
                "south": {
                    "uv": [5,0,6,6],
                    "texture": "#texture"
                }
            }
        },
        {
            "from": [5,9,3],
            "to": [6,21,4],
            "faces": {
                "up": {
                    "uv": [4,1,5,2],
                    "texture": "#texture"
                },
                "down": {
                    "uv": [4,14,5,15],
                    "texture": "#texture"
                },
                "west": {
                    "uv": [4,3,5,15],
                    "texture": "#texture"
                },
                "east": {
                    "uv": [5,3,4,15],
                    "texture": "#texture"
                },
                "north": {
                    "uv": [4,1,5,15],
                    "texture": "#texture"
                },
                "south": {
                    "uv": [4,3,5,15],
                    "texture": "#texture"
                }
            }
        },
        {
            "from": [5,9,2],
            "to": [6,20,3],
            "faces": {
                "up": {
                    "uv": [3,2,4,3],
                    "texture": "#texture"
                },
                "west": {
                    "uv": [3,4,4,15],
                    "texture": "#texture"
                },
                "east": {
                    "uv": [4,4,3,15],
                    "texture": "#texture"
                },
                "north": {
                    "uv": [3,4,4,15],
                    "texture": "#texture"
                }
            }
        },
        {
            "from": [5,21,5],
            "to": [6,22,6],
            "faces": {
                "up": {
                    "uv": [5,0,6,1],
                    "texture": "#texture"
                },
                "down": {
                    "uv": [5,0,6,1],
                    "texture": "#texture"
                },
                "west": {
                    "uv": [5,0,6,1],
                    "texture": "#texture"
                },
                "east": {
                    "uv": [6,0,5,1],
                    "texture": "#texture"
                },
                "south": {
                    "uv": [5,0,6,1],
                    "texture": "#texture"
                }
            }
        },
        {
            "from": [10,21,5],
            "to": [11,22,6],
            "faces": {
                "up": {
                    "uv": [5,0,6,1],
                    "texture": "#texture"
                },
                "down": {
                    "uv": [5,0,6,1],
                    "texture": "#texture"
                },
                "west": {
                    "uv": [5,0,6,1],
                    "texture": "#texture"
                },
                "east": {
                    "uv": [6,0,5,1],
                    "texture": "#texture"
                },
                "south": {
                    "uv": [5,0,6,1],
                    "texture": "#texture"
                }
            }
        },
        {
            "from": [10,18,4],
            "to": [11,22,5],
            "faces": {
                "up": {
                    "uv": [5,0,6,1],
                    "texture": "#texture"
                },
                "down": {
                    "uv": [5,5,6,6],
                    "texture": "#texture"
                },
                "west": {
                    "uv": [5,0,6,4],
                    "texture": "#texture"
                },
                "east": {
                    "uv": [6,0,5,4],
                    "texture": "#texture"
                },
                "north": {
                    "uv": [5,0,6,6],
                    "texture": "#texture"
                },
                "south": {
                    "uv": [5,0,6,6],
                    "texture": "#texture"
                }
            }
        },
        {
            "from": [10,9,3],
            "to": [11,21,4],
            "faces": {
                "up": {
                    "uv": [4,1,5,2],
                    "texture": "#texture"
                },
                "down": {
                    "uv": [4,14,5,15],
                    "texture": "#texture"
                },
                "west": {
                    "uv": [4,3,5,15],
                    "texture": "#texture"
                },
                "east": {
                    "uv": [5,3,4,15],
                    "texture": "#texture"
                },
                "north": {
                    "uv": [4,1,5,15],
                    "texture": "#texture"
                },
                "south": {
                    "uv": [4,3,5,15],
                    "texture": "#texture"
                }
            }
        },
        {
            "from": [10,9,2],
            "to": [11,20,3],
            "faces": {
                "up": {
                    "uv": [3,2,4,3],
                    "texture": "#texture"
                },
                "west": {
                    "uv": [3,4,4,15],
                    "texture": "#texture"
                },
                "east": {
                    "uv": [4,4,3,15],
                    "texture": "#texture"
                },
                "north": {
                    "uv": [3,4,4,15],
                    "texture": "#texture"
                }
            }
        },
        {
            "from": [7.5,21,3],
            "to": [8.5,22,4],
            "faces": {
                "up": {
                    "uv": [5,0,6,1],
                    "texture": "#texture"
                },
                "down": {
                    "uv": [5,0,6,1],
                    "texture": "#texture"
                },
                "west": {
                    "uv": [5,0,6,1],
                    "texture": "#texture"
                },
                "east": {
                    "uv": [6,0,5,1],
                    "texture": "#texture"
                },
                "south": {
                    "uv": [5,0,6,1],
                    "texture": "#texture"
                }
            }
        },
        {
            "from": [7.5,18,2],
            "to": [8.5,22,3],
            "faces": {
                "up": {
                    "uv": [5,0,6,1],
                    "texture": "#texture"
                },
                "down": {
                    "uv": [5,5,6,6],
                    "texture": "#texture"
                },
                "west": {
                    "uv": [5,0,6,4],
                    "texture": "#texture"
                },
                "east": {
                    "uv": [6,0,5,4],
                    "texture": "#texture"
                },
                "north": {
                    "uv": [5,0,6,6],
                    "texture": "#texture"
                },
                "south": {
                    "uv": [5,0,6,6],
                    "texture": "#texture"
                }
            }
        },
        {
            "from": [7.5,9,1],
            "to": [8.5,21,2],
            "faces": {
                "up": {
                    "uv": [4,1,5,2],
                    "texture": "#texture"
                },
                "down": {
                    "uv": [4,14,5,15],
                    "texture": "#texture"
                },
                "west": {
                    "uv": [4,3,5,15],
                    "texture": "#texture"
                },
                "east": {
                    "uv": [5,3,4,15],
                    "texture": "#texture"
                },
                "north": {
                    "uv": [4,1,5,15],
                    "texture": "#texture"
                },
                "south": {
                    "uv": [4,3,5,15],
                    "texture": "#texture"
                }
            }
        },
        {
            "from": [7.5,9,0],
            "to": [8.5,20,1],
            "faces": {
                "up": {
                    "uv": [3,2,4,3],
                    "texture": "#texture"
                },
                "west": {
                    "uv": [3,4,4,15],
                    "texture": "#texture"
                },
                "east": {
                    "uv": [4,4,3,15],
                    "texture": "#texture"
                },
                "north": {
                    "uv": [3,4,4,15],
                    "texture": "#texture"
                }
            }
        },
        {
            "from": [6,6,0],
            "to": [10,9,1],
            "faces": {
                "up": {
                    "uv": [5,10,8,13],
                    "texture": "#texture"
                },
                "west": {
                    "uv": [6,1,7,4],
                    "texture": "#texture"
                },
                "east": {
                    "uv": [7,1,6,4],
                    "texture": "#texture"
                },
                "north": {
                    "uv": [11,7,15,10],
                    "texture": "#texture"
                }
            }
        },
        {
            "from": [7,1,-1],
            "to": [9,3,1],
            "faces": {
                "up": {
                    "uv": [2,2,0,3],
                    "texture": "#texture"
                },
                "down": {
                    "uv": [2,3,0,4],
                    "texture": "#texture"
                },
                "west": {
                    "uv": [1,2,2,4],
                    "texture": "#texture"
                },
                "east": {
                    "uv": [0,2,1,4],
                    "texture": "#texture"
                },
                "north": {
                    "uv": [0,2,2,4],
                    "texture": "#texture"
                }
            }
        },
        {
            "from": [6.5,18.5,4.98],
            "to": [14.5,24.5,5.02],
			"shade": false,
			"rotation": { "origin": [ 10.5, 22, 5 ], "axis": "y", "angle": -45, "rescale": true },
            "faces": {
                "north": {
                    "uv": [0,0,16,16],
                    "texture": "#bolt"
                },
                "south": {
                    "uv": [0,0,16,16],
                    "texture": "#bolt"
                }
            }
        },
        {
            "from": [6.5,18.5,4.98],
            "to": [14.5,24.5,5.02],
			"shade": false,
			"rotation": { "origin": [ 10.5, 22, 5 ], "axis": "y", "angle": 45, "rescale": true },
            "faces": {
                "north": {
                    "uv": [0,0,16,16],
                    "texture": "#bolt"
                },
                "south": {
                    "uv": [0,0,16,16],
                    "texture": "#bolt"
                }
            }
        },
        {
            "from": [1.5,18.5,4.98],
            "to": [9.5,24.5,5.02],
			"shade": false,
			"rotation": { "origin": [ 5.5, 22, 5 ], "axis": "y", "angle": -45, "rescale": true },
            "faces": {
                "north": {
                    "uv": [0,0,16,16],
                    "texture": "#bolt"
                },
                "south": {
                    "uv": [0,0,16,16],
                    "texture": "#bolt"
                }
            }
        },
        {
            "from": [1.5,18.5,4.98],
            "to": [9.5,24.5,5.02],
			"shade": false,
			"rotation": { "origin": [ 5.5, 22, 5 ], "axis": "y", "angle": 45, "rescale": true },
            "faces": {
                "north": {
                    "uv": [0,0,16,16],
                    "texture": "#bolt"
                },
                "south": {
                    "uv": [0,0,16,16],
                    "texture": "#bolt"
                }
            }
        },
        {
            "from": [4,18.5,2.98],
            "to": [12,24.5,3.02],
			"shade": false,
			"rotation": { "origin": [ 8, 22, 3 ], "axis": "y", "angle": -45, "rescale": true },
            "faces": {
                "north": {
                    "uv": [0,0,16,16],
                    "texture": "#bolt"
                },
                "south": {
                    "uv": [0,0,16,16],
                    "texture": "#bolt"
                }
            }
        },
        {
            "from": [4,18.5,2.98],
            "to": [12,24.5,3.02],
			"shade": false,
			"rotation": { "origin": [ 8, 22, 3 ], "axis": "y", "angle": 45, "rescale": true },
            "faces": {
                "north": {
                    "uv": [0,0,16,16],
                    "texture": "#bolt"
                },
                "south": {
                    "uv": [0,0,16,16],
                    "texture": "#bolt"
                }
            }
        },
        {
            "from": [5,8.5,2.98],
            "to": [11,15.5,3.02],
			"shade": false,
			"rotation": { "origin": [ 8, 12, 3 ], "axis": "x", "angle": -45, "rescale": true },
            "faces": {
                "north": {
                    "uv": [0,0,16,16],
                    "texture": "#lightning"
                },
                "south": {
                    "uv": [0,0,16,16],
                    "texture": "#lightning"
                }
            }
        },
        {
            "from": [5,8.5,2.98],
            "to": [11,15.5,3.02],
			"shade": false,
			"rotation": { "origin": [ 8, 12, 3 ], "axis": "x", "angle": 45, "rescale": true },
            "faces": {
                "north": {
                    "uv": [0,0,16,16],
                    "texture": "#lightning"
                },
                "south": {
                    "uv": [0,0,16,16],
                    "texture": "#lightning"
                }
            }
        }
    ]
}