{
    "__createdwith": "opl's Model Creator",
    "ambientocclusion": false,
    "textures": {
        "wand": "jhsy/huozhang/fire2",
        "flame": "jhsy/candle_flame"
    },
    "elements": [
        {
            "from": [7,-4,7],
            "to": [9,12,9],
            "faces": {
                "down": {
                    "uv": [13,14,15,16],
                    "texture": "#wand"
                },
                "west": {
                    "uv": [13,0,15,16],
                    "texture": "#wand"
                },
                "east": {
                    "uv": [13,0,15,16],
                    "texture": "#wand"
                },
                "north": {
                    "uv": [13,0,15,16],
                    "texture": "#wand"
                },
                "south": {
                    "uv": [13,0,15,16],
                    "texture": "#wand"
                }
            }
        },
        {
            "from": [6,-2,7],
            "to": [10,0,9],
            "faces": {
                "up": {
                    "uv": [12,12,16,14],
                    "texture": "#wand"
                },
                "down": {
                    "uv": [12,12,16,14],
                    "texture": "#wand"
                },
                "west": {
                    "uv": [13,12,15,14],
                    "texture": "#wand"
                },
                "east": {
                    "uv": [13,12,15,14],
                    "texture": "#wand"
                },
                "north": {
                    "uv": [12,12,16,14],
                    "texture": "#wand"
                },
                "south": {
                    "uv": [12,12,16,14],
                    "texture": "#wand"
                }
            }
        },
        {
            "from": [7,12,7],
            "to": [9,13,9],
            "faces": {
                "west": {
                    "uv": [3,15,5,16],
                    "texture": "#wand"
                },
                "east": {
                    "uv": [3,15,5,16],
                    "texture": "#wand"
                },
                "north": {
                    "uv": [3,15,5,16],
                    "texture": "#wand"
                },
                "south": {
                    "uv": [3,15,5,16],
                    "texture": "#wand"
                }
            }
        },
        {
            "from": [5,13,6],
            "to": [11,14,10],
            "faces": {
                "up": {
                    "uv": [1,14,7,15],
                    "texture": "#wand"
                },
                "down": {
                    "uv": [1,14,7,15],
                    "texture": "#wand"
                },
                "west": {
                    "uv": [2,14,6,15],
                    "texture": "#wand"
                },
                "east": {
                    "uv": [2,14,6,15],
                    "texture": "#wand"
                },
                "north": {
                    "uv": [1,14,7,15],
                    "texture": "#wand"
                },
                "south": {
                    "uv": [1,14,7,15],
                    "texture": "#wand"
                }
            }
        },
        {
            "from": [6,14,7],
            "to": [10,16,9],
            "faces": {
                "west": {
                    "uv": [3,12,5,14],
                    "texture": "#wand"
                },
                "east": {
                    "uv": [3,12,5,14],
                    "texture": "#wand"
                },
                "north": {
                    "uv": [6,12,2,14],
                    "texture": "#wand"
                },
                "south": {
                    "uv": [2,12,6,14],
                    "texture": "#wand"
                }
            }
        },
        {
            "from": [5,16,7],
            "to": [11,18,9],
            "faces": {
                "up": {
                    "uv": [1,10,7,11],
                    "texture": "#wand"
                },
                "down": {
                    "uv": [1,11,7,12],
                    "texture": "#wand"
                },
                "west": {
                    "uv": [3,12,5,14],
                    "texture": "#wand"
                },
                "east": {
                    "uv": [3,12,5,14],
                    "texture": "#wand"
                },
                "north": {
                    "uv": [7,10,1,12],
                    "texture": "#wand"
                },
                "south": {
                    "uv": [1,10,7,12],
                    "texture": "#wand"
                }
            }
        },
        {
            "from": [9,18,7],
            "to": [12,19,9],
            "faces": {
                "up": {
                    "uv": [5,9,8,10],
                    "texture": "#wand"
                },
                "down": {
                    "uv": [5,9,8,10],
                    "texture": "#wand"
                },
                "west": {
                    "uv": [2,9,3,10],
                    "texture": "#wand"
                },
                "east": {
                    "uv": [0,9,1,10],
                    "texture": "#wand"
                },
                "north": {
                    "uv": [0,9,3,10],
                    "texture": "#wand"
                },
                "south": {
                    "uv": [3,9,0,10],
                    "texture": "#wand"
                }
            }
        },
        {
            "from": [4,18,7],
            "to": [7,19,9],
            "faces": {
                "up": {
                    "uv": [0,9,3,10],
                    "texture": "#wand"
                },
                "down": {
                    "uv": [0,9,3,10],
                    "texture": "#wand"
                },
                "west": {
                    "uv": [7,9,8,10],
                    "texture": "#wand"
                },
                "east": {
                    "uv": [5,9,6,10],
                    "texture": "#wand"
                },
                "north": {
                    "uv": [5,9,8,10],
                    "texture": "#wand"
                },
                "south": {
                    "uv": [8,9,5,10],
                    "texture": "#wand"
                }
            }
        },
        {
            "from": [10,19,7],
            "to": [12,21,9],
            "faces": {
                "up": {
                    "uv": [2,7,0,8],
                    "texture": "#wand"
                },
                "west": {
                    "uv": [1,7,2,9],
                    "texture": "#wand"
                },
                "east": {
                    "uv": [0,7,1,9],
                    "texture": "#wand"
                },
                "north": {
                    "uv": [0,7,2,9],
                    "texture": "#wand"
                },
                "south": {
                    "uv": [2,7,0,9],
                    "texture": "#wand"
                }
            }
        },
        {
            "from": [4,19,7],
            "to": [6,21,9],
            "faces": {
                "up": {
                    "uv": [8,7,6,8],
                    "texture": "#wand"
                },
                "west": {
                    "uv": [7,7,8,9],
                    "texture": "#wand"
                },
                "east": {
                    "uv": [6,7,7,9],
                    "texture": "#wand"
                },
                "north": {
                    "uv": [6,7,8,9],
                    "texture": "#wand"
                },
                "south": {
                    "uv": [8,7,6,9],
                    "texture": "#wand"
                }
            }
        },
        {
            "from": [5,21,7],
            "to": [6,22,9],
            "faces": {
                "up": {
                    "uv": [6,6,7,7],
                    "texture": "#wand"
                },
                "west": {
                    "uv": [6,6,7,7],
                    "texture": "#wand"
                },
                "east": {
                    "uv": [6,6,7,7],
                    "texture": "#wand"
                },
                "north": {
                    "uv": [6,6,7,7],
                    "texture": "#wand"
                },
                "south": {
                    "uv": [7,6,6,7],
                    "texture": "#wand"
                }
            }
        },
        {
            "from": [10,21,7],
            "to": [11,22,9],
            "faces": {
                "up": {
                    "uv": [1,6,2,7],
                    "texture": "#wand"
                },
                "west": {
                    "uv": [1,6,2,7],
                    "texture": "#wand"
                },
                "east": {
                    "uv": [1,6,2,7],
                    "texture": "#wand"
                },
                "north": {
                    "uv": [1,6,2,7],
                    "texture": "#wand"
                },
                "south": {
                    "uv": [2,6,1,7],
                    "texture": "#wand"
                }
            }
        },
        {
            "from": [7,14,6],
            "to": [9,16,10],
            "faces": {
                "up": {
                    "uv": [3,12,5,13],
                    "texture": "#wand"
                },
                "west": {
                    "uv": [2,12,6,14],
                    "texture": "#wand"
                },
                "east": {
                    "uv": [2,12,6,14],
                    "texture": "#wand"
                },
                "north": {
                    "uv": [5,12,3,14],
                    "texture": "#wand"
                },
                "south": {
                    "uv": [3,12,5,14],
                    "texture": "#wand"
                }
            }
        },
        {
            "from": [7,16,5],
            "to": [9,17,11],
            "faces": {
                "up": {
                    "uv": [1,11,7,12],
                    "texture": "#wand",
                    "rotation": 90
                },
                "down": {
                    "uv": [1,11,7,12],
                    "texture": "#wand",
                    "rotation": 90
                },
                "west": {
                    "uv": [1,11,7,12],
                    "texture": "#wand"
                },
                "east": {
                    "uv": [1,11,7,12],
                    "texture": "#wand"
                },
                "north": {
                    "uv": [2,11,1,12],
                    "texture": "#wand"
                },
                "south": {
                    "uv": [6,11,7,12],
                    "texture": "#wand"
                }
            }
        },
        {
            "from": [4,20,7.98],
            "to": [12,28,8.02],
			"shade": false,
			"rotation": { "origin": [ 8, 22, 8 ], "axis": "y", "angle": 45, "rescale": true },
            "faces": {
                "north": {
                    "uv": [16,0,0,16],
                    "texture": "#flame"
                },
                "south": {
                    "uv": [0,0,16,16],
                    "texture": "#flame"
                }
            }
        },
        {
            "from": [4,20,7.98],
            "to": [12,28,8.02],
			"shade": false,
			"rotation": { "origin": [ 8, 22, 8 ], "axis": "y", "angle": -45, "rescale": true },
            "faces": {
                "north": {
                    "uv": [16,0,0,16],
                    "texture": "#flame"
                },
                "south": {
                    "uv": [0,0,16,16],
                    "texture": "#flame"
                }
            }
        }
    ]
}