{
    "__createdwith": "opl's Model Creator",
    "ambientocclusion": false,
    "textures": {
        "tornado": "jhsy/air_anim3",
        "wrap": "jhsy/muzhang/air1"
    },
    "elements": [
        {
            "from": [6,16,6],
            "to": [10,22,10],
            "faces": {
                "up": {
                    "uv": [1,11,5,15],
                    "texture": "#wrap"
                },
                "down": {
                    "uv": [1,11,5,15],
                    "texture": "#wrap"
                },
                "west": {
                    "uv": [1,10,5,16],
                    "texture": "#wrap"
                },
                "east": {
                    "uv": [1,10,5,16],
                    "texture": "#wrap"
                },
                "north": {
                    "uv": [1,10,5,16],
                    "texture": "#wrap"
                },
                "south": {
                    "uv": [1,10,5,16],
                    "texture": "#wrap"
                }
            }
        },
        {
            "from": [5,17,6],
            "to": [11,21,10],
            "faces": {
                "up": {
                    "uv": [0,11,6,15],
                    "texture": "#wrap"
                },
                "down": {
                    "uv": [0,11,6,15],
                    "texture": "#wrap"
                },
                "west": {
                    "uv": [1,11,5,15],
                    "texture": "#wrap"
                },
                "east": {
                    "uv": [1,11,5,15],
                    "texture": "#wrap"
                },
                "north": {
                    "uv": [0,11,6,15],
                    "texture": "#wrap"
                },
                "south": {
                    "uv": [0,11,6,15],
                    "texture": "#wrap"
                }
            }
        },
        {
            "from": [6,17,5],
            "to": [10,21,11],
            "faces": {
                "up": {
                    "uv": [1,10,5,16],
                    "texture": "#wrap"
                },
                "down": {
                    "uv": [1,10,5,16],
                    "texture": "#wrap"
                },
                "west": {
                    "uv": [0,11,6,15],
                    "texture": "#wrap"
                },
                "east": {
                    "uv": [0,11,6,15],
                    "texture": "#wrap"
                },
                "north": {
                    "uv": [1,11,5,15],
                    "texture": "#wrap"
                },
                "south": {
                    "uv": [1,11,5,15],
                    "texture": "#wrap"
                }
            }
        },
        {
            "from": [4,14,6],
            "to": [12,16,10],
            "faces": {
                "up": {
                    "uv": [8,14,12,16],
                    "texture": "#wrap"
                },
                "down": {
                    "uv": [8,10,12,12],
                    "texture": "#wrap"
                },
                "west": {
                    "uv": [8,0,9,2],
                    "texture": "#wrap"
                },
                "east": {
                    "uv": [1,0,2,2],
                    "texture": "#wrap"
                },
                "north": {
                    "uv": [1,0,9,2],
                    "texture": "#wrap"
                },
                "south": {
                    "uv": [1,0,9,2],
                    "texture": "#wrap"
                }
            }
        },
        {
            "from": [6,11,6],
            "to": [10,14,9],
            "faces": {
                "down": {
                    "uv": [3,2,7,5],
                    "texture": "#wrap"
                },
                "west": {
                    "uv": [3,2,6,5],
                    "texture": "#wrap"
                },
                "east": {
                    "uv": [4,2,7,5],
                    "texture": "#wrap"
                },
                "north": {
                    "uv": [3,2,7,5],
                    "texture": "#wrap"
                },
                "south": {
                    "uv": [3,2,7,5],
                    "texture": "#wrap"
                }
            }
        },
        {
            "from": [6,10,6],
            "to": [9,11,9],
            "faces": {
                "down": {
                    "uv": [3,3,6,6],
                    "texture": "#wrap"
                },
                "west": {
                    "uv": [3,5,6,6],
                    "texture": "#wrap"
                },
                "east": {
                    "uv": [3,5,6,6],
                    "texture": "#wrap"
                },
                "north": {
                    "uv": [3,5,6,6],
                    "texture": "#wrap"
                },
                "south": {
                    "uv": [3,5,6,6],
                    "texture": "#wrap"
                }
            }
        },
        {
            "from": [6,3,7],
            "to": [9,10,9],
            "faces": {
                "down": {
                    "uv": [8,8,11,10],
                    "texture": "#wrap"
                },
                "west": {
                    "uv": [15,0,13,7],
                    "texture": "#wrap"
                },
                "east": {
                    "uv": [14,0,16,7],
                    "texture": "#wrap"
                },
                "north": {
                    "uv": [16,0,13,7],
                    "texture": "#wrap"
                },
                "south": {
                    "uv": [13,0,16,7],
                    "texture": "#wrap"
                }
            }
        },
        {
            "from": [7.5,-1,7.5],
            "to": [9.5,4,9.5],
            "faces": {
                "up": {
                    "uv": [14,5,16,7],
                    "texture": "#wrap"
                },
                "down": {
                    "uv": [8,8,10,10],
                    "texture": "#wrap"
                },
                "west": {
                    "uv": [14,6,16,11],
                    "texture": "#wrap"
                },
                "east": {
                    "uv": [14,6,16,11],
                    "texture": "#wrap"
                },
                "north": {
                    "uv": [16,6,14,11],
                    "texture": "#wrap"
                },
                "south": {
                    "uv": [16,6,14,11],
                    "texture": "#wrap"
                }
            }
        },
        {
            "from": [6.5,-5,8],
            "to": [8.5,0,10],
            "faces": {
                "up": {
                    "uv": [8,8,10,10],
                    "texture": "#wrap"
                },
                "down": {
                    "uv": [8,8,10,10],
                    "texture": "#wrap"
                },
                "west": {
                    "uv": [13,10,15,15],
                    "texture": "#wrap"
                },
                "east": {
                    "uv": [13,10,15,15],
                    "texture": "#wrap"
                },
                "north": {
                    "uv": [13,10,15,15],
                    "texture": "#wrap"
                },
                "south": {
                    "uv": [13,10,15,15],
                    "texture": "#wrap"
                }
            }
        },
        {
            "from": [5.5,-6,7.5],
            "to": [7.5,-4,9.5],
            "faces": {
                "up": {
                    "uv": [8,10,10,12],
                    "texture": "#wrap"
                },
                "down": {
                    "uv": [12,14,14,16],
                    "texture": "#wrap"
                },
                "west": {
                    "uv": [12,14,14,16],
                    "texture": "#wrap"
                },
                "east": {
                    "uv": [12,14,14,16],
                    "texture": "#wrap"
                },
                "north": {
                    "uv": [12,14,14,16],
                    "texture": "#wrap"
                },
                "south": {
                    "uv": [12,14,14,16],
                    "texture": "#wrap"
                }
            }
        },
        {
            "from": [12,13,7],
            "to": [13,15,9],
            "faces": {
                "up": {
                    "uv": [8,8,9,10],
                    "texture": "#wrap"
                },
                "down": {
                    "texture": "missingtexture"
                },
                "west": {
                    "uv": [8,8,10,10],
                    "texture": "#wrap"
                },
                "east": {
                    "uv": [8,8,10,10],
                    "texture": "#wrap"
                },
                "north": {
                    "uv": [0,1,1,3],
                    "texture": "#wrap"
                },
                "south": {
                    "uv": [9,1,10,3],
                    "texture": "#wrap"
                }
            }
        },
        {
            "from": [3,13,7],
            "to": [4,15,9],
            "faces": {
                "up": {
                    "uv": [8,8,9,10],
                    "texture": "#wrap"
                },
                "down": {
                    "texture": "missingtexture"
                },
                "west": {
                    "uv": [8,9,10,11],
                    "texture": "#wrap"
                },
                "east": {
                    "uv": [8,9,10,11],
                    "texture": "#wrap"
                },
                "north": {
                    "uv": [9,2,10,4],
                    "texture": "#wrap"
                },
                "south": {
                    "uv": [0,1,1,3],
                    "texture": "#wrap"
                }
            }
        },
        {
            "from": [3,12,7],
            "to": [5,13,9],
            "faces": {
                "up": {
                    "uv": [8,8,10,10],
                    "texture": "#wrap"
                },
                "down": {
                    "uv": [9,10,11,12],
                    "texture": "#wrap"
                },
                "west": {
                    "uv": [8,9,10,10],
                    "texture": "#wrap"
                },
                "east": {
                    "uv": [8,9,10,10],
                    "texture": "#wrap"
                },
                "north": {
                    "uv": [8,3,10,4],
                    "texture": "#wrap"
                },
                "south": {
                    "uv": [0,3,2,4],
                    "texture": "#wrap"
                }
            }
        },
        {
            "from": [11,12,7],
            "to": [13,13,9],
            "faces": {
                "up": {
                    "uv": [8,8,10,10],
                    "texture": "#wrap"
                },
                "down": {
                    "uv": [10,8,12,10],
                    "texture": "#wrap"
                },
                "west": {
                    "uv": [8,9,10,10],
                    "texture": "#wrap"
                },
                "east": {
                    "uv": [8,8,10,9],
                    "texture": "#wrap"
                },
                "north": {
                    "uv": [0,3,2,4],
                    "texture": "#wrap"
                },
                "south": {
                    "uv": [8,3,10,4],
                    "texture": "#wrap"
                }
            }
        },
        {
            "from": [1.5,19.98,1.5],
            "to": [14.5,20.02,14.5],
			"shade": false,
			"rotation": { "origin": [ 8, 20, 8 ], "axis": "x", "angle": 22.5, "rescale": false },
            "faces": {
                "up": {
                    "uv": [0,0,16,16],
                    "texture": "#tornado"
                },
                "down": {
                    "uv": [0,16,16,0],
                    "texture": "#tornado"
                }
            }
        },
		{
            "from": [1.5,19.98,1.5],
            "to": [14.5,20.02,14.5],
			"shade": false,
			"rotation": { "origin": [ 8, 20, 8 ], "axis": "x", "angle": -22.5, "rescale": false },
            "faces": {
                "up": {
                    "uv": [0,0,16,16],
                    "texture": "#tornado"
                },
                "down": {
                    "uv": [0,16,16,0],
                    "texture": "#tornado"
                }
            }
        },
        {
            "from": [3,17.98,3],
            "to": [13,18.02,13],
			"shade": false,
			"rotation": { "origin": [ 8, 18, 8 ], "axis": "z", "angle": 22.5, "rescale": false },
            "faces": {
                "up": {
                    "uv": [0,0,16,16],
                    "texture": "#tornado"
                },
                "down": {
                    "uv": [0,16,16,0],
                    "texture": "#tornado"
                }
            }
        },
		{
            "from": [3,17.98,3],
            "to": [13,18.02,13],
			"shade": false,
			"rotation": { "origin": [ 8, 18, 8 ], "axis": "z", "angle": -22.5, "rescale": false },
            "faces": {
                "up": {
                    "uv": [0,0,16,16],
                    "texture": "#tornado"
                },
                "down": {
                    "uv": [0,16,16,0],
                    "texture": "#tornado"
                }
            }
        }
    ]
}