{
	"__comment": "Designed by Cm@BlackSpigotMC with Cubik Studio - https://cubik.studio",
	"textures": {
		"particle": "blocks/e_particle",
		"texture": "3d/green-yellow_swirl"
	},
	"elements": [
		{
			"__comment": "Cube1",
			"from": [ -16, -16, -16 ],
			"to": [ 32, 32, 32 ],
			"faces": {
				"down": { "uv": [ 0, 0, 16, 16 ], "texture": "#texture" },
				"up": { "uv": [ 0, 0, 16, 16 ], "texture": "#texture" },
				"north": { "uv": [ 0, 0, 16, 16 ], "texture": "#texture" },
				"south": { "uv": [ 0, 0, 16, 16 ], "texture": "#texture" },
				"west": { "uv": [ 0, 0, 16, 16 ], "texture": "#texture" },
				"east": { "uv": [ 0, 0, 16, 16 ], "texture": "#texture" }
			}
		}
	],
	"display": {
		"gui": {
			"scale":  [ 0.55, 0.55, 0.55 ]
		},
		"head": {
			"translation":  [ 0, -15, 0 ],
			"scale":  [ 1.15, 1.15, 1.15 ]
		}
	}
}