{
"__comment": "Designed by FirecatHD",
"textures": {
    "texture": "3d/multielement_bow_all",
    "blade_glow": "3d/blade_glow",
    "green-yellow_swirl": "3d/green-yellow_swirl",
    "red-blue_swirl": "3d/red-blue_swirl"
},
"elements": [ 
{
    "from": [ 4, 4, 7 ],
    "to": [ 5, 9.75, 8 ],
    "faces": {
        "down":  { "uv": [ 3.625, 13.375, 4.625, 14.375 ], "texture": "#texture" },
        "up":    { "uv": [ 3.625, 13.375, 4.625, 14.375 ], "texture": "#texture" },
        "north": { "uv": [ 6.5, 12.25, 7.375, 15.875 ], "texture": "#texture" },
        "south": { "uv": [ 6.5, 12.25, 7.375, 15.875 ], "texture": "#texture" },
        "west":  { "uv": [ 2.5, 12.25, 3.375, 15.875 ], "texture": "#texture" },
        "east":  { "uv": [ 2.5, 12.25, 3.375, 15.875 ], "texture": "#texture" }
    }
},
{
    "from": [ 5.4375, 9.4375, 7 ],
    "to": [ 6.4375, 13.1875, 8 ],
    "rotation": { "origin": [ 5.4375, 13.1875, 7 ], "axis": "z", "angle": -22.5 },
    "faces": {
        "down":  { "uv": [ 3.625, 13.375, 4.625, 14.375 ], "texture": "#texture" },
        "up":    { "uv": [ 3.625, 13.375, 4.625, 14.375 ], "texture": "#texture" },
        "north": { "uv": [ 6.5, 12.25, 7.375, 15.875 ], "texture": "#texture" },
        "south": { "uv": [ 6.5, 12.25, 7.375, 15.875 ], "texture": "#texture" },
        "west":  { "uv": [ 2.5, 12.25, 3.375, 15.875 ], "texture": "#texture" },
        "east":  { "uv": [ 2.5, 12.25, 3.375, 15.875 ], "texture": "#texture" }
    }
},
{
    "from": [ 8.0625, 12.0625, 7 ],
    "to": [ 9.0625, 15.8125, 8 ],
    "rotation": { "origin": [ 8.0625, 15.8125, 7 ], "axis": "z", "angle": -45 },
    "faces": {
        "down":  { "uv": [ 3.625, 13.375, 4.625, 14.375 ], "texture": "#texture" },
        "up":    { "uv": [ 3.625, 13.375, 4.625, 14.375 ], "texture": "#texture" },
        "north": { "uv": [ 6.5, 12.25, 7.375, 15.875 ], "texture": "#texture" },
        "south": { "uv": [ 6.5, 12.25, 7.375, 15.875 ], "texture": "#texture" },
        "west":  { "uv": [ 2.5, 12.25, 3.375, 15.875 ], "texture": "#texture" },
        "east":  { "uv": [ 2.5, 12.25, 3.375, 15.875 ], "texture": "#texture" }
    }
},
{
    "from": [ 4, 0.25, 7 ],
    "to": [ 5, 4, 8 ],
    "rotation": { "origin": [ 4, 4, 7 ], "axis": "z", "angle": 22.5 },
    "faces": {
        "down":  { "uv": [ 3.625, 13.375, 4.625, 14.375 ], "texture": "#texture" },
        "up":    { "uv": [ 3.625, 13.375, 4.625, 14.375 ], "texture": "#texture" },
        "north": { "uv": [ 6.5, 12.25, 7.375, 15.875 ], "texture": "#texture" },
        "south": { "uv": [ 6.5, 12.25, 7.375, 15.875 ], "texture": "#texture" },
        "west":  { "uv": [ 2.5, 12.25, 3.375, 15.875 ], "texture": "#texture" },
        "east":  { "uv": [ 2.5, 12.25, 3.375, 15.875 ], "texture": "#texture" }
    }
},
{
    "from": [ 5.375, -3.125, 7 ],
    "to": [ 6.375, 0.625, 8 ],
    "rotation": { "origin": [ 5.375, 0.625, 7 ], "axis": "z", "angle": 45 },
    "faces": {
        "down":  { "uv": [ 3.625, 13.375, 4.625, 14.375 ], "texture": "#texture" },
        "up":    { "uv": [ 3.625, 13.375, 4.625, 14.375 ], "texture": "#texture" },
        "north": { "uv": [ 6.5, 12.25, 7.375, 15.875 ], "texture": "#texture" },
        "south": { "uv": [ 6.5, 12.25, 7.375, 15.875 ], "texture": "#texture" },
        "west":  { "uv": [ 2.5, 12.25, 3.375, 15.875 ], "texture": "#texture" },
        "east":  { "uv": [ 2.5, 12.25, 3.375, 15.875 ], "texture": "#texture" }
    }
},
{
    "from": [ 3.75, 8.9375, 6.75 ],
    "to": [ 5.375, 9.9375, 8.25 ],
    "faces": {
        "down":  { "uv": [ 9.125, 6.125, 10.625, 7.625 ], "texture": "#texture" },
        "up":    { "uv": [ 9.125, 6.125, 10.625, 7.625 ], "texture": "#texture" },
        "north": { "uv": [ 8.5, 4.625, 10, 5.625 ], "texture": "#texture" },
        "south": { "uv": [ 8.5, 4.625, 10, 5.625 ], "texture": "#texture" },
        "west":  { "uv": [ 9.375, 4.75, 10.875, 5.75 ], "texture": "#texture" },
        "east":  { "uv": [ 9.375, 4.75, 10.875, 5.75 ], "texture": "#texture" }
    }
},
{
    "from": [ 5.875, 12.875, 6.75 ],
    "to": [ 7.375, 13.875, 8.25 ],
    "rotation": { "origin": [ 5.875, 13.875, 6.75 ], "axis": "z", "angle": -45 },
    "faces": {
        "down":  { "uv": [ 2.625, 8.5, 4.125, 10 ], "texture": "#texture" },
        "up":    { "uv": [ 2.625, 8.5, 4.125, 10 ], "texture": "#texture" },
        "north": { "uv": [ 2.25, 8.5, 3.75, 9.5 ], "texture": "#texture" },
        "south": { "uv": [ 2.25, 8.5, 3.75, 9.5 ], "texture": "#texture" },
        "west":  { "uv": [ 1.375, 10, 2.875, 11 ], "texture": "#texture" },
        "east":  { "uv": [ 1.375, 10, 2.875, 11 ], "texture": "#texture" }
    }
},
{
    "from": [ 3.75, 4, 6.75 ],
    "to": [ 5.375, 5, 8.25 ],
    "faces": {
        "down":  { "uv": [ 13.25, 8.375, 14.75, 9.875 ], "texture": "#texture" },
        "up":    { "uv": [ 13.25, 8.375, 14.75, 9.875 ], "texture": "#texture" },
        "north": { "uv": [ 13.875, 9.75, 15.375, 10.75 ], "texture": "#texture" },
        "south": { "uv": [ 13.875, 9.75, 15.375, 10.75 ], "texture": "#texture" },
        "west":  { "uv": [ 11.375, 8.5, 12.875, 9.5 ], "texture": "#texture" },
        "east":  { "uv": [ 11.375, 8.5, 12.875, 9.5 ], "texture": "#texture" }
    }
},
{
    "from": [ 4.8125, 0.3125, 6.75 ],
    "to": [ 6.3125, 1.3125, 8.25 ],
    "rotation": { "origin": [ 4.8125, 1.3125, 6.75 ], "axis": "z", "angle": 22.5 },
    "faces": {
        "down":  { "uv": [ 7.25, 8.375, 8.75, 9.875 ], "texture": "#texture" },
        "up":    { "uv": [ 7.25, 8.375, 8.75, 9.875 ], "texture": "#texture" },
        "north": { "uv": [ 7.125, 9.625, 8.625, 10.625 ], "texture": "#texture" },
        "south": { "uv": [ 7.125, 9.625, 8.625, 10.625 ], "texture": "#texture" },
        "west":  { "uv": [ 9.25, 9.625, 10.75, 10.625 ], "texture": "#texture" },
        "east":  { "uv": [ 9.25, 9.625, 10.75, 10.625 ], "texture": "#texture" }
    }
},
{
    "from": [ 3.875, 8.375, 6.875 ],
    "to": [ 5.25, 8.75, 8.125 ],
    "faces": {
        "down":  { "uv": [ 1.5, 4.375, 2.625, 5.875 ], "texture": "#texture" },
        "up":    { "uv": [ 1.5, 4.375, 2.625, 5.875 ], "texture": "#texture" },
        "north": { "uv": [ 3.125, 4.75, 4.25, 6.25 ], "texture": "#texture" },
        "south": { "uv": [ 3.125, 4.75, 4.25, 6.25 ], "texture": "#texture" },
        "west":  { "uv": [ 3, 5.75, 4.5, 7.25 ], "texture": "#texture" },
        "east":  { "uv": [ 3, 5.75, 4.5, 7.25 ], "texture": "#texture" }
    }
},
{
    "from": [ 3.875, 7.75, 6.875 ],
    "to": [ 5.25, 8.125, 8.125 ],
    "faces": {
        "down":  { "uv": [ 1.5, 4.375, 2.625, 5.875 ], "texture": "#texture" },
        "up":    { "uv": [ 1.5, 4.375, 2.625, 5.875 ], "texture": "#texture" },
        "north": { "uv": [ 3.125, 4.75, 4.25, 6.25 ], "texture": "#texture" },
        "south": { "uv": [ 3.125, 4.75, 4.25, 6.25 ], "texture": "#texture" },
        "west":  { "uv": [ 3, 5.75, 4.5, 7.25 ], "texture": "#texture" },
        "east":  { "uv": [ 3, 5.75, 4.5, 7.25 ], "texture": "#texture" }
    }
},
{
    "from": [ 3.875, 7.125, 6.875 ],
    "to": [ 5.25, 7.5, 8.125 ],
    "faces": {
        "down":  { "uv": [ 1.5, 4.375, 2.625, 5.875 ], "texture": "#texture" },
        "up":    { "uv": [ 1.5, 4.375, 2.625, 5.875 ], "texture": "#texture" },
        "north": { "uv": [ 3.125, 4.75, 4.25, 6.25 ], "texture": "#texture" },
        "south": { "uv": [ 3.125, 4.75, 4.25, 6.25 ], "texture": "#texture" },
        "west":  { "uv": [ 3, 5.75, 4.5, 7.25 ], "texture": "#texture" },
        "east":  { "uv": [ 3, 5.75, 4.5, 7.25 ], "texture": "#texture" }
    }
},
{
    "from": [ 3.875, 6.5, 6.875 ],
    "to": [ 5.25, 6.875, 8.125 ],
    "faces": {
        "down":  { "uv": [ 1.5, 4.375, 2.625, 5.875 ], "texture": "#texture" },
        "up":    { "uv": [ 1.5, 4.375, 2.625, 5.875 ], "texture": "#texture" },
        "north": { "uv": [ 3.125, 4.75, 4.25, 6.25 ], "texture": "#texture" },
        "south": { "uv": [ 3.125, 4.75, 4.25, 6.25 ], "texture": "#texture" },
        "west":  { "uv": [ 3, 5.75, 4.5, 7.25 ], "texture": "#texture" },
        "east":  { "uv": [ 3, 5.75, 4.5, 7.25 ], "texture": "#texture" }
    }
},
{
    "from": [ 3.875, 5.875, 6.875 ],
    "to": [ 5.25, 6.25, 8.125 ],
    "faces": {
        "down":  { "uv": [ 1.5, 4.375, 2.625, 5.875 ], "texture": "#texture" },
        "up":    { "uv": [ 1.5, 4.375, 2.625, 5.875 ], "texture": "#texture" },
        "north": { "uv": [ 3.125, 4.75, 4.25, 6.25 ], "texture": "#texture" },
        "south": { "uv": [ 3.125, 4.75, 4.25, 6.25 ], "texture": "#texture" },
        "west":  { "uv": [ 3, 5.75, 4.5, 7.25 ], "texture": "#texture" },
        "east":  { "uv": [ 3, 5.75, 4.5, 7.25 ], "texture": "#texture" }
    }
},
{
    "from": [ 3.875, 5.25, 6.875 ],
    "to": [ 5.25, 5.625, 8.125 ],
    "faces": {
        "down":  { "uv": [ 1.5, 4.375, 2.625, 5.875 ], "texture": "#texture" },
        "up":    { "uv": [ 1.5, 4.375, 2.625, 5.875 ], "texture": "#texture" },
        "north": { "uv": [ 3.125, 4.75, 4.25, 6.25 ], "texture": "#texture" },
        "south": { "uv": [ 3.125, 4.75, 4.25, 6.25 ], "texture": "#texture" },
        "west":  { "uv": [ 3, 5.75, 4.5, 7.25 ], "texture": "#texture" },
        "east":  { "uv": [ 3, 5.75, 4.5, 7.25 ], "texture": "#texture" }
    }
},
{
    "from": [ 8, 14.375, 6.75 ],
    "to": [ 9.125, 15.875, 8.25 ],
    "faces": {
        "down":  { "uv": [ 3.25, 5.5, 4.375, 7 ], "texture": "#texture" },
        "up":    { "uv": [ 3.25, 5.5, 4.375, 7 ], "texture": "#texture" },
        "north": { "uv": [ 1, 4.5, 2.125, 6 ], "texture": "#texture" },
        "south": { "uv": [ 1, 4.5, 2.125, 6 ], "texture": "#texture" },
        "west":  { "uv": [ 0.5, 5.25, 2, 6.75 ], "texture": "#texture" },
        "east":  { "uv": [ 0.5, 5.25, 2, 6.75 ], "texture": "#texture" }
    }
},
{
    "from": [ 7.875, -2, 6.75 ],
    "to": [ 9, -0.5, 8.25 ],
    "faces": {
        "down":  { "uv": [ 3.25, 5.5, 4.375, 7 ], "texture": "#texture" },
        "up":    { "uv": [ 3.25, 5.5, 4.375, 7 ], "texture": "#texture" },
        "north": { "uv": [ 1, 4.5, 2.125, 6 ], "texture": "#texture" },
        "south": { "uv": [ 1, 4.5, 2.125, 6 ], "texture": "#texture" },
        "west":  { "uv": [ 0.5, 5.25, 2, 6.75 ], "texture": "#texture" },
        "east":  { "uv": [ 0.5, 5.25, 2, 6.75 ], "texture": "#texture" }
    }
},
{
    "from": [ 8.375, 14.5, 6.875 ],
    "to": [ 9.375, 15.75, 8.125 ],
    "faces": {
        "down":  { "uv": [ 3.25, 5.5, 4.375, 7 ], "texture": "#texture" },
        "up":    { "uv": [ 3.25, 5.5, 4.375, 7 ], "texture": "#texture" },
        "north": { "uv": [ 1, 4.5, 2.125, 6 ], "texture": "#texture" },
        "south": { "uv": [ 1, 4.5, 2.125, 6 ], "texture": "#texture" },
        "west":  { "uv": [ 0.5, 5.25, 2, 6.75 ], "texture": "#texture" },
        "east":  { "uv": [ 0.5, 5.25, 2, 6.75 ], "texture": "#texture" }
    }
},
{
    "from": [ 8.5, 14.625, 7 ],
    "to": [ 9.5, 15.625, 8 ],
    "faces": {
        "down":  { "uv": [ 3.25, 5.5, 4.375, 7 ], "texture": "#texture" },
        "up":    { "uv": [ 3.25, 5.5, 4.375, 7 ], "texture": "#texture" },
        "north": { "uv": [ 1, 4.5, 2.125, 6 ], "texture": "#texture" },
        "south": { "uv": [ 1, 4.5, 2.125, 6 ], "texture": "#texture" },
        "west":  { "uv": [ 0.5, 5.25, 2, 6.75 ], "texture": "#texture" },
        "east":  { "uv": [ 0.5, 5.25, 2, 6.75 ], "texture": "#texture" }
    }
},
{
    "from": [ 8.625, 14.75, 7.125 ],
    "to": [ 9.625, 15.5, 7.875 ],
    "faces": {
        "down":  { "uv": [ 3.25, 5.5, 4.375, 7 ], "texture": "#texture" },
        "up":    { "uv": [ 3.25, 5.5, 4.375, 7 ], "texture": "#texture" },
        "north": { "uv": [ 1, 4.5, 2.125, 6 ], "texture": "#texture" },
        "south": { "uv": [ 1, 4.5, 2.125, 6 ], "texture": "#texture" },
        "west":  { "uv": [ 0.5, 5.25, 2, 6.75 ], "texture": "#texture" },
        "east":  { "uv": [ 0.5, 5.25, 2, 6.75 ], "texture": "#texture" }
    }
},
{
    "from": [ 8.25, -1.875, 6.875 ],
    "to": [ 9.25, -0.625, 8.125 ],
    "faces": {
        "down":  { "uv": [ 3.25, 5.5, 4.375, 7 ], "texture": "#texture" },
        "up":    { "uv": [ 3.25, 5.5, 4.375, 7 ], "texture": "#texture" },
        "north": { "uv": [ 1, 4.5, 2.125, 6 ], "texture": "#texture" },
        "south": { "uv": [ 1, 4.5, 2.125, 6 ], "texture": "#texture" },
        "west":  { "uv": [ 0.5, 5.25, 2, 6.75 ], "texture": "#texture" },
        "east":  { "uv": [ 0.5, 5.25, 2, 6.75 ], "texture": "#texture" }
    }
},
{
    "from": [ 8.375, -1.75, 7 ],
    "to": [ 9.375, -0.75, 8 ],
    "faces": {
        "down":  { "uv": [ 3.25, 5.5, 4.375, 7 ], "texture": "#texture" },
        "up":    { "uv": [ 3.25, 5.5, 4.375, 7 ], "texture": "#texture" },
        "north": { "uv": [ 1, 4.5, 2.125, 6 ], "texture": "#texture" },
        "south": { "uv": [ 1, 4.5, 2.125, 6 ], "texture": "#texture" },
        "west":  { "uv": [ 0.5, 5.25, 2, 6.75 ], "texture": "#texture" },
        "east":  { "uv": [ 0.5, 5.25, 2, 6.75 ], "texture": "#texture" }
    }
},
{
    "from": [ 8.5, -1.625, 7.25 ],
    "to": [ 9.5, -0.875, 8 ],
    "faces": {
        "down":  { "uv": [ 3.25, 5.5, 4.375, 7 ], "texture": "#texture" },
        "up":    { "uv": [ 3.25, 5.5, 4.375, 7 ], "texture": "#texture" },
        "north": { "uv": [ 1, 4.5, 2.125, 6 ], "texture": "#texture" },
        "south": { "uv": [ 1, 4.5, 2.125, 6 ], "texture": "#texture" },
        "west":  { "uv": [ 0.5, 5.25, 2, 6.75 ], "texture": "#texture" },
        "east":  { "uv": [ 0.5, 5.25, 2, 6.75 ], "texture": "#texture" }
    }
},
{
    "from": [ 8.75, -0.875, 7.25 ],
    "to": [ 8.875, 15.125, 7.75 ],
    "faces": {
        "down":  { "uv": [ 4.375, 0.25, 4.625, 15.625 ], "texture": "#blade_glow" },
        "up":    { "uv": [ 4.375, 0.25, 4.625, 15.625 ], "texture": "#blade_glow" },
        "north": { "uv": [ 0.75, 0.375, 1, 15.125 ], "texture": "#blade_glow" },
        "south": { "uv": [ 0.75, 0.375, 1, 15.125 ], "texture": "#blade_glow" },
        "west":  { "uv": [ 4.625, 0.75, 5, 15.125 ], "texture": "#blade_glow" },
        "east":  { "uv": [ 4.625, 0.75, 5, 15.125 ], "texture": "#blade_glow" }
    }
},
{
    "from": [ 7.3125, 14.0625, 6.75 ],
    "to": [ 8.0625, 15.5625, 8.25 ],
    "rotation": { "origin": [ 7.3125, 15.5625, 6.75 ], "axis": "z", "angle": 22.5 },
    "faces": {
        "down":  { "uv": [ 3.25, 5.5, 4.375, 7 ], "texture": "#texture" },
        "up":    { "uv": [ 3.25, 5.5, 4.375, 7 ], "texture": "#texture" },
        "north": { "uv": [ 1, 4.5, 2.125, 6 ], "texture": "#texture" },
        "south": { "uv": [ 1, 4.5, 2.125, 6 ], "texture": "#texture" },
        "west":  { "uv": [ 0.5, 5.25, 2, 6.75 ], "texture": "#texture" },
        "east":  { "uv": [ 0.5, 5.25, 2, 6.75 ], "texture": "#texture" }
    }
},
{
    "from": [ 7.75, -1.8125, 6.75 ],
    "to": [ 8.5, -0.3125, 8.25 ],
    "rotation": { "origin": [ 7.75, -0.3125, 6.75 ], "axis": "z", "angle": -22.5 },
    "faces": {
        "down":  { "uv": [ 3.25, 5.5, 4.375, 7 ], "texture": "#texture" },
        "up":    { "uv": [ 3.25, 5.5, 4.375, 7 ], "texture": "#texture" },
        "north": { "uv": [ 1, 4.5, 2.125, 6 ], "texture": "#texture" },
        "south": { "uv": [ 1, 4.5, 2.125, 6 ], "texture": "#texture" },
        "west":  { "uv": [ 0.5, 5.25, 2, 6.75 ], "texture": "#texture" },
        "east":  { "uv": [ 0.5, 5.25, 2, 6.75 ], "texture": "#texture" }
    }
}
],
"display": {
    "firstperson_righthand": {
        "rotation": [ 52, -85, 51 ],
        "translation": [ 0, 7, 0 ],
        "scale": [ 1, 1, 1 ]
    },
    "firstperson_lefthand": {
        "rotation": [ -52, 85, 51 ],
        "translation": [ 0, 7, 0 ],
        "scale": [ 1, 1, 1 ]
    },
    "thirdperson_righthand": {
        "rotation": [ 0, -90, 0 ],
        "translation": [ -1, -1.51, 8 ],
        "scale": [ 1.75, 1.75, 1.75 ]
    },
    "thirdperson_lefthand": {
        "rotation": [ 0, 90, 0 ],
        "translation": [ 1, -1.51, 8 ],
        "scale": [ 1.75, 1.75, 1.75 ]
    },
    "fixed": {
        "rotation": [ 0, 0, 0 ],
        "translation": [ 0, 0, 0 ],
        "scale": [ 1, 1, 1 ]
    },
    "gui": {
        "rotation": [ -30, 0, -45 ],
        "translation": [ 0.8, 0.8, -0.8 ],
        "scale": [ 1, 1, 1 ]
    },
    "ground": {
        "rotation": [ 0, 0, 0 ],
        "translation": [ 0, 4, 0 ],
        "scale": [ 0.5, 0.5, 0.5 ]
    }
}
}