{
"__comment": "Designed by FirecatHD",
"textures": {
    "particle": "3d/earth_crossbow_t2",
    "texture": "3d/earth_crossbow_t2"
},
"elements": [ 
{
    "from": [ 2, 3, 7 ],
    "to": [ 16, 4, 8 ],
    "faces": {
        "down":  { "uv": [ 0, 4, 10, 5 ], "texture": "#texture" },
        "up":    { "uv": [ 0, 4, 10, 5 ], "texture": "#texture" },
        "north": { "uv": [ 0, 5, 10, 6 ], "texture": "#texture" },
        "south": { "uv": [ 0, 5, 10, 6 ], "texture": "#texture" },
        "west":  { "uv": [ 4, 5, 5, 6 ], "texture": "#texture" },
        "east":  { "uv": [ 4, 5, 5, 6 ], "texture": "#texture" }
    }
},
{
    "from": [ 2, 3, 9 ],
    "to": [ 16, 4, 10 ],
    "faces": {
        "down":  { "uv": [ 0, 4, 10, 5 ], "texture": "#texture" },
        "up":    { "uv": [ 0, 4, 10, 5 ], "texture": "#texture" },
        "north": { "uv": [ 0, 5, 10, 6 ], "texture": "#texture" },
        "south": { "uv": [ 0, 5, 10, 6 ], "texture": "#texture" },
        "west":  { "uv": [ 4, 5, 5, 6 ], "texture": "#texture" },
        "east":  { "uv": [ 4, 5, 5, 6 ], "texture": "#texture" }
    }
},
{
    "from": [ 0, 4, 8 ],
    "to": [ 12, 5, 9 ],
    "faces": {
        "down":  { "uv": [ 10, 7, 16, 8 ], "texture": "#texture" },
        "up":    { "uv": [ 10, 7, 16, 8 ], "texture": "#texture" },
        "north": { "uv": [ 10, 8, 16, 9 ], "texture": "#texture" },
        "south": { "uv": [ 10, 8, 16, 9 ], "texture": "#texture" },
        "west":  { "uv": [ 12, 7, 13, 8 ], "texture": "#texture" },
        "east":  { "uv": [ 12, 7, 13, 8 ], "texture": "#texture" }
    }
},
{
    "from": [ 1, 4, 6 ],
    "to": [ 2, 5, 8 ],
    "faces": {
        "down":  { "uv": [ 3, 14, 4, 16 ], "texture": "#texture" },
        "up":    { "uv": [ 3, 14, 4, 16 ], "texture": "#texture" },
        "north": { "uv": [ 3, 14, 4, 15 ], "texture": "#texture" },
        "south": { "uv": [ 4.6875, 11, 5.6875, 12 ], "texture": "#texture" },
        "west":  { "uv": [ 1, 14, 4, 15 ], "texture": "#texture" },
        "east":  { "uv": [ 1, 14, 4, 15 ], "texture": "#texture" }
    }
},
{
    "from": [ 1, 4, 11 ],
    "to": [ 2, 5, 15 ],
    "rotation": { "origin": [ 1, 4, 11 ], "axis": "y", "angle": 22.5 },
    "faces": {
        "down":  { "uv": [ 3, 14, 4, 16 ], "texture": "#texture" },
        "up":    { "uv": [ 3, 14, 4, 16 ], "texture": "#texture" },
        "north": { "uv": [ 3, 14, 4, 15 ], "texture": "#texture" },
        "south": { "uv": [ 4.6875, 11, 5.6875, 12 ], "texture": "#texture" },
        "west":  { "uv": [ 1, 14, 4, 15 ], "texture": "#texture" },
        "east":  { "uv": [ 1, 14, 4, 15 ], "texture": "#texture" }
    }
},
{
    "from": [ 2.5625, 4, 14.6875 ],
    "to": [ 3.5625, 5, 17.6875 ],
    "rotation": { "origin": [ 2.5625, 4, 14.6875 ], "axis": "y", "angle": 45 },
    "faces": {
        "down":  { "uv": [ 3, 14, 4, 16 ], "texture": "#texture" },
        "up":    { "uv": [ 3, 14, 4, 16 ], "texture": "#texture" },
        "north": { "uv": [ 3, 14, 4, 15 ], "texture": "#texture" },
        "south": { "uv": [ 4.6875, 11, 5.6875, 12 ], "texture": "#texture" },
        "west":  { "uv": [ 1, 14, 4, 15 ], "texture": "#texture" },
        "east":  { "uv": [ 1, 14, 4, 15 ], "texture": "#texture" }
    }
},
{
    "from": [ 2.5625, 4, 2.3125 ],
    "to": [ 3.5625, 5, 6.3125 ],
    "rotation": { "origin": [ 2.5625, 4, 2.3125 ], "axis": "y", "angle": -22.5 },
    "faces": {
        "down":  { "uv": [ 3, 14, 4, 16 ], "texture": "#texture" },
        "up":    { "uv": [ 3, 14, 4, 16 ], "texture": "#texture" },
        "north": { "uv": [ 3, 14, 4, 15 ], "texture": "#texture" },
        "south": { "uv": [ 4.6875, 11, 5.6875, 12 ], "texture": "#texture" },
        "west":  { "uv": [ 1, 14, 4, 15 ], "texture": "#texture" },
        "east":  { "uv": [ 1, 14, 4, 15 ], "texture": "#texture" }
    }
},
{
    "from": [ 4.6875, 4, 0.1875 ],
    "to": [ 5.6875, 5, 3.1875 ],
    "rotation": { "origin": [ 4.6875, 4, 0.1875 ], "axis": "y", "angle": -45 },
    "faces": {
        "down":  { "uv": [ 3, 14, 4, 16 ], "texture": "#texture" },
        "up":    { "uv": [ 3, 14, 4, 16 ], "texture": "#texture" },
        "north": { "uv": [ 3, 14, 4, 15 ], "texture": "#texture" },
        "south": { "uv": [ 4.6875, 11, 5.6875, 12 ], "texture": "#texture" },
        "west":  { "uv": [ 1, 14, 4, 15 ], "texture": "#texture" },
        "east":  { "uv": [ 1, 14, 4, 15 ], "texture": "#texture" }
    }
},
{
    "from": [ 4.875, 4, 15.9375 ],
    "to": [ 14.875, 5, 16 ],
    "rotation": { "origin": [ 4.875, 4, 15.9375 ], "axis": "y", "angle": 45 },
    "faces": {
        "down":  { "uv": [ 4, 2, 14, 3 ], "texture": "#texture" },
        "up":    { "uv": [ 4, 2, 14, 3 ], "texture": "#texture" },
        "north": { "uv": [ 0, 1, 10, 2 ], "texture": "#texture" },
        "south": { "uv": [ 0, 1, 10, 2 ], "texture": "#texture" },
        "west":  { "uv": [ 13, 2, 14, 3 ], "texture": "#texture" },
        "east":  { "uv": [ 13, 2, 14, 3 ], "texture": "#texture" }
    }
},
{
    "from": [ 1, 4, 9 ],
    "to": [ 2, 5, 11 ],
    "faces": {
        "down":  { "uv": [ 3, 14, 4, 16 ], "texture": "#texture" },
        "up":    { "uv": [ 3, 14, 4, 16 ], "texture": "#texture" },
        "north": { "uv": [ 3, 14, 4, 15 ], "texture": "#texture" },
        "south": { "uv": [ 4.6875, 11, 5.6875, 12 ], "texture": "#texture" },
        "west":  { "uv": [ 1, 14, 4, 15 ], "texture": "#texture" },
        "east":  { "uv": [ 1, 14, 4, 15 ], "texture": "#texture" }
    }
},
{
    "from": [ 4.875, 4, 0.9375 ],
    "to": [ 14.875, 5, 1 ],
    "rotation": { "origin": [ 4.875, 4, 0.9375 ], "axis": "y", "angle": -45 },
    "faces": {
        "down":  { "uv": [ 4, 2, 14, 3 ], "texture": "#texture" },
        "up":    { "uv": [ 4, 2, 14, 3 ], "texture": "#texture" },
        "north": { "uv": [ 0, 1, 10, 2 ], "texture": "#texture" },
        "south": { "uv": [ 0, 1, 10, 2 ], "texture": "#texture" },
        "west":  { "uv": [ 13, 2, 14, 3 ], "texture": "#texture" },
        "east":  { "uv": [ 13, 2, 14, 3 ], "texture": "#texture" }
    }
},
{
    "from": [ 1, 3, 8 ],
    "to": [ 17, 4, 9 ],
    "faces": {
        "down":  { "uv": [ 0, 4, 10, 5 ], "texture": "#texture" },
        "up":    { "uv": [ 0, 4, 10, 5 ], "texture": "#texture" },
        "north": { "uv": [ 0, 5, 10, 6 ], "texture": "#texture" },
        "south": { "uv": [ 0, 5, 10, 6 ], "texture": "#texture" },
        "west":  { "uv": [ 4, 5, 5, 6 ], "texture": "#texture" },
        "east":  { "uv": [ 4, 5, 5, 6 ], "texture": "#texture" }
    }
},
{
    "from": [ 14, 2, 8 ],
    "to": [ 18, 3, 9 ],
    "faces": {
        "down":  { "uv": [ 7, 4, 11, 5 ], "texture": "#texture" },
        "up":    { "uv": [ 7, 4, 11, 5 ], "texture": "#texture" },
        "north": { "uv": [ 4, 5, 8, 6 ], "texture": "#texture" },
        "south": { "uv": [ 4, 5, 8, 6 ], "texture": "#texture" },
        "west":  { "uv": [ 8, 5, 9, 6 ], "texture": "#texture" },
        "east":  { "uv": [ 8, 5, 9, 6 ], "texture": "#texture" }
    }
},
{
    "from": [ 12, 4, 7 ],
    "to": [ 15, 5, 10 ],
    "faces": {
        "down":  { "uv": [ 3, 14, 5, 16 ], "texture": "#texture" },
        "up":    { "uv": [ 3, 14, 5, 16 ], "texture": "#texture" },
        "north": { "uv": [ 5, 14, 8, 15 ], "texture": "#texture" },
        "south": { "uv": [ 5, 14, 8, 15 ], "texture": "#texture" },
        "west":  { "uv": [ 7, 14, 10, 15 ], "texture": "#texture" },
        "east":  { "uv": [ 7, 14, 10, 15 ], "texture": "#texture" }
    }
},
{
    "from": [ 16, 1, 8 ],
    "to": [ 18, 2, 9 ],
    "faces": {
        "down":  { "uv": [ 9, 4, 11, 5 ], "texture": "#texture" },
        "up":    { "uv": [ 9, 4, 11, 5 ], "texture": "#texture" },
        "north": { "uv": [ 11, 5, 13, 6 ], "texture": "#texture" },
        "south": { "uv": [ 11, 5, 13, 6 ], "texture": "#texture" },
        "west":  { "uv": [ 2, 5, 3, 6 ], "texture": "#texture" },
        "east":  { "uv": [ 2, 5, 3, 6 ], "texture": "#texture" }
    }
},
{
    "from": [ 15, 4, 8 ],
    "to": [ 16, 5, 9 ],
    "faces": {
        "down":  { "uv": [ 9, 14, 10, 15 ], "texture": "#texture" },
        "up":    { "uv": [ 9, 14, 10, 15 ], "texture": "#texture" },
        "north": { "uv": [ 6, 14, 7, 15 ], "texture": "#texture" },
        "south": { "uv": [ 6, 14, 7, 15 ], "texture": "#texture" },
        "west":  { "uv": [ 3, 14, 4, 15 ], "texture": "#texture" },
        "east":  { "uv": [ 3, 14, 4, 15 ], "texture": "#texture" }
    }
},
{
    "from": [ 10, 1, 8 ],
    "to": [ 11, 3, 9 ],
    "rotation": { "origin": [ 10, 3, 8 ], "axis": "z", "angle": 45 },
    "faces": {
        "down":  { "uv": [ 4, 8, 5, 9 ], "texture": "#texture" },
        "up":    { "uv": [ 4, 8, 5, 9 ], "texture": "#texture" },
        "north": { "uv": [ 6, 8, 7, 10 ], "texture": "#texture" },
        "south": { "uv": [ 6, 8, 7, 10 ], "texture": "#texture" },
        "west":  { "uv": [ 1, 7, 2, 9 ], "texture": "#texture" },
        "east":  { "uv": [ 1, 7, 2, 9 ], "texture": "#texture" }
    }
},
{
    "from": [ 4.6875, 4, 0.1875 ],
    "to": [ 6.6875, 5, 0.25 ],
    "rotation": { "origin": [ 4.6875, 4, 0.1875 ], "axis": "y", "angle": 22.5 },
    "faces": {
        "north": { "uv": [ 12, 8, 14, 9 ], "texture": "#texture" },
        "south": { "uv": [ 12, 8, 14, 9 ], "texture": "#texture" }
    }
},
{
    "from": [ 4.6875, 4, 16.6875 ],
    "to": [ 6.6875, 5, 16.75 ],
    "rotation": { "origin": [ 4.6875, 4, 16.6875 ], "axis": "y", "angle": -22.5 },
    "faces": {
        "north": { "uv": [ 12, 8, 14, 9 ], "texture": "#texture" },
        "south": { "uv": [ 12, 8, 14, 9 ], "texture": "#texture" }
    }
}
],
"display": {
    "head": {
        "rotation": [ 0, -91, 0 ],
        "translation": [ -0.1, 5.8, -2.8 ],
        "scale": [ 1, 1, 1 ]
    },
    "thirdperson_righthand": {
        "rotation": [ 0, -90, 0 ],
        "translation": [ 0.5, 5, -1 ],
        "scale": [ 0.9, 0.9, 0.9 ]
    },
    "thirdperson_lefthand": {
        "rotation": [ 0, 90, 0 ],
        "translation": [ -0.5, 5, -1 ],
        "scale": [ 0.9, 0.9, 0.9 ]
    },
    "ground": {
        "rotation": [ 0, 0, 0 ],
        "translation": [ 0, 4, 0 ],
        "scale": [ 0.5, 0.5, 0.5 ]
    },
    "fixed": {
        "rotation": [ -90, 0, 0 ],
        "translation": [ 0, 0, -4.72 ],
        "scale": [ 1, 1, 1 ]
    },
    "firstperson_righthand": {
        "rotation": [ 35, -85, 26 ],
        "translation": [ 2, 6, -2.46 ],
        "scale": [ 1, 1, 1 ]
    },
    "firstperson_lefthand": {
        "rotation": [ 52, -80, 45 ],
        "translation": [ -2, 6, -2.46 ],
        "scale": [ 1, 1, 1 ]
    },
    "gui": {
        "rotation": [ -145, -136, -180 ],
        "translation": [ 2, 2.46, -3.97 ],
        "scale": [ 1, 1, 1 ]
    }
}
}