{
	"__comment": "By ok_jun",
	"ambientocclusion": false,
	"textures": {
		"texture": "3d/thunder1",
		"bolt": "3d/thunderbolt",
		"mesh_atlas": "blocks/snow"
	},
	"elements": [
		{
			"from": [ 6, 5, 4 ],
			"to": [ 10, 7, 6 ],
			"faces": {
				"down": { "uv": [ 8, 14, 4, 16 ], "texture": "#texture" },
				"up": { "uv": [ 8, 14, 4, 16 ], "texture": "#texture" },
				"north": { "uv": [ 4, 14, 8, 16 ], "texture": "#texture" },
				"south": { "uv": [ 8, 14, 4, 16 ], "texture": "#texture" }
			}
		},
		{
			"from": [ 6, 0, 1 ],
			"to": [ 10, 1, 3 ],
			"faces": {
				"down": { "uv": [ 10, 14, 14, 16 ], "texture": "#texture" },
				"north": { "uv": [ 10, 15, 14, 16 ], "texture": "#texture" },
				"south": { "uv": [ 10, 15, 14, 16 ], "texture": "#texture" },
				"west": { "uv": [ 1, 15, 3, 16 ], "texture": "#texture" },
				"east": { "uv": [ 3, 15, 1, 16 ], "texture": "#texture" }
			}
		},
		{
			"from": [ 5, 1, 1 ],
			"to": [ 11, 7, 3 ],
			"faces": {
				"down": { "uv": [ 9, 13, 15, 15 ], "texture": "#texture" },
				"up": { "uv": [ 9, 11, 15, 13 ], "texture": "#texture" },
				"north": { "uv": [ 9, 9, 15, 15 ], "texture": "#texture" },
				"south": { "uv": [ 9, 13, 15, 15 ], "texture": "#texture" },
				"west": { "uv": [ 1, 9, 3, 15 ], "texture": "#texture" },
				"east": { "uv": [ 3, 9, 1, 15 ], "texture": "#texture" }
			}
		},
		{
			"from": [ 6, 1, 0 ],
			"to": [ 10, 7, 1 ],
			"faces": {
				"down": { "uv": [ 10, 14, 14, 15 ], "texture": "#texture" },
				"up": { "uv": [ 14, 10, 10, 11 ], "texture": "#texture" },
				"north": { "uv": [ 10, 9, 14, 15 ], "texture": "#texture" },
				"west": { "uv": [ 0, 9, 1, 15 ], "texture": "#texture" },
				"east": { "uv": [ 1, 9, 0, 15 ], "texture": "#texture" }
			}
		},
		{
			"from": [ 7, 5, -1 ],
			"to": [ 9, 7, 0 ],
			"faces": {
				"down": { "uv": [ 13, 10, 11, 11 ], "texture": "#texture" },
				"up": { "uv": [ 13, 9, 11, 10 ], "texture": "#texture" },
				"north": { "uv": [ 11, 9, 13, 11 ], "texture": "#texture" },
				"west": { "uv": [ 12, 9, 13, 11 ], "texture": "#texture" },
				"east": { "uv": [ 11, 9, 12, 11 ], "texture": "#texture" }
			}
		},
		{
			"from": [ 10, 5, 3 ],
			"to": [ 11, 7, 6 ],
			"faces": {
				"down": { "uv": [ 9, 10, 10, 13 ], "texture": "#texture" },
				"up": { "uv": [ 9, 13, 10, 10 ], "texture": "#texture" },
				"south": { "uv": [ 5, 11, 6, 13 ], "texture": "#texture" },
				"west": { "uv": [ 3, 11, 6, 13 ], "texture": "#texture" },
				"east": { "uv": [ 6, 11, 3, 13 ], "texture": "#texture" }
			}
		},
		{
			"from": [ 5, 5, 3 ],
			"to": [ 6, 7, 6 ],
			"faces": {
				"down": { "uv": [ 9, 10, 10, 13 ], "texture": "#texture" },
				"up": { "uv": [ 9, 13, 10, 10 ], "texture": "#texture" },
				"south": { "uv": [ 5, 11, 6, 13 ], "texture": "#texture" },
				"west": { "uv": [ 3, 11, 6, 13 ], "texture": "#texture" },
				"east": { "uv": [ 6, 11, 3, 13 ], "texture": "#texture" }
			}
		},
		{
			"from": [ 6, 7, 1 ],
			"to": [ 10, 8, 3 ],
			"faces": {
				"up": { "uv": [ 10, 8, 14, 9 ], "texture": "#texture" },
				"north": { "uv": [ 10, 8, 14, 9 ], "texture": "#texture" },
				"south": { "uv": [ 10, 8, 14, 9 ], "texture": "#texture" },
				"west": { "uv": [ 12, 8, 14, 9 ], "texture": "#texture" },
				"east": { "uv": [ 10, 8, 12, 9 ], "texture": "#texture" }
			}
		},
		{
			"__comment": "Voxels",
			"from": [ 6.5, 8, 1.125 ],
			"to": [ 9.5, 8.125, 1.375 ],
			"faces": {
				"down": { "uv": [ 8.5, 15.75, 11.5, 16 ], "texture": "#mesh_atlas" },
				"up": { "uv": [ 5.5, 16, 8.5, 15.75 ], "texture": "#mesh_atlas" },
				"north": { "uv": [ 11.375, 14.75, 8.375, 14.875 ], "texture": "#mesh_atlas" },
				"south": { "uv": [ 8.375, 14.875, 11.375, 15 ], "texture": "#mesh_atlas" },
				"west": { "uv": [ 7.875, 11.25, 8.125, 11.375 ], "texture": "#mesh_atlas" },
				"east": { "uv": [ 8.375, 12.25, 8.125, 12.375 ], "texture": "#mesh_atlas" }
			}
		},
		{
			"__comment": "Voxels",
			"from": [ 6.5, 8, 1.375 ],
			"to": [ 6.625, 8.75, 2.625 ],
			"faces": {
				"down": { "uv": [ 9.5, 8, 9.625, 9.25 ], "texture": "#mesh_atlas" },
				"up": { "uv": [ 9.625, 9.25, 9.75, 8 ], "texture": "#mesh_atlas" },
				"north": { "uv": [ 11.125, 10.875, 11, 11.625 ], "texture": "#mesh_atlas" },
				"south": { "uv": [ 11, 11.625, 11.125, 12.375 ], "texture": "#mesh_atlas" },
				"west": { "uv": [ 0, 8.125, 1.25, 8.875 ], "texture": "#mesh_atlas" },
				"east": { "uv": [ 2.5, 8.875, 1.25, 9.625 ], "texture": "#mesh_atlas" }
			}
		},
		{
			"__comment": "Voxels",
			"from": [ 6.5, 8, 2.625 ],
			"to": [ 9.625, 8.125, 2.75 ],
			"faces": {
				"down": { "uv": [ 12.375, 15.125, 15.5, 15.25 ], "texture": "#mesh_atlas" },
				"up": { "uv": [ 8.375, 15.125, 11.5, 15 ], "texture": "#mesh_atlas" },
				"north": { "uv": [ 14.625, 15, 11.5, 15.125 ], "texture": "#mesh_atlas" },
				"south": { "uv": [ 12.375, 15.25, 15.5, 15.375 ], "texture": "#mesh_atlas" },
				"west": { "uv": [ 15.875, 14.625, 16, 14.75 ], "texture": "#mesh_atlas" },
				"east": { "uv": [ 16, 14.75, 15.875, 14.875 ], "texture": "#mesh_atlas" }
			}
		},
		{
			"__comment": "Voxels",
			"from": [ 6.5, 8, 2.75 ],
			"to": [ 9.5, 8.125, 2.875 ],
			"faces": {
				"down": { "uv": [ 11.375, 14.875, 14.375, 15 ], "texture": "#mesh_atlas" },
				"up": { "uv": [ 11.375, 14.875, 14.375, 14.75 ], "texture": "#mesh_atlas" },
				"north": { "uv": [ 11.375, 14.625, 8.375, 14.75 ], "texture": "#mesh_atlas" },
				"south": { "uv": [ 11.375, 14.625, 14.375, 14.75 ], "texture": "#mesh_atlas" },
				"west": { "uv": [ 15.875, 14.875, 16, 15 ], "texture": "#mesh_atlas" },
				"east": { "uv": [ 3, 12, 2.875, 12.125 ], "texture": "#mesh_atlas" }
			}
		},
		{
			"__comment": "Voxels",
			"from": [ 6.5, 8.125, 1.25 ],
			"to": [ 9.5, 8.625, 1.375 ],
			"faces": {
				"down": { "uv": [ 8.375, 14.5, 11.375, 14.625 ], "texture": "#mesh_atlas" },
				"up": { "uv": [ 11.375, 14.625, 14.375, 14.5 ], "texture": "#mesh_atlas" },
				"north": { "uv": [ 3, 14.5, 0, 15 ], "texture": "#mesh_atlas" },
				"south": { "uv": [ 0, 15.5, 3, 16 ], "texture": "#mesh_atlas" },
				"west": { "uv": [ 11.5, 11.75, 11.625, 12.25 ], "texture": "#mesh_atlas" },
				"east": { "uv": [ 11.5, 8.75, 11.375, 9.25 ], "texture": "#mesh_atlas" }
			}
		},
		{
			"__comment": "Voxels",
			"from": [ 6.5, 8.125, 2.625 ],
			"to": [ 9.5, 8.625, 2.75 ],
			"faces": {
				"down": { "uv": [ 8.375, 14.375, 11.375, 14.5 ], "texture": "#mesh_atlas" },
				"up": { "uv": [ 11.375, 14.5, 14.375, 14.375 ], "texture": "#mesh_atlas" },
				"north": { "uv": [ 3, 15, 0, 15.5 ], "texture": "#mesh_atlas" },
				"south": { "uv": [ 0, 14, 3, 14.5 ], "texture": "#mesh_atlas" },
				"west": { "uv": [ 11.375, 9.75, 11.5, 10.25 ], "texture": "#mesh_atlas" },
				"east": { "uv": [ 9, 8, 8.875, 8.5 ], "texture": "#mesh_atlas" }
			}
		},
		{
			"__comment": "Voxels",
			"from": [ 6.625, 8.5, 1.375 ],
			"to": [ 6.75, 9.375, 2.625 ],
			"faces": {
				"down": { "uv": [ 9.75, 8, 9.875, 9.25 ], "texture": "#mesh_atlas" },
				"up": { "uv": [ 10.25, 9.25, 10.375, 8 ], "texture": "#mesh_atlas" },
				"north": { "uv": [ 10.875, 8, 10.75, 8.875 ], "texture": "#mesh_atlas" },
				"south": { "uv": [ 10.875, 10.875, 11, 11.75 ], "texture": "#mesh_atlas" },
				"west": { "uv": [ 0, 11.125, 1.25, 12 ], "texture": "#mesh_atlas" },
				"east": { "uv": [ 2.5, 11.125, 1.25, 12 ], "texture": "#mesh_atlas" }
			}
		},
		{
			"__comment": "Voxels",
			"from": [ 6.625, 8.625, 1.25 ],
			"to": [ 9.375, 9, 1.375 ],
			"faces": {
				"down": { "uv": [ 11.125, 14.125, 13.875, 14.25 ], "texture": "#mesh_atlas" },
				"up": { "uv": [ 8.375, 14.375, 11.125, 14.25 ], "texture": "#mesh_atlas" },
				"north": { "uv": [ 2.75, 9.625, 0, 10 ], "texture": "#mesh_atlas" },
				"south": { "uv": [ 0, 10, 2.75, 10.375 ], "texture": "#mesh_atlas" },
				"west": { "uv": [ 12.125, 8.625, 12.25, 9 ], "texture": "#mesh_atlas" },
				"east": { "uv": [ 12.5, 11.625, 12.375, 12 ], "texture": "#mesh_atlas" }
			}
		},
		{
			"__comment": "Voxels",
			"from": [ 6.625, 8.625, 2.625 ],
			"to": [ 9.375, 9, 2.75 ],
			"faces": {
				"down": { "uv": [ 8.375, 14.125, 11.125, 14.25 ], "texture": "#mesh_atlas" },
				"up": { "uv": [ 11.125, 14.375, 13.875, 14.25 ], "texture": "#mesh_atlas" },
				"north": { "uv": [ 2.75, 10.375, 0, 10.75 ], "texture": "#mesh_atlas" },
				"south": { "uv": [ 0, 10.75, 2.75, 11.125 ], "texture": "#mesh_atlas" },
				"west": { "uv": [ 12.5, 11.625, 12.625, 12 ], "texture": "#mesh_atlas" },
				"east": { "uv": [ 3, 13.625, 2.875, 14 ], "texture": "#mesh_atlas" }
			}
		},
		{
			"__comment": "Voxels",
			"from": [ 6.75, 9, 1.25 ],
			"to": [ 9.25, 9.375, 1.375 ],
			"faces": {
				"down": { "uv": [ 8.375, 13.875, 10.875, 14 ], "texture": "#mesh_atlas" },
				"up": { "uv": [ 10.875, 14, 13.375, 13.875 ], "texture": "#mesh_atlas" },
				"north": { "uv": [ 5.5, 15.25, 3, 15.625 ], "texture": "#mesh_atlas" },
				"south": { "uv": [ 3, 14.875, 5.5, 15.25 ], "texture": "#mesh_atlas" },
				"west": { "uv": [ 2.875, 13.125, 3, 13.5 ], "texture": "#mesh_atlas" },
				"east": { "uv": [ 6.875, 13.375, 6.75, 13.75 ], "texture": "#mesh_atlas" }
			}
		},
		{
			"__comment": "Voxels",
			"from": [ 6.75, 9, 2.625 ],
			"to": [ 9.25, 9.375, 2.75 ],
			"faces": {
				"down": { "uv": [ 13.375, 13.875, 15.875, 14 ], "texture": "#mesh_atlas" },
				"up": { "uv": [ 8.375, 13.875, 10.875, 13.75 ], "texture": "#mesh_atlas" },
				"north": { "uv": [ 5.5, 15.625, 3, 16 ], "texture": "#mesh_atlas" },
				"south": { "uv": [ 3, 13, 5.5, 13.375 ], "texture": "#mesh_atlas" },
				"west": { "uv": [ 6.75, 13, 6.875, 13.375 ], "texture": "#mesh_atlas" },
				"east": { "uv": [ 6.875, 12.625, 6.75, 13 ], "texture": "#mesh_atlas" }
			}
		},
		{
			"__comment": "Voxels",
			"from": [ 6.75, 9.125, 1.375 ],
			"to": [ 6.875, 9.875, 2.625 ],
			"faces": {
				"down": { "uv": [ 9.375, 8, 9.5, 9.25 ], "texture": "#mesh_atlas" },
				"up": { "uv": [ 10.125, 9.25, 10.25, 8 ], "texture": "#mesh_atlas" },
				"north": { "uv": [ 11.5, 10.75, 11.375, 11.5 ], "texture": "#mesh_atlas" },
				"south": { "uv": [ 11.375, 11.5, 11.5, 12.25 ], "texture": "#mesh_atlas" },
				"west": { "uv": [ 0, 8.875, 1.25, 9.625 ], "texture": "#mesh_atlas" },
				"east": { "uv": [ 2.5, 8.125, 1.25, 8.875 ], "texture": "#mesh_atlas" }
			}
		},
		{
			"__comment": "Voxels",
			"from": [ 6.75, 9.875, 1.5 ],
			"to": [ 7, 10, 2.5 ],
			"faces": {
				"down": { "uv": [ 9.875, 12.125, 10.125, 13.125 ], "texture": "#mesh_atlas" },
				"up": { "uv": [ 9.625, 13.125, 9.875, 12.125 ], "texture": "#mesh_atlas" },
				"north": { "uv": [ 8.375, 12.875, 8.125, 13 ], "texture": "#mesh_atlas" },
				"south": { "uv": [ 7.875, 12.875, 8.125, 13 ], "texture": "#mesh_atlas" },
				"west": { "uv": [ 12.875, 12.75, 13.875, 12.875 ], "texture": "#mesh_atlas" },
				"east": { "uv": [ 14.875, 12.75, 13.875, 12.875 ], "texture": "#mesh_atlas" }
			}
		},
		{
			"__comment": "Voxels",
			"from": [ 6.875, 9.25, 1.375 ],
			"to": [ 9.375, 9.375, 1.5 ],
			"faces": {
				"down": { "uv": [ 13.375, 14, 15.875, 14.125 ], "texture": "#mesh_atlas" },
				"up": { "uv": [ 10.875, 14.125, 13.375, 14 ], "texture": "#mesh_atlas" },
				"north": { "uv": [ 13.375, 13.625, 10.875, 13.75 ], "texture": "#mesh_atlas" },
				"south": { "uv": [ 13.375, 13.625, 15.875, 13.75 ], "texture": "#mesh_atlas" },
				"west": { "uv": [ 2.875, 12.5, 3, 12.625 ], "texture": "#mesh_atlas" },
				"east": { "uv": [ 11.875, 8, 11.75, 8.125 ], "texture": "#mesh_atlas" }
			}
		},
		{
			"__comment": "Voxels",
			"from": [ 6.875, 9.25, 2.5 ],
			"to": [ 9.375, 9.375, 2.625 ],
			"faces": {
				"down": { "uv": [ 8.375, 13.625, 10.875, 13.75 ], "texture": "#mesh_atlas" },
				"up": { "uv": [ 13.375, 13.875, 15.875, 13.75 ], "texture": "#mesh_atlas" },
				"north": { "uv": [ 13.375, 13.75, 10.875, 13.875 ], "texture": "#mesh_atlas" },
				"south": { "uv": [ 8.375, 14, 10.875, 14.125 ], "texture": "#mesh_atlas" },
				"west": { "uv": [ 15.625, 12.25, 15.75, 12.375 ], "texture": "#mesh_atlas" },
				"east": { "uv": [ 10.625, 10.375, 10.5, 10.5 ], "texture": "#mesh_atlas" }
			}
		},
		{
			"__comment": "Voxels",
			"from": [ 6.875, 9.375, 1.375 ],
			"to": [ 9.25, 9.875, 1.5 ],
			"faces": {
				"down": { "uv": [ 10.75, 13.5, 13.125, 13.625 ], "texture": "#mesh_atlas" },
				"up": { "uv": [ 8.375, 13.625, 10.75, 13.5 ], "texture": "#mesh_atlas" },
				"north": { "uv": [ 2.375, 12, 0, 12.5 ], "texture": "#mesh_atlas" },
				"south": { "uv": [ 0, 13, 2.375, 13.5 ], "texture": "#mesh_atlas" },
				"west": { "uv": [ 11.5, 8.75, 11.625, 9.25 ], "texture": "#mesh_atlas" },
				"east": { "uv": [ 11.625, 9.25, 11.5, 9.75 ], "texture": "#mesh_atlas" }
			}
		},
		{
			"__comment": "Voxels",
			"from": [ 6.875, 9.375, 2.5 ],
			"to": [ 9.25, 9.875, 2.625 ],
			"faces": {
				"down": { "uv": [ 13.125, 13.5, 15.5, 13.625 ], "texture": "#mesh_atlas" },
				"up": { "uv": [ 8.375, 13.5, 10.75, 13.375 ], "texture": "#mesh_atlas" },
				"north": { "uv": [ 2.375, 12.5, 0, 13 ], "texture": "#mesh_atlas" },
				"south": { "uv": [ 0, 13.5, 2.375, 14 ], "texture": "#mesh_atlas" },
				"west": { "uv": [ 11.5, 9.75, 11.625, 10.25 ], "texture": "#mesh_atlas" },
				"east": { "uv": [ 11.625, 10.25, 11.5, 10.75 ], "texture": "#mesh_atlas" }
			}
		},
		{
			"__comment": "Voxels",
			"from": [ 6.875, 9.75, 1.5 ],
			"to": [ 7, 9.875, 2.5 ],
			"faces": {
				"down": { "uv": [ 10.75, 8.875, 10.875, 9.875 ], "texture": "#mesh_atlas" },
				"up": { "uv": [ 10.875, 12.75, 11, 11.75 ], "texture": "#mesh_atlas" },
				"north": { "uv": [ 10.625, 10.5, 10.5, 10.625 ], "texture": "#mesh_atlas" },
				"south": { "uv": [ 12, 8.125, 12.125, 8.25 ], "texture": "#mesh_atlas" },
				"west": { "uv": [ 13, 12.625, 14, 12.75 ], "texture": "#mesh_atlas" },
				"east": { "uv": [ 10.625, 9.375, 9.625, 9.5 ], "texture": "#mesh_atlas" }
			}
		},
		{
			"__comment": "Voxels",
			"from": [ 6.875, 9.875, 1.375 ],
			"to": [ 9.125, 10.25, 1.5 ],
			"faces": {
				"down": { "uv": [ 8.375, 13.25, 10.625, 13.375 ], "texture": "#mesh_atlas" },
				"up": { "uv": [ 13, 13.5, 15.25, 13.375 ], "texture": "#mesh_atlas" },
				"north": { "uv": [ 5.25, 11, 3, 11.375 ], "texture": "#mesh_atlas" },
				"south": { "uv": [ 3, 11.75, 5.25, 12.125 ], "texture": "#mesh_atlas" },
				"west": { "uv": [ 6.75, 10.25, 6.875, 10.625 ], "texture": "#mesh_atlas" },
				"east": { "uv": [ 11.875, 8.875, 11.75, 9.25 ], "texture": "#mesh_atlas" }
			}
		},
		{
			"__comment": "Voxels",
			"from": [ 6.875, 9.875, 2.5 ],
			"to": [ 9.125, 10.25, 2.625 ],
			"faces": {
				"down": { "uv": [ 10.75, 13.375, 13, 13.5 ], "texture": "#mesh_atlas" },
				"up": { "uv": [ 8.375, 13.25, 10.625, 13.125 ], "texture": "#mesh_atlas" },
				"north": { "uv": [ 5.25, 11.375, 3, 11.75 ], "texture": "#mesh_atlas" },
				"south": { "uv": [ 3, 12.125, 5.25, 12.5 ], "texture": "#mesh_atlas" },
				"west": { "uv": [ 11.75, 8.5, 11.875, 8.875 ], "texture": "#mesh_atlas" },
				"east": { "uv": [ 11.875, 8.125, 11.75, 8.5 ], "texture": "#mesh_atlas" }
			}
		},
		{
			"__comment": "Voxels",
			"from": [ 6.875, 10, 1.5 ],
			"to": [ 7, 10.625, 2.5 ],
			"faces": {
				"down": { "uv": [ 10.625, 12, 10.75, 13 ], "texture": "#mesh_atlas" },
				"up": { "uv": [ 10.625, 12, 10.75, 11 ], "texture": "#mesh_atlas" },
				"north": { "uv": [ 11.375, 8, 11.25, 8.625 ], "texture": "#mesh_atlas" },
				"south": { "uv": [ 5.375, 8.25, 5.5, 8.875 ], "texture": "#mesh_atlas" },
				"west": { "uv": [ 4.375, 8.875, 5.375, 9.5 ], "texture": "#mesh_atlas" },
				"east": { "uv": [ 5.375, 8.25, 4.375, 8.875 ], "texture": "#mesh_atlas" }
			}
		},
		{
			"__comment": "Voxels",
			"from": [ 7, 10.25, 1.375 ],
			"to": [ 9, 10.625, 1.5 ],
			"faces": {
				"down": { "uv": [ 13.875, 14.25, 15.875, 14.375 ], "texture": "#mesh_atlas" },
				"up": { "uv": [ 13.875, 14.25, 15.875, 14.125 ], "texture": "#mesh_atlas" },
				"north": { "uv": [ 5, 9.5, 3, 9.875 ], "texture": "#mesh_atlas" },
				"south": { "uv": [ 3, 9.875, 5, 10.25 ], "texture": "#mesh_atlas" },
				"west": { "uv": [ 11.875, 11.625, 12, 12 ], "texture": "#mesh_atlas" },
				"east": { "uv": [ 12, 11.25, 11.875, 11.625 ], "texture": "#mesh_atlas" }
			}
		},
		{
			"__comment": "Voxels",
			"from": [ 7, 10.25, 2.5 ],
			"to": [ 9, 10.5, 2.625 ],
			"faces": {
				"down": { "uv": [ 8.375, 11, 10.375, 11.125 ], "texture": "#mesh_atlas" },
				"up": { "uv": [ 8.375, 11, 10.375, 10.875 ], "texture": "#mesh_atlas" },
				"north": { "uv": [ 12.375, 15.125, 10.375, 15.375 ], "texture": "#mesh_atlas" },
				"south": { "uv": [ 11.5, 15.75, 13.5, 16 ], "texture": "#mesh_atlas" },
				"west": { "uv": [ 14.125, 12, 14.25, 12.25 ], "texture": "#mesh_atlas" },
				"east": { "uv": [ 8.375, 14.25, 8.25, 14.5 ], "texture": "#mesh_atlas" }
			}
		},
		{
			"__comment": "Voxels",
			"from": [ 7, 10.375, 1.5 ],
			"to": [ 7.125, 11.125, 2.5 ],
			"faces": {
				"down": { "uv": [ 10.625, 10, 10.75, 11 ], "texture": "#mesh_atlas" },
				"up": { "uv": [ 10.625, 10, 10.75, 9 ], "texture": "#mesh_atlas" },
				"north": { "uv": [ 11.375, 10.125, 11.25, 10.875 ], "texture": "#mesh_atlas" },
				"south": { "uv": [ 11.25, 10.875, 11.375, 11.625 ], "texture": "#mesh_atlas" },
				"west": { "uv": [ 3, 10.25, 4, 11 ], "texture": "#mesh_atlas" },
				"east": { "uv": [ 5, 10.25, 4, 11 ], "texture": "#mesh_atlas" }
			}
		},
		{
			"__comment": "Voxels",
			"from": [ 7, 11.125, 1.625 ],
			"to": [ 7.25, 11.25, 2.375 ],
			"faces": {
				"down": { "uv": [ 6.25, 14.5, 6.5, 15.25 ], "texture": "#mesh_atlas" },
				"up": { "uv": [ 6.5, 15.25, 6.75, 14.5 ], "texture": "#mesh_atlas" },
				"north": { "uv": [ 8.125, 12.25, 7.875, 12.375 ], "texture": "#mesh_atlas" },
				"south": { "uv": [ 8.125, 13.75, 8.375, 13.875 ], "texture": "#mesh_atlas" },
				"west": { "uv": [ 14, 12.375, 14.75, 12.5 ], "texture": "#mesh_atlas" },
				"east": { "uv": [ 13.25, 12.375, 12.5, 12.5 ], "texture": "#mesh_atlas" }
			}
		},
		{
			"__comment": "Voxels",
			"from": [ 7.125, 10.375, 2.375 ],
			"to": [ 9.125, 10.625, 2.5 ],
			"faces": {
				"down": { "uv": [ 8.375, 11.125, 10.375, 11.25 ], "texture": "#mesh_atlas" },
				"up": { "uv": [ 8.375, 11.875, 10.375, 11.75 ], "texture": "#mesh_atlas" },
				"north": { "uv": [ 10.375, 15.125, 8.375, 15.375 ], "texture": "#mesh_atlas" },
				"south": { "uv": [ 13.5, 15.75, 15.5, 16 ], "texture": "#mesh_atlas" },
				"west": { "uv": [ 11.875, 8, 12, 8.25 ], "texture": "#mesh_atlas" },
				"east": { "uv": [ 15.75, 12, 15.625, 12.25 ], "texture": "#mesh_atlas" }
			}
		},
		{
			"__comment": "Voxels",
			"from": [ 7.125, 10.5, 1.5 ],
			"to": [ 9.125, 10.625, 1.625 ],
			"faces": {
				"down": { "uv": [ 8.375, 11.25, 10.375, 11.375 ], "texture": "#mesh_atlas" },
				"up": { "uv": [ 8.375, 11.5, 10.375, 11.375 ], "texture": "#mesh_atlas" },
				"north": { "uv": [ 10.375, 11.5, 8.375, 11.625 ], "texture": "#mesh_atlas" },
				"south": { "uv": [ 8.375, 11.625, 10.375, 11.75 ], "texture": "#mesh_atlas" },
				"west": { "uv": [ 15.875, 12.25, 16, 12.375 ], "texture": "#mesh_atlas" },
				"east": { "uv": [ 15.875, 12.25, 15.75, 12.375 ], "texture": "#mesh_atlas" }
			}
		},
		{
			"__comment": "Voxels",
			"from": [ 7.125, 10.625, 1.5 ],
			"to": [ 9, 11.125, 1.625 ],
			"faces": {
				"down": { "uv": [ 8.625, 10.625, 10.5, 10.75 ], "texture": "#mesh_atlas" },
				"up": { "uv": [ 8.625, 10.625, 10.5, 10.5 ], "texture": "#mesh_atlas" },
				"north": { "uv": [ 4.875, 12.5, 3, 13 ], "texture": "#mesh_atlas" },
				"south": { "uv": [ 3, 13.375, 4.875, 13.875 ], "texture": "#mesh_atlas" },
				"west": { "uv": [ 11.375, 9.25, 11.5, 9.75 ], "texture": "#mesh_atlas" },
				"east": { "uv": [ 9.25, 8, 9.125, 8.5 ], "texture": "#mesh_atlas" }
			}
		},
		{
			"__comment": "Voxels",
			"from": [ 7.125, 10.625, 2.375 ],
			"to": [ 9, 11.125, 2.5 ],
			"faces": {
				"down": { "uv": [ 8.625, 10.375, 10.5, 10.5 ], "texture": "#mesh_atlas" },
				"up": { "uv": [ 8.625, 10.875, 10.5, 10.75 ], "texture": "#mesh_atlas" },
				"north": { "uv": [ 4.875, 13.875, 3, 14.375 ], "texture": "#mesh_atlas" },
				"south": { "uv": [ 3, 14.375, 4.875, 14.875 ], "texture": "#mesh_atlas" },
				"west": { "uv": [ 9, 8, 9.125, 8.5 ], "texture": "#mesh_atlas" },
				"east": { "uv": [ 11.75, 8.75, 11.625, 9.25 ], "texture": "#mesh_atlas" }
			}
		},
		{
			"__comment": "Voxels",
			"from": [ 7.125, 11, 1.625 ],
			"to": [ 7.25, 11.125, 2.375 ],
			"faces": {
				"down": { "uv": [ 11, 9.375, 11.125, 10.125 ], "texture": "#mesh_atlas" },
				"up": { "uv": [ 11, 10.875, 11.125, 10.125 ], "texture": "#mesh_atlas" },
				"north": { "uv": [ 10.625, 10.625, 10.5, 10.75 ], "texture": "#mesh_atlas" },
				"south": { "uv": [ 10.5, 10.75, 10.625, 10.875 ], "texture": "#mesh_atlas" },
				"west": { "uv": [ 14.5, 12.5, 15.25, 12.625 ], "texture": "#mesh_atlas" },
				"east": { "uv": [ 15.5, 12.375, 14.75, 12.5 ], "texture": "#mesh_atlas" }
			}
		},
		{
			"__comment": "Voxels",
			"from": [ 7.125, 11.125, 1.5 ],
			"to": [ 8.875, 11.5, 1.625 ],
			"faces": {
				"down": { "uv": [ 8.625, 10, 10.375, 10.125 ], "texture": "#mesh_atlas" },
				"up": { "uv": [ 8.625, 10, 10.375, 9.875 ], "texture": "#mesh_atlas" },
				"north": { "uv": [ 13.875, 15.375, 12.125, 15.75 ], "texture": "#mesh_atlas" },
				"south": { "uv": [ 10.375, 15.375, 12.125, 15.75 ], "texture": "#mesh_atlas" },
				"west": { "uv": [ 11.875, 10.875, 12, 11.25 ], "texture": "#mesh_atlas" },
				"east": { "uv": [ 12, 10.5, 11.875, 10.875 ], "texture": "#mesh_atlas" }
			}
		},
		{
			"__comment": "Voxels",
			"from": [ 7.125, 11.125, 2.375 ],
			"to": [ 8.875, 11.5, 2.5 ],
			"faces": {
				"down": { "uv": [ 8.625, 10.25, 10.375, 10.375 ], "texture": "#mesh_atlas" },
				"up": { "uv": [ 8.625, 10.25, 10.375, 10.125 ], "texture": "#mesh_atlas" },
				"north": { "uv": [ 8.625, 15.375, 6.875, 15.75 ], "texture": "#mesh_atlas" },
				"south": { "uv": [ 8.625, 15.375, 10.375, 15.75 ], "texture": "#mesh_atlas" },
				"west": { "uv": [ 11.875, 10.125, 12, 10.5 ], "texture": "#mesh_atlas" },
				"east": { "uv": [ 12.125, 11.25, 12, 11.625 ], "texture": "#mesh_atlas" }
			}
		},
		{
			"__comment": "Voxels",
			"from": [ 7.125, 11.25, 1.625 ],
			"to": [ 7.25, 11.875, 2.375 ],
			"faces": {
				"down": { "uv": [ 11.125, 11.625, 11.25, 12.375 ], "texture": "#mesh_atlas" },
				"up": { "uv": [ 11.25, 9.375, 11.375, 8.625 ], "texture": "#mesh_atlas" },
				"north": { "uv": [ 5.5, 8.875, 5.375, 9.5 ], "texture": "#mesh_atlas" },
				"south": { "uv": [ 10.875, 8, 11, 8.625 ], "texture": "#mesh_atlas" },
				"west": { "uv": [ 5.5, 10.625, 6.25, 11.25 ], "texture": "#mesh_atlas" },
				"east": { "uv": [ 6.25, 11.25, 5.5, 11.875 ], "texture": "#mesh_atlas" }
			}
		},
		{
			"__comment": "Voxels",
			"from": [ 7.25, 11.5, 1.5 ],
			"to": [ 8.75, 11.875, 1.625 ],
			"faces": {
				"down": { "uv": [ 10.625, 13.25, 12.125, 13.375 ], "texture": "#mesh_atlas" },
				"up": { "uv": [ 12.125, 13.375, 13.625, 13.25 ], "texture": "#mesh_atlas" },
				"north": { "uv": [ 8.375, 15, 6.875, 15.375 ], "texture": "#mesh_atlas" },
				"south": { "uv": [ 13.875, 15.375, 15.375, 15.75 ], "texture": "#mesh_atlas" },
				"west": { "uv": [ 12, 10.875, 12.125, 11.25 ], "texture": "#mesh_atlas" },
				"east": { "uv": [ 12.125, 8.25, 12, 8.625 ], "texture": "#mesh_atlas" }
			}
		},
		{
			"__comment": "Voxels",
			"from": [ 7.25, 11.5, 2.375 ],
			"to": [ 8.75, 11.75, 2.5 ],
			"faces": {
				"down": { "uv": [ 8.625, 9.5, 10.125, 9.625 ], "texture": "#mesh_atlas" },
				"up": { "uv": [ 8.625, 9.75, 10.125, 9.625 ], "texture": "#mesh_atlas" },
				"north": { "uv": [ 8.375, 12.625, 6.875, 12.875 ], "texture": "#mesh_atlas" },
				"south": { "uv": [ 6.875, 12, 8.375, 12.25 ], "texture": "#mesh_atlas" },
				"west": { "uv": [ 15.125, 12, 15.25, 12.25 ], "texture": "#mesh_atlas" },
				"east": { "uv": [ 15.125, 12, 15, 12.25 ], "texture": "#mesh_atlas" }
			}
		},
		{
			"__comment": "Voxels",
			"from": [ 7.25, 11.625, 1.625 ],
			"to": [ 7.375, 12.375, 2.375 ],
			"faces": {
				"down": { "uv": [ 6.75, 14.5, 6.875, 15.25 ], "texture": "#mesh_atlas" },
				"up": { "uv": [ 6.75, 14.5, 6.875, 13.75 ], "texture": "#mesh_atlas" },
				"north": { "uv": [ 11.125, 8.625, 11, 9.375 ], "texture": "#mesh_atlas" },
				"south": { "uv": [ 11.25, 9.375, 11.375, 10.125 ], "texture": "#mesh_atlas" },
				"west": { "uv": [ 5.5, 14.5, 6.25, 15.25 ], "texture": "#mesh_atlas" },
				"east": { "uv": [ 6.25, 13.75, 5.5, 14.5 ], "texture": "#mesh_atlas" }
			}
		},
		{
			"__comment": "Voxels",
			"from": [ 7.25, 12.375, 1.75 ],
			"to": [ 7.5, 12.5, 2.25 ],
			"faces": {
				"down": { "uv": [ 5.25, 14.375, 5.5, 14.875 ], "texture": "#mesh_atlas" },
				"up": { "uv": [ 5.25, 14.375, 5.5, 13.875 ], "texture": "#mesh_atlas" },
				"north": { "uv": [ 16, 12.375, 15.75, 12.5 ], "texture": "#mesh_atlas" },
				"south": { "uv": [ 15.5, 12.375, 15.75, 12.5 ], "texture": "#mesh_atlas" },
				"west": { "uv": [ 4.875, 12.5, 5.375, 12.625 ], "texture": "#mesh_atlas" },
				"east": { "uv": [ 5.5, 10.25, 5, 10.375 ], "texture": "#mesh_atlas" }
			}
		},
		{
			"__comment": "Voxels",
			"from": [ 7.375, 11.625, 2.25 ],
			"to": [ 8.875, 11.875, 2.375 ],
			"faces": {
				"down": { "uv": [ 8.625, 9.75, 10.125, 9.875 ], "texture": "#mesh_atlas" },
				"up": { "uv": [ 14.375, 14.875, 15.875, 14.75 ], "texture": "#mesh_atlas" },
				"north": { "uv": [ 8.375, 13.25, 6.875, 13.5 ], "texture": "#mesh_atlas" },
				"south": { "uv": [ 6.875, 13.5, 8.375, 13.75 ], "texture": "#mesh_atlas" },
				"west": { "uv": [ 14.375, 12, 14.5, 12.25 ], "texture": "#mesh_atlas" },
				"east": { "uv": [ 14.375, 12, 14.25, 12.25 ], "texture": "#mesh_atlas" }
			}
		},
		{
			"__comment": "Voxels",
			"from": [ 7.375, 11.75, 1.625 ],
			"to": [ 8.875, 11.875, 1.75 ],
			"faces": {
				"down": { "uv": [ 14.375, 14.625, 15.875, 14.75 ], "texture": "#mesh_atlas" },
				"up": { "uv": [ 14.375, 15, 15.875, 14.875 ], "texture": "#mesh_atlas" },
				"north": { "uv": [ 15.875, 14.5, 14.375, 14.625 ], "texture": "#mesh_atlas" },
				"south": { "uv": [ 14.375, 14.375, 15.875, 14.5 ], "texture": "#mesh_atlas" },
				"west": { "uv": [ 15.875, 13.625, 16, 13.75 ], "texture": "#mesh_atlas" },
				"east": { "uv": [ 16, 14.25, 15.875, 14.375 ], "texture": "#mesh_atlas" }
			}
		},
		{
			"__comment": "Voxels",
			"from": [ 7.375, 11.875, 1.625 ],
			"to": [ 8.75, 12.375, 1.75 ],
			"faces": {
				"down": { "uv": [ 12, 13.125, 13.375, 13.25 ], "texture": "#mesh_atlas" },
				"up": { "uv": [ 13.625, 13.375, 15, 13.25 ], "texture": "#mesh_atlas" },
				"north": { "uv": [ 4.375, 8.5, 3, 9 ], "texture": "#mesh_atlas" },
				"south": { "uv": [ 3, 9, 4.375, 9.5 ], "texture": "#mesh_atlas" },
				"west": { "uv": [ 11.5, 8.25, 11.625, 8.75 ], "texture": "#mesh_atlas" },
				"east": { "uv": [ 11.75, 11.75, 11.625, 12.25 ], "texture": "#mesh_atlas" }
			}
		},
		{
			"__comment": "Voxels",
			"from": [ 7.375, 11.875, 2.25 ],
			"to": [ 8.75, 12.375, 2.375 ],
			"faces": {
				"down": { "uv": [ 10.625, 13.125, 12, 13.25 ], "texture": "#mesh_atlas" },
				"up": { "uv": [ 14.625, 15.125, 16, 15 ], "texture": "#mesh_atlas" },
				"north": { "uv": [ 4.375, 8, 3, 8.5 ], "texture": "#mesh_atlas" },
				"south": { "uv": [ 5.5, 15.25, 6.875, 15.75 ], "texture": "#mesh_atlas" },
				"west": { "uv": [ 11.625, 10.75, 11.75, 11.25 ], "texture": "#mesh_atlas" },
				"east": { "uv": [ 11.75, 10.25, 11.625, 10.75 ], "texture": "#mesh_atlas" }
			}
		},
		{
			"__comment": "Voxels",
			"from": [ 7.375, 12.25, 1.75 ],
			"to": [ 7.5, 12.375, 2.25 ],
			"faces": {
				"down": { "uv": [ 11.625, 9.75, 11.75, 10.25 ], "texture": "#mesh_atlas" },
				"up": { "uv": [ 11.75, 10.5, 11.875, 10 ], "texture": "#mesh_atlas" },
				"north": { "uv": [ 16, 13.75, 15.875, 13.875 ], "texture": "#mesh_atlas" },
				"south": { "uv": [ 15.875, 13.875, 16, 14 ], "texture": "#mesh_atlas" },
				"west": { "uv": [ 15.5, 13.5, 16, 13.625 ], "texture": "#mesh_atlas" },
				"east": { "uv": [ 8.375, 11.625, 7.875, 11.75 ], "texture": "#mesh_atlas" }
			}
		},
		{
			"__comment": "Voxels",
			"from": [ 7.375, 12.375, 1.625 ],
			"to": [ 8.625, 12.75, 1.75 ],
			"faces": {
				"down": { "uv": [ 1.25, 8, 2.5, 8.125 ], "texture": "#mesh_atlas" },
				"up": { "uv": [ 0, 8.125, 1.25, 8 ], "texture": "#mesh_atlas" },
				"north": { "uv": [ 6.75, 9.5, 5.5, 9.875 ], "texture": "#mesh_atlas" },
				"south": { "uv": [ 5.5, 12.25, 6.75, 12.625 ], "texture": "#mesh_atlas" },
				"west": { "uv": [ 12, 9.75, 12.125, 10.125 ], "texture": "#mesh_atlas" },
				"east": { "uv": [ 12.125, 9.375, 12, 9.75 ], "texture": "#mesh_atlas" }
			}
		},
		{
			"__comment": "Voxels",
			"from": [ 7.375, 12.375, 2.25 ],
			"to": [ 8.625, 12.75, 2.375 ],
			"faces": {
				"down": { "uv": [ 14.625, 13.125, 15.875, 13.25 ], "texture": "#mesh_atlas" },
				"up": { "uv": [ 13.375, 13.25, 14.625, 13.125 ], "texture": "#mesh_atlas" },
				"north": { "uv": [ 6.75, 11.875, 5.5, 12.25 ], "texture": "#mesh_atlas" },
				"south": { "uv": [ 5.5, 13, 6.75, 13.375 ], "texture": "#mesh_atlas" },
				"west": { "uv": [ 12, 9, 12.125, 9.375 ], "texture": "#mesh_atlas" },
				"east": { "uv": [ 12.125, 8.625, 12, 9 ], "texture": "#mesh_atlas" }
			}
		},
		{
			"__comment": "Voxels",
			"from": [ 7.375, 12.5, 1.75 ],
			"to": [ 7.5, 13.125, 2.25 ],
			"faces": {
				"down": { "uv": [ 11.5, 11.25, 11.625, 11.75 ], "texture": "#mesh_atlas" },
				"up": { "uv": [ 11.375, 10.75, 11.5, 10.25 ], "texture": "#mesh_atlas" },
				"north": { "uv": [ 6.875, 11.25, 6.75, 11.875 ], "texture": "#mesh_atlas" },
				"south": { "uv": [ 6.75, 10.625, 6.875, 11.25 ], "texture": "#mesh_atlas" },
				"west": { "uv": [ 5, 10.375, 5.5, 11 ], "texture": "#mesh_atlas" },
				"east": { "uv": [ 3, 8.25, 2.5, 8.875 ], "texture": "#mesh_atlas" }
			}
		},
		{
			"__comment": "Voxels",
			"from": [ 7.5, 12.75, 1.625 ],
			"to": [ 8.5, 13.125, 1.75 ],
			"faces": {
				"down": { "uv": [ 11.75, 12.875, 12.75, 13 ], "texture": "#mesh_atlas" },
				"up": { "uv": [ 11.875, 12.875, 12.875, 12.75 ], "texture": "#mesh_atlas" },
				"north": { "uv": [ 7.875, 12.25, 6.875, 12.625 ], "texture": "#mesh_atlas" },
				"south": { "uv": [ 6.875, 12.875, 7.875, 13.25 ], "texture": "#mesh_atlas" },
				"west": { "uv": [ 12.125, 10.125, 12.25, 10.5 ], "texture": "#mesh_atlas" },
				"east": { "uv": [ 12.25, 9.75, 12.125, 10.125 ], "texture": "#mesh_atlas" }
			}
		},
		{
			"__comment": "Voxels",
			"from": [ 7.5, 12.75, 2.25 ],
			"to": [ 8.5, 13, 2.375 ],
			"faces": {
				"down": { "uv": [ 13.75, 12.875, 14.75, 13 ], "texture": "#mesh_atlas" },
				"up": { "uv": [ 12.75, 13, 13.75, 12.875 ], "texture": "#mesh_atlas" },
				"north": { "uv": [ 9.625, 12.375, 8.625, 12.625 ], "texture": "#mesh_atlas" },
				"south": { "uv": [ 8.375, 11.875, 9.375, 12.125 ], "texture": "#mesh_atlas" },
				"west": { "uv": [ 14.75, 12, 14.875, 12.25 ], "texture": "#mesh_atlas" },
				"east": { "uv": [ 15, 12, 14.875, 12.25 ], "texture": "#mesh_atlas" }
			}
		},
		{
			"__comment": "Voxels",
			"from": [ 7.5, 12.875, 1.75 ],
			"to": [ 7.625, 13.625, 2.25 ],
			"faces": {
				"down": { "uv": [ 9.25, 8, 9.375, 8.5 ], "texture": "#mesh_atlas" },
				"up": { "uv": [ 11.625, 8.75, 11.75, 8.25 ], "texture": "#mesh_atlas" },
				"north": { "uv": [ 11.25, 9.375, 11.125, 10.125 ], "texture": "#mesh_atlas" },
				"south": { "uv": [ 10.875, 9.375, 11, 10.125 ], "texture": "#mesh_atlas" },
				"west": { "uv": [ 2.5, 8.875, 3, 9.625 ], "texture": "#mesh_atlas" },
				"east": { "uv": [ 3, 11.25, 2.5, 12 ], "texture": "#mesh_atlas" }
			}
		},
		{
			"__comment": "Voxels",
			"from": [ 7.5, 13.625, 1.875 ],
			"to": [ 7.75, 13.75, 2.125 ],
			"faces": {
				"down": { "uv": [ 8.125, 13, 8.375, 13.25 ], "texture": "#mesh_atlas" },
				"up": { "uv": [ 7.875, 12.625, 8.125, 12.375 ], "texture": "#mesh_atlas" },
				"north": { "uv": [ 14.875, 12.25, 14.625, 12.375 ], "texture": "#mesh_atlas" },
				"south": { "uv": [ 14.875, 12.25, 15.125, 12.375 ], "texture": "#mesh_atlas" },
				"west": { "uv": [ 15.125, 12.25, 15.375, 12.375 ], "texture": "#mesh_atlas" },
				"east": { "uv": [ 15.625, 12.25, 15.375, 12.375 ], "texture": "#mesh_atlas" }
			}
		},
		{
			"__comment": "Voxels",
			"from": [ 7.625, 12.875, 2.125 ],
			"to": [ 8.625, 13.125, 2.25 ],
			"faces": {
				"down": { "uv": [ 15, 13.25, 16, 13.375 ], "texture": "#mesh_atlas" },
				"up": { "uv": [ 10.75, 13, 11.75, 12.875 ], "texture": "#mesh_atlas" },
				"north": { "uv": [ 9.625, 12.625, 8.625, 12.875 ], "texture": "#mesh_atlas" },
				"south": { "uv": [ 8.625, 12.875, 9.625, 13.125 ], "texture": "#mesh_atlas" },
				"west": { "uv": [ 11.375, 8, 11.5, 8.25 ], "texture": "#mesh_atlas" },
				"east": { "uv": [ 11.625, 8, 11.5, 8.25 ], "texture": "#mesh_atlas" }
			}
		},
		{
			"__comment": "Voxels",
			"from": [ 7.625, 13, 1.75 ],
			"to": [ 8.625, 13.125, 1.875 ],
			"faces": {
				"down": { "uv": [ 9.625, 9.25, 10.625, 9.375 ], "texture": "#mesh_atlas" },
				"up": { "uv": [ 12, 12.75, 13, 12.625 ], "texture": "#mesh_atlas" },
				"north": { "uv": [ 12, 12.625, 11, 12.75 ], "texture": "#mesh_atlas" },
				"south": { "uv": [ 14.875, 12.75, 15.875, 12.875 ], "texture": "#mesh_atlas" },
				"west": { "uv": [ 15.875, 13.125, 16, 13.25 ], "texture": "#mesh_atlas" },
				"east": { "uv": [ 16, 12.75, 15.875, 12.875 ], "texture": "#mesh_atlas" }
			}
		},
		{
			"__comment": "Voxels",
			"from": [ 7.625, 13.125, 1.75 ],
			"to": [ 8.5, 13.625, 1.875 ],
			"faces": {
				"down": { "uv": [ 14.875, 12.625, 15.75, 12.75 ], "texture": "#mesh_atlas" },
				"up": { "uv": [ 11, 12.625, 11.875, 12.5 ], "texture": "#mesh_atlas" },
				"north": { "uv": [ 7.75, 14.5, 6.875, 15 ], "texture": "#mesh_atlas" },
				"south": { "uv": [ 5.5, 8.5, 6.375, 9 ], "texture": "#mesh_atlas" },
				"west": { "uv": [ 11.625, 11.25, 11.75, 11.75 ], "texture": "#mesh_atlas" },
				"east": { "uv": [ 11.625, 10.75, 11.5, 11.25 ], "texture": "#mesh_atlas" }
			}
		},
		{
			"__comment": "Voxels",
			"from": [ 7.625, 13.125, 2.125 ],
			"to": [ 8.5, 13.625, 2.25 ],
			"faces": {
				"down": { "uv": [ 11.875, 12.5, 12.75, 12.625 ], "texture": "#mesh_atlas" },
				"up": { "uv": [ 13.625, 12.625, 14.5, 12.5 ], "texture": "#mesh_atlas" },
				"north": { "uv": [ 6.375, 8, 5.5, 8.5 ], "texture": "#mesh_atlas" },
				"south": { "uv": [ 5.5, 9, 6.375, 9.5 ], "texture": "#mesh_atlas" },
				"west": { "uv": [ 11.75, 10.5, 11.875, 11 ], "texture": "#mesh_atlas" },
				"east": { "uv": [ 11.75, 9.25, 11.625, 9.75 ], "texture": "#mesh_atlas" }
			}
		},
		{
			"__comment": "Voxels",
			"from": [ 7.625, 13.5, 1.875 ],
			"to": [ 7.75, 13.625, 2.125 ],
			"faces": {
				"down": { "uv": [ 13.625, 12, 13.75, 12.25 ], "texture": "#mesh_atlas" },
				"up": { "uv": [ 13.75, 12.25, 13.875, 12 ], "texture": "#mesh_atlas" },
				"north": { "uv": [ 16, 14.5, 15.875, 14.625 ], "texture": "#mesh_atlas" },
				"south": { "uv": [ 15.875, 14.375, 16, 14.5 ], "texture": "#mesh_atlas" },
				"west": { "uv": [ 10.375, 11.75, 10.625, 11.875 ], "texture": "#mesh_atlas" },
				"east": { "uv": [ 10.625, 11.625, 10.375, 11.75 ], "texture": "#mesh_atlas" }
			}
		},
		{
			"__comment": "Voxels",
			"from": [ 7.625, 13.625, 1.75 ],
			"to": [ 8.375, 14, 1.875 ],
			"faces": {
				"down": { "uv": [ 11.75, 12.375, 12.5, 12.5 ], "texture": "#mesh_atlas" },
				"up": { "uv": [ 11.375, 12.375, 12.125, 12.25 ], "texture": "#mesh_atlas" },
				"north": { "uv": [ 8.375, 8.375, 7.625, 8.75 ], "texture": "#mesh_atlas" },
				"south": { "uv": [ 6.875, 8.375, 7.625, 8.75 ], "texture": "#mesh_atlas" },
				"west": { "uv": [ 5.375, 13.5, 5.5, 13.875 ], "texture": "#mesh_atlas" },
				"east": { "uv": [ 5.5, 12.625, 5.375, 13 ], "texture": "#mesh_atlas" }
			}
		},
		{
			"__comment": "Voxels",
			"from": [ 7.625, 13.625, 2.125 ],
			"to": [ 8.375, 14, 2.25 ],
			"faces": {
				"down": { "uv": [ 15.25, 13.375, 16, 13.5 ], "texture": "#mesh_atlas" },
				"up": { "uv": [ 11, 12.5, 11.75, 12.375 ], "texture": "#mesh_atlas" },
				"north": { "uv": [ 7.625, 8, 6.875, 8.375 ], "texture": "#mesh_atlas" },
				"south": { "uv": [ 7.625, 8, 8.375, 8.375 ], "texture": "#mesh_atlas" },
				"west": { "uv": [ 6.75, 9.875, 6.875, 10.25 ], "texture": "#mesh_atlas" },
				"east": { "uv": [ 6.875, 9.5, 6.75, 9.875 ], "texture": "#mesh_atlas" }
			}
		},
		{
			"__comment": "Voxels",
			"from": [ 7.625, 13.75, 1.875 ],
			"to": [ 7.75, 14.375, 2.125 ],
			"faces": {
				"down": { "uv": [ 15.25, 12, 15.375, 12.25 ], "texture": "#mesh_atlas" },
				"up": { "uv": [ 15.375, 12.25, 15.5, 12 ], "texture": "#mesh_atlas" },
				"north": { "uv": [ 11.125, 8, 11, 8.625 ], "texture": "#mesh_atlas" },
				"south": { "uv": [ 11.125, 8, 11.25, 8.625 ], "texture": "#mesh_atlas" },
				"west": { "uv": [ 6.25, 11.25, 6.5, 11.875 ], "texture": "#mesh_atlas" },
				"east": { "uv": [ 6.75, 11.25, 6.5, 11.875 ], "texture": "#mesh_atlas" }
			}
		},
		{
			"__comment": "Voxels",
			"from": [ 7.75, 14, 1.75 ],
			"to": [ 8.25, 14.375, 1.875 ],
			"faces": {
				"down": { "uv": [ 10.125, 9.625, 10.625, 9.75 ], "texture": "#mesh_atlas" },
				"up": { "uv": [ 10.125, 9.625, 10.625, 9.5 ], "texture": "#mesh_atlas" },
				"north": { "uv": [ 2.875, 13.625, 2.375, 14 ], "texture": "#mesh_atlas" },
				"south": { "uv": [ 2.375, 13.125, 2.875, 13.5 ], "texture": "#mesh_atlas" },
				"west": { "uv": [ 11.875, 9.75, 12, 10.125 ], "texture": "#mesh_atlas" },
				"east": { "uv": [ 12, 8.625, 11.875, 9 ], "texture": "#mesh_atlas" }
			}
		},
		{
			"__comment": "Voxels",
			"from": [ 7.75, 14, 2.125 ],
			"to": [ 8.25, 14.25, 2.25 ],
			"faces": {
				"down": { "uv": [ 2.5, 11.125, 3, 11.25 ], "texture": "#mesh_atlas" },
				"up": { "uv": [ 4.875, 13.5, 5.375, 13.375 ], "texture": "#mesh_atlas" },
				"north": { "uv": [ 3, 8, 2.5, 8.25 ], "texture": "#mesh_atlas" },
				"south": { "uv": [ 5, 10, 5.5, 10.25 ], "texture": "#mesh_atlas" },
				"west": { "uv": [ 11.625, 8, 11.75, 8.25 ], "texture": "#mesh_atlas" },
				"east": { "uv": [ 13.625, 12, 13.5, 12.25 ], "texture": "#mesh_atlas" }
			}
		},
		{
			"__comment": "Voxels",
			"from": [ 7.75, 14.125, 1.875 ],
			"to": [ 7.875, 14.875, 2.125 ],
			"faces": {
				"down": { "uv": [ 13.875, 12, 14, 12.25 ], "texture": "#mesh_atlas" },
				"up": { "uv": [ 14, 12.25, 14.125, 12 ], "texture": "#mesh_atlas" },
				"north": { "uv": [ 11, 10.125, 10.875, 10.875 ], "texture": "#mesh_atlas" },
				"south": { "uv": [ 10.875, 8.625, 11, 9.375 ], "texture": "#mesh_atlas" },
				"west": { "uv": [ 8.625, 8.75, 8.875, 9.5 ], "texture": "#mesh_atlas" },
				"east": { "uv": [ 8.875, 8, 8.625, 8.75 ], "texture": "#mesh_atlas" }
			}
		},
		{
			"__comment": "Voxels",
			"from": [ 7.875, 14.125, 2 ],
			"to": [ 8.375, 14.375, 2.125 ],
			"faces": {
				"down": { "uv": [ 5, 9.875, 5.5, 10 ], "texture": "#mesh_atlas" },
				"up": { "uv": [ 5, 9.625, 5.5, 9.5 ], "texture": "#mesh_atlas" },
				"north": { "uv": [ 5.5, 9.625, 5, 9.875 ], "texture": "#mesh_atlas" },
				"south": { "uv": [ 15.5, 15.75, 16, 16 ], "texture": "#mesh_atlas" },
				"west": { "uv": [ 15.5, 12, 15.625, 12.25 ], "texture": "#mesh_atlas" },
				"east": { "uv": [ 5.5, 8, 5.375, 8.25 ], "texture": "#mesh_atlas" }
			}
		},
		{
			"__comment": "Voxels",
			"from": [ 7.875, 14.25, 1.875 ],
			"to": [ 8.375, 14.375, 2 ],
			"faces": {
				"down": { "uv": [ 7.875, 14.125, 8.375, 14.25 ], "texture": "#mesh_atlas" },
				"up": { "uv": [ 7.875, 12, 8.375, 11.875 ], "texture": "#mesh_atlas" },
				"north": { "uv": [ 2.875, 12, 2.375, 12.125 ], "texture": "#mesh_atlas" },
				"south": { "uv": [ 7.875, 11.75, 8.375, 11.875 ], "texture": "#mesh_atlas" },
				"west": { "uv": [ 5.375, 13.375, 5.5, 13.5 ], "texture": "#mesh_atlas" },
				"east": { "uv": [ 5.5, 12.5, 5.375, 12.625 ], "texture": "#mesh_atlas" }
			}
		},
		{
			"__comment": "Voxels",
			"from": [ 7.875, 14.375, 1.875 ],
			"to": [ 8.25, 14.875, 2.125 ],
			"faces": {
				"down": { "uv": [ 15.375, 15.5, 15.75, 15.75 ], "texture": "#mesh_atlas" },
				"up": { "uv": [ 7.875, 14.5, 8.25, 14.25 ], "texture": "#mesh_atlas" },
				"north": { "uv": [ 5.25, 14.375, 4.875, 14.875 ], "texture": "#mesh_atlas" },
				"south": { "uv": [ 4.875, 13.875, 5.25, 14.375 ], "texture": "#mesh_atlas" },
				"west": { "uv": [ 6.375, 9, 6.625, 9.5 ], "texture": "#mesh_atlas" },
				"east": { "uv": [ 6.875, 9, 6.625, 9.5 ], "texture": "#mesh_atlas" }
			}
		},
		{
			"__comment": "Voxels",
			"from": [ 7.875, 14.875, 1.875 ],
			"to": [ 8.125, 15.25, 2.125 ],
			"faces": {
				"down": { "uv": [ 8.125, 11.375, 8.375, 11.625 ], "texture": "#mesh_atlas" },
				"up": { "uv": [ 8.125, 10, 8.375, 9.75 ], "texture": "#mesh_atlas" },
				"north": { "uv": [ 5.5, 11.375, 5.25, 11.75 ], "texture": "#mesh_atlas" },
				"south": { "uv": [ 5.25, 11, 5.5, 11.375 ], "texture": "#mesh_atlas" },
				"west": { "uv": [ 15.75, 15.375, 16, 15.75 ], "texture": "#mesh_atlas" },
				"east": { "uv": [ 8.125, 13.75, 7.875, 14.125 ], "texture": "#mesh_atlas" }
			}
		},
		{
			"__comment": "Voxels",
			"from": [ 8.125, 14.125, 1.875 ],
			"to": [ 8.375, 14.25, 2 ],
			"faces": {
				"down": { "uv": [ 10.375, 11.5, 10.625, 11.625 ], "texture": "#mesh_atlas" },
				"up": { "uv": [ 10.375, 11.25, 10.625, 11.125 ], "texture": "#mesh_atlas" },
				"north": { "uv": [ 10.625, 11, 10.375, 11.125 ], "texture": "#mesh_atlas" },
				"south": { "uv": [ 8.125, 11.25, 8.375, 11.375 ], "texture": "#mesh_atlas" },
				"west": { "uv": [ 15.875, 14.125, 16, 14.25 ], "texture": "#mesh_atlas" },
				"east": { "uv": [ 16, 14, 15.875, 14.125 ], "texture": "#mesh_atlas" }
			}
		},
		{
			"__comment": "Voxels",
			"from": [ 8.25, 13.5, 1.875 ],
			"to": [ 8.5, 13.75, 2.125 ],
			"faces": {
				"down": { "uv": [ 8.125, 9.5, 8.375, 9.75 ], "texture": "#mesh_atlas" },
				"up": { "uv": [ 13.25, 12.25, 13.5, 12 ], "texture": "#mesh_atlas" },
				"north": { "uv": [ 15.75, 15.125, 15.5, 15.375 ], "texture": "#mesh_atlas" },
				"south": { "uv": [ 15.75, 15.125, 16, 15.375 ], "texture": "#mesh_atlas" },
				"west": { "uv": [ 10.125, 11.875, 10.375, 12.125 ], "texture": "#mesh_atlas" },
				"east": { "uv": [ 10.625, 11.875, 10.375, 12.125 ], "texture": "#mesh_atlas" }
			}
		},
		{
			"__comment": "Voxels",
			"from": [ 8.25, 13.75, 1.875 ],
			"to": [ 8.375, 14.125, 2.125 ],
			"faces": {
				"down": { "uv": [ 14.5, 12, 14.625, 12.25 ], "texture": "#mesh_atlas" },
				"up": { "uv": [ 14.625, 12.25, 14.75, 12 ], "texture": "#mesh_atlas" },
				"north": { "uv": [ 12.125, 10.5, 12, 10.875 ], "texture": "#mesh_atlas" },
				"south": { "uv": [ 12, 10.125, 12.125, 10.5 ], "texture": "#mesh_atlas" },
				"west": { "uv": [ 2.75, 10.75, 3, 11.125 ], "texture": "#mesh_atlas" },
				"east": { "uv": [ 3, 10.375, 2.75, 10.75 ], "texture": "#mesh_atlas" }
			}
		},
		{
			"__comment": "Voxels",
			"from": [ 8.375, 12.875, 1.75 ],
			"to": [ 8.625, 13, 2.125 ],
			"faces": {
				"down": { "uv": [ 2.75, 10, 3, 10.375 ], "texture": "#mesh_atlas" },
				"up": { "uv": [ 2.75, 10, 3, 9.625 ], "texture": "#mesh_atlas" },
				"north": { "uv": [ 12.625, 12.25, 12.375, 12.375 ], "texture": "#mesh_atlas" },
				"south": { "uv": [ 10.375, 10.125, 10.625, 10.25 ], "texture": "#mesh_atlas" },
				"west": { "uv": [ 15.375, 15.375, 15.75, 15.5 ], "texture": "#mesh_atlas" },
				"east": { "uv": [ 16, 13, 15.625, 13.125 ], "texture": "#mesh_atlas" }
			}
		},
		{
			"__comment": "Voxels",
			"from": [ 8.375, 13, 1.875 ],
			"to": [ 8.625, 13.125, 2.125 ],
			"faces": {
				"down": { "uv": [ 11.75, 12, 12, 12.25 ], "texture": "#mesh_atlas" },
				"up": { "uv": [ 12.75, 12.25, 13, 12 ], "texture": "#mesh_atlas" },
				"north": { "uv": [ 13.375, 12.25, 13.125, 12.375 ], "texture": "#mesh_atlas" },
				"south": { "uv": [ 13.375, 12.25, 13.625, 12.375 ], "texture": "#mesh_atlas" },
				"west": { "uv": [ 13.625, 12.25, 13.875, 12.375 ], "texture": "#mesh_atlas" },
				"east": { "uv": [ 14.125, 12.25, 13.875, 12.375 ], "texture": "#mesh_atlas" }
			}
		},
		{
			"__comment": "Voxels",
			"from": [ 8.375, 13.125, 1.875 ],
			"to": [ 8.5, 13.5, 2.125 ],
			"faces": {
				"down": { "uv": [ 15.75, 12, 15.875, 12.25 ], "texture": "#mesh_atlas" },
				"up": { "uv": [ 15.875, 12.25, 16, 12 ], "texture": "#mesh_atlas" },
				"north": { "uv": [ 12.25, 9.375, 12.125, 9.75 ], "texture": "#mesh_atlas" },
				"south": { "uv": [ 12.125, 9, 12.25, 9.375 ], "texture": "#mesh_atlas" },
				"west": { "uv": [ 5.25, 12.125, 5.5, 12.5 ], "texture": "#mesh_atlas" },
				"east": { "uv": [ 5.5, 11.75, 5.25, 12.125 ], "texture": "#mesh_atlas" }
			}
		},
		{
			"__comment": "Voxels",
			"from": [ 8.5, 12.25, 1.75 ],
			"to": [ 8.75, 12.5, 2.25 ],
			"faces": {
				"down": { "uv": [ 6.375, 8.5, 6.625, 9 ], "texture": "#mesh_atlas" },
				"up": { "uv": [ 6.625, 9, 6.875, 8.5 ], "texture": "#mesh_atlas" },
				"north": { "uv": [ 13.25, 12, 13, 12.25 ], "texture": "#mesh_atlas" },
				"south": { "uv": [ 12, 12, 12.25, 12.25 ], "texture": "#mesh_atlas" },
				"west": { "uv": [ 6.375, 8.25, 6.875, 8.5 ], "texture": "#mesh_atlas" },
				"east": { "uv": [ 6.875, 8, 6.375, 8.25 ], "texture": "#mesh_atlas" }
			}
		},
		{
			"__comment": "Voxels",
			"from": [ 8.5, 12.5, 1.75 ],
			"to": [ 8.625, 12.875, 2.25 ],
			"faces": {
				"down": { "uv": [ 11.75, 11.5, 11.875, 12 ], "texture": "#mesh_atlas" },
				"up": { "uv": [ 11.75, 11.5, 11.875, 11 ], "texture": "#mesh_atlas" },
				"north": { "uv": [ 6.875, 12.25, 6.75, 12.625 ], "texture": "#mesh_atlas" },
				"south": { "uv": [ 6.75, 11.875, 6.875, 12.25 ], "texture": "#mesh_atlas" },
				"west": { "uv": [ 4.875, 13.5, 5.375, 13.875 ], "texture": "#mesh_atlas" },
				"east": { "uv": [ 5.375, 12.625, 4.875, 13 ], "texture": "#mesh_atlas" }
			}
		},
		{
			"__comment": "Voxels",
			"from": [ 8.625, 11.625, 1.625 ],
			"to": [ 8.875, 11.75, 2.25 ],
			"faces": {
				"down": { "uv": [ 6.5, 10.625, 6.75, 11.25 ], "texture": "#mesh_atlas" },
				"up": { "uv": [ 6.25, 11.25, 6.5, 10.625 ], "texture": "#mesh_atlas" },
				"north": { "uv": [ 10.625, 10.875, 10.375, 11 ], "texture": "#mesh_atlas" },
				"south": { "uv": [ 10.375, 10, 10.625, 10.125 ], "texture": "#mesh_atlas" },
				"west": { "uv": [ 2.375, 13, 3, 13.125 ], "texture": "#mesh_atlas" },
				"east": { "uv": [ 3, 13.5, 2.375, 13.625 ], "texture": "#mesh_atlas" }
			}
		},
		{
			"__comment": "Voxels",
			"from": [ 8.625, 11.75, 1.75 ],
			"to": [ 8.875, 11.875, 2.25 ],
			"faces": {
				"down": { "uv": [ 7.75, 14.5, 8, 15 ], "texture": "#mesh_atlas" },
				"up": { "uv": [ 8, 15, 8.25, 14.5 ], "texture": "#mesh_atlas" },
				"north": { "uv": [ 16, 12.625, 15.75, 12.75 ], "texture": "#mesh_atlas" },
				"south": { "uv": [ 12.125, 12.25, 12.375, 12.375 ], "texture": "#mesh_atlas" },
				"west": { "uv": [ 10.125, 9.75, 10.625, 9.875 ], "texture": "#mesh_atlas" },
				"east": { "uv": [ 2.875, 12.5, 2.375, 12.625 ], "texture": "#mesh_atlas" }
			}
		},
		{
			"__comment": "Voxels",
			"from": [ 8.625, 11.875, 1.75 ],
			"to": [ 8.75, 12.25, 2.25 ],
			"faces": {
				"down": { "uv": [ 8.25, 14.5, 8.375, 15 ], "texture": "#mesh_atlas" },
				"up": { "uv": [ 11.375, 8.75, 11.5, 8.25 ], "texture": "#mesh_atlas" },
				"north": { "uv": [ 12, 9.375, 11.875, 9.75 ], "texture": "#mesh_atlas" },
				"south": { "uv": [ 11.875, 9, 12, 9.375 ], "texture": "#mesh_atlas" },
				"west": { "uv": [ 2.375, 12.625, 2.875, 13 ], "texture": "#mesh_atlas" },
				"east": { "uv": [ 2.875, 12.125, 2.375, 12.5 ], "texture": "#mesh_atlas" }
			}
		},
		{
			"__comment": "Voxels",
			"from": [ 8.75, 11, 1.625 ],
			"to": [ 9, 11.25, 2.375 ],
			"faces": {
				"down": { "uv": [ 6.25, 13.75, 6.5, 14.5 ], "texture": "#mesh_atlas" },
				"up": { "uv": [ 6.5, 14.5, 6.75, 13.75 ], "texture": "#mesh_atlas" },
				"north": { "uv": [ 8.375, 13.875, 8.125, 14.125 ], "texture": "#mesh_atlas" },
				"south": { "uv": [ 7.875, 13, 8.125, 13.25 ], "texture": "#mesh_atlas" },
				"west": { "uv": [ 9.375, 11.875, 10.125, 12.125 ], "texture": "#mesh_atlas" },
				"east": { "uv": [ 9.625, 9.25, 8.875, 9.5 ], "texture": "#mesh_atlas" }
			}
		},
		{
			"__comment": "Voxels",
			"from": [ 8.75, 11.25, 1.625 ],
			"to": [ 8.875, 11.625, 2.375 ],
			"faces": {
				"down": { "uv": [ 11.125, 10.875, 11.25, 11.625 ], "texture": "#mesh_atlas" },
				"up": { "uv": [ 11.125, 10.875, 11.25, 10.125 ], "texture": "#mesh_atlas" },
				"north": { "uv": [ 12.25, 11.625, 12.125, 12 ], "texture": "#mesh_atlas" },
				"south": { "uv": [ 12.125, 10.5, 12.25, 10.875 ], "texture": "#mesh_atlas" },
				"west": { "uv": [ 7.625, 9.125, 8.375, 9.5 ], "texture": "#mesh_atlas" },
				"east": { "uv": [ 8.375, 8.75, 7.625, 9.125 ], "texture": "#mesh_atlas" }
			}
		},
		{
			"__comment": "Voxels",
			"from": [ 8.875, 10.375, 1.5 ],
			"to": [ 9.125, 10.5, 2.375 ],
			"faces": {
				"down": { "uv": [ 8.375, 9, 8.625, 9.875 ], "texture": "#mesh_atlas" },
				"up": { "uv": [ 8.375, 9, 8.625, 8.125 ], "texture": "#mesh_atlas" },
				"north": { "uv": [ 10.625, 11.375, 10.375, 11.5 ], "texture": "#mesh_atlas" },
				"south": { "uv": [ 10.375, 11.25, 10.625, 11.375 ], "texture": "#mesh_atlas" },
				"west": { "uv": [ 14, 12.625, 14.875, 12.75 ], "texture": "#mesh_atlas" },
				"east": { "uv": [ 13.625, 12.5, 12.75, 12.625 ], "texture": "#mesh_atlas" }
			}
		},
		{
			"__comment": "Voxels",
			"from": [ 8.875, 10.5, 1.625 ],
			"to": [ 9.125, 10.625, 2.375 ],
			"faces": {
				"down": { "uv": [ 8.875, 8.5, 9.125, 9.25 ], "texture": "#mesh_atlas" },
				"up": { "uv": [ 9.125, 9.25, 9.375, 8.5 ], "texture": "#mesh_atlas" },
				"north": { "uv": [ 8.625, 8, 8.375, 8.125 ], "texture": "#mesh_atlas" },
				"south": { "uv": [ 10.375, 10.25, 10.625, 10.375 ], "texture": "#mesh_atlas" },
				"west": { "uv": [ 15.25, 12.5, 16, 12.625 ], "texture": "#mesh_atlas" },
				"east": { "uv": [ 14, 12.375, 13.25, 12.5 ], "texture": "#mesh_atlas" }
			}
		},
		{
			"__comment": "Voxels",
			"from": [ 8.875, 10.625, 1.625 ],
			"to": [ 9, 11, 2.375 ],
			"faces": {
				"down": { "uv": [ 11.125, 8.625, 11.25, 9.375 ], "texture": "#mesh_atlas" },
				"up": { "uv": [ 11.25, 12.375, 11.375, 11.625 ], "texture": "#mesh_atlas" },
				"north": { "uv": [ 3, 12.625, 2.875, 13 ], "texture": "#mesh_atlas" },
				"south": { "uv": [ 2.875, 12.125, 3, 12.5 ], "texture": "#mesh_atlas" },
				"west": { "uv": [ 6.875, 8.75, 7.625, 9.125 ], "texture": "#mesh_atlas" },
				"east": { "uv": [ 7.625, 9.125, 6.875, 9.5 ], "texture": "#mesh_atlas" }
			}
		},
		{
			"__comment": "Voxels",
			"from": [ 9, 9.75, 1.5 ],
			"to": [ 9.25, 10, 2.5 ],
			"faces": {
				"down": { "uv": [ 8.375, 12.125, 8.625, 13.125 ], "texture": "#mesh_atlas" },
				"up": { "uv": [ 10.375, 13.125, 10.625, 12.125 ], "texture": "#mesh_atlas" },
				"north": { "uv": [ 8.375, 12.375, 8.125, 12.625 ], "texture": "#mesh_atlas" },
				"south": { "uv": [ 7.875, 11.375, 8.125, 11.625 ], "texture": "#mesh_atlas" },
				"west": { "uv": [ 4.375, 8, 5.375, 8.25 ], "texture": "#mesh_atlas" },
				"east": { "uv": [ 9.625, 12.125, 8.625, 12.375 ], "texture": "#mesh_atlas" }
			}
		},
		{
			"__comment": "Voxels",
			"from": [ 9, 10, 1.5 ],
			"to": [ 9.125, 10.375, 2.5 ],
			"faces": {
				"down": { "uv": [ 10.625, 8, 10.75, 9 ], "texture": "#mesh_atlas" },
				"up": { "uv": [ 10.75, 12.875, 10.875, 11.875 ], "texture": "#mesh_atlas" },
				"north": { "uv": [ 11.875, 9.625, 11.75, 10 ], "texture": "#mesh_atlas" },
				"south": { "uv": [ 11.75, 9.25, 11.875, 9.625 ], "texture": "#mesh_atlas" },
				"west": { "uv": [ 6.875, 14.125, 7.875, 14.5 ], "texture": "#mesh_atlas" },
				"east": { "uv": [ 7.875, 13.75, 6.875, 14.125 ], "texture": "#mesh_atlas" }
			}
		},
		{
			"__comment": "Voxels",
			"from": [ 9.125, 9.125, 1.375 ],
			"to": [ 9.375, 9.25, 2.625 ],
			"faces": {
				"down": { "uv": [ 7.125, 10, 7.375, 11.25 ], "texture": "#mesh_atlas" },
				"up": { "uv": [ 7.375, 11.25, 7.625, 10 ], "texture": "#mesh_atlas" },
				"north": { "uv": [ 12.875, 12.25, 12.625, 12.375 ], "texture": "#mesh_atlas" },
				"south": { "uv": [ 12.875, 12.25, 13.125, 12.375 ], "texture": "#mesh_atlas" },
				"west": { "uv": [ 10.625, 13, 11.875, 13.125 ], "texture": "#mesh_atlas" },
				"east": { "uv": [ 15.625, 13, 14.375, 13.125 ], "texture": "#mesh_atlas" }
			}
		},
		{
			"__comment": "Voxels",
			"from": [ 9.125, 9.25, 1.5 ],
			"to": [ 9.375, 9.375, 2.5 ],
			"faces": {
				"down": { "uv": [ 8.375, 9.875, 8.625, 10.875 ], "texture": "#mesh_atlas" },
				"up": { "uv": [ 10.125, 13.125, 10.375, 12.125 ], "texture": "#mesh_atlas" },
				"north": { "uv": [ 14.375, 12.25, 14.125, 12.375 ], "texture": "#mesh_atlas" },
				"south": { "uv": [ 14.375, 12.25, 14.625, 12.375 ], "texture": "#mesh_atlas" },
				"west": { "uv": [ 14.75, 12.875, 15.75, 13 ], "texture": "#mesh_atlas" },
				"east": { "uv": [ 11.875, 12.75, 10.875, 12.875 ], "texture": "#mesh_atlas" }
			}
		},
		{
			"__comment": "Voxels",
			"from": [ 9.125, 9.375, 1.5 ],
			"to": [ 9.25, 9.75, 2.5 ],
			"faces": {
				"down": { "uv": [ 10.75, 10.875, 10.875, 11.875 ], "texture": "#mesh_atlas" },
				"up": { "uv": [ 10.75, 10.875, 10.875, 9.875 ], "texture": "#mesh_atlas" },
				"north": { "uv": [ 12, 8.25, 11.875, 8.625 ], "texture": "#mesh_atlas" },
				"south": { "uv": [ 12, 11.625, 12.125, 12 ], "texture": "#mesh_atlas" },
				"west": { "uv": [ 6.875, 11.625, 7.875, 12 ], "texture": "#mesh_atlas" },
				"east": { "uv": [ 7.875, 11.25, 6.875, 11.625 ], "texture": "#mesh_atlas" }
			}
		},
		{
			"__comment": "Voxels",
			"from": [ 9.25, 8.5, 1.375 ],
			"to": [ 9.5, 8.75, 2.625 ],
			"faces": {
				"down": { "uv": [ 7.625, 10, 7.875, 11.25 ], "texture": "#mesh_atlas" },
				"up": { "uv": [ 7.875, 11.25, 8.125, 10 ], "texture": "#mesh_atlas" },
				"north": { "uv": [ 12.5, 12, 12.25, 12.25 ], "texture": "#mesh_atlas" },
				"south": { "uv": [ 12.5, 12, 12.75, 12.25 ], "texture": "#mesh_atlas" },
				"west": { "uv": [ 6.875, 9.75, 8.125, 10 ], "texture": "#mesh_atlas" },
				"east": { "uv": [ 8.125, 9.5, 6.875, 9.75 ], "texture": "#mesh_atlas" }
			}
		},
		{
			"__comment": "Voxels",
			"from": [ 9.25, 8.75, 1.375 ],
			"to": [ 9.375, 9.125, 2.625 ],
			"faces": {
				"down": { "uv": [ 9.875, 8, 10, 9.25 ], "texture": "#mesh_atlas" },
				"up": { "uv": [ 10, 9.25, 10.125, 8 ], "texture": "#mesh_atlas" },
				"north": { "uv": [ 12.25, 11.25, 12.125, 11.625 ], "texture": "#mesh_atlas" },
				"south": { "uv": [ 12.125, 10.875, 12.25, 11.25 ], "texture": "#mesh_atlas" },
				"west": { "uv": [ 5.5, 10.25, 6.75, 10.625 ], "texture": "#mesh_atlas" },
				"east": { "uv": [ 6.75, 13.375, 5.5, 13.75 ], "texture": "#mesh_atlas" }
			}
		},
		{
			"__comment": "Voxels",
			"from": [ 9.375, 8, 1.375 ],
			"to": [ 9.625, 8.125, 2.625 ],
			"faces": {
				"down": { "uv": [ 8.125, 10, 8.375, 11.25 ], "texture": "#mesh_atlas" },
				"up": { "uv": [ 6.875, 11.25, 7.125, 10 ], "texture": "#mesh_atlas" },
				"north": { "uv": [ 10.625, 9.875, 10.375, 10 ], "texture": "#mesh_atlas" },
				"south": { "uv": [ 15.75, 12.875, 16, 13 ], "texture": "#mesh_atlas" },
				"west": { "uv": [ 11.875, 13, 13.125, 13.125 ], "texture": "#mesh_atlas" },
				"east": { "uv": [ 14.375, 13, 13.125, 13.125 ], "texture": "#mesh_atlas" }
			}
		},
		{
			"__comment": "Voxels",
			"from": [ 9.375, 8.125, 1.375 ],
			"to": [ 9.5, 8.5, 2.625 ],
			"faces": {
				"down": { "uv": [ 10.375, 8, 10.5, 9.25 ], "texture": "#mesh_atlas" },
				"up": { "uv": [ 10.5, 9.25, 10.625, 8 ], "texture": "#mesh_atlas" },
				"north": { "uv": [ 12.25, 8.25, 12.125, 8.625 ], "texture": "#mesh_atlas" },
				"south": { "uv": [ 12.25, 11.625, 12.375, 12 ], "texture": "#mesh_atlas" },
				"west": { "uv": [ 5.5, 12.625, 6.75, 13 ], "texture": "#mesh_atlas" },
				"east": { "uv": [ 6.75, 9.875, 5.5, 10.25 ], "texture": "#mesh_atlas" }
			}
		},
		{
			"__comment": "Voxels",
			"from": [ 9.5, 8, 1.25 ],
			"to": [ 9.625, 8.125, 1.375 ],
			"faces": {
				"down": { "uv": [ 12, 8, 12.125, 8.125 ], "texture": "#mesh_atlas" },
				"up": { "uv": [ 12.125, 8.25, 12.25, 8.125 ], "texture": "#mesh_atlas" },
				"north": { "uv": [ 12.25, 8, 12.125, 8.125 ], "texture": "#mesh_atlas" },
				"south": { "uv": [ 12.625, 11.875, 12.75, 12 ], "texture": "#mesh_atlas" },
				"west": { "uv": [ 12.625, 11.75, 12.75, 11.875 ], "texture": "#mesh_atlas" },
				"east": { "uv": [ 12.75, 11.625, 12.625, 11.75 ], "texture": "#mesh_atlas" }
			}
		}
	],
	"display": {
		"thirdperson_righthand": {
			"rotation":  [ 0, -90, 89 ],
			"translation":  [ -3.97, -2.08, 0.19 ]
		},
		"thirdperson_lefthand": {
			"rotation":  [ 0, -90, 89 ],
			"translation":  [ -3.97, -2.08, 0.19 ]
		},
		"firstperson_righthand": {
			"rotation":  [ 137, 13, 173 ],
			"translation":  [ 1.32, 0, -4.54 ],
			"scale":  [ 1.5, 1.5, 1 ]
		},
		"firstperson_lefthand": {
			"rotation":  [ 137, 13, 173 ],
			"translation":  [ 1.32, 0, -4.54 ],
			"scale":  [ 1.5, 1.5, 1 ]
		},
		"gui": {
			"rotation":  [ -28, 180, -43 ],
			"translation":  [ -1.3, -2.008, 6.43 ],
			"scale":  [ 1.2, 1.2, 1.2 ]
		},
		"head": {
			"rotation":  [ -41, 0, 0 ],
			"translation":  [ 0, -21.55, 0.0006 ],
			"scale":  [ 1, 1.25, 1 ]
		},
		"ground": {
			"translation":  [ 0, 6, 0 ],
			"scale":  [ 1.25, 1.25, 1.25 ]
		},
		"fixed": {
			"translation":  [ 0, 0, 4.8695 ]
		}
	}
}