{
"__comment": "Designed by FirecatHD",
"textures": {
    "particle": "3d/earth_dagger_all",
    "texture": "3d/earth_dagger_all"
},
"elements": [ 
{
    "from": [ 4, 6, 7 ],
    "to": [ 6, 9, 13.5 ],
    "faces": {
        "down":  { "uv": [ 2.5, 13.5, 3.5, 16 ], "texture": "#texture" },
        "up":    { "uv": [ 2.5, 13.5, 3.5, 16 ], "texture": "#texture" },
        "north": { "uv": [ 7, 14, 9, 16 ], "texture": "#texture" },
        "south": { "uv": [ 7, 14, 9, 16 ], "texture": "#texture" },
        "west":  { "uv": [ 4.5, 13.5, 11, 15.5 ], "texture": "#texture" },
        "east":  { "uv": [ 4.5, 13.5, 11, 15.5 ], "texture": "#texture" }
    }
},
{
    "from": [ 1, 6, 6.5 ],
    "to": [ 3, 9, 7.5 ],
    "faces": {
        "down":  { "uv": [ 13, 7.5, 14.5, 9 ], "texture": "#texture" },
        "up":    { "uv": [ 13, 7.5, 14.5, 9 ], "texture": "#texture" },
        "north": { "uv": [ 12, 7, 13.5, 9.5 ], "texture": "#texture" },
        "south": { "uv": [ 12, 7, 13.5, 9.5 ], "texture": "#texture" },
        "west":  { "uv": [ 13, 7, 14.5, 9.5 ], "texture": "#texture" },
        "east":  { "uv": [ 13, 7, 14.5, 9.5 ], "texture": "#texture" }
    }
},
{
    "from": [ 1.5, 6.5, 9 ],
    "to": [ 4.5, 9.5, 11.5 ],
    "faces": {
        "down":  { "uv": [ 13, 7.5, 14.5, 9 ], "texture": "#texture" },
        "up":    { "uv": [ 13, 7.5, 14.5, 9 ], "texture": "#texture" },
        "north": { "uv": [ 12, 7, 13.5, 9.5 ], "texture": "#texture" },
        "south": { "uv": [ 12, 7, 13.5, 9.5 ], "texture": "#texture" },
        "west":  { "uv": [ 13, 7, 14.5, 9.5 ], "texture": "#texture" },
        "east":  { "uv": [ 13, 7, 14.5, 9.5 ], "texture": "#texture" }
    }
},
{
    "from": [ 6, 6.5, 7.5 ],
    "to": [ 9, 9, 13 ],
    "faces": {
        "down":  { "uv": [ 2.5, 13.5, 3.5, 16 ], "texture": "#texture" },
        "up":    { "uv": [ 2.5, 13.5, 3.5, 16 ], "texture": "#texture" },
        "north": { "uv": [ 7, 14, 9, 16 ], "texture": "#texture" },
        "south": { "uv": [ 7, 14, 9, 16 ], "texture": "#texture" },
        "west":  { "uv": [ 4.5, 13.5, 11, 15.5 ], "texture": "#texture" },
        "east":  { "uv": [ 4.5, 13.5, 11, 15.5 ], "texture": "#texture" }
    }
},
{
    "from": [ 9, 7, 8 ],
    "to": [ 11.5, 9, 12.5 ],
    "faces": {
        "down":  { "uv": [ 2.5, 13.5, 3.5, 16 ], "texture": "#texture" },
        "up":    { "uv": [ 2.5, 13.5, 3.5, 16 ], "texture": "#texture" },
        "north": { "uv": [ 7, 14, 9, 16 ], "texture": "#texture" },
        "south": { "uv": [ 7, 14, 9, 16 ], "texture": "#texture" },
        "west":  { "uv": [ 4.5, 13.5, 11, 15.5 ], "texture": "#texture" },
        "east":  { "uv": [ 4.5, 13.5, 11, 15.5 ], "texture": "#texture" }
    }
},
{
    "from": [ 11.5, 7.5, 8.5 ],
    "to": [ 14, 9, 12 ],
    "faces": {
        "down":  { "uv": [ 2.5, 13.5, 3.5, 16 ], "texture": "#texture" },
        "up":    { "uv": [ 2.5, 13.5, 3.5, 16 ], "texture": "#texture" },
        "north": { "uv": [ 7, 14, 9, 16 ], "texture": "#texture" },
        "south": { "uv": [ 7, 14, 9, 16 ], "texture": "#texture" },
        "west":  { "uv": [ 4.5, 13.5, 11, 15.5 ], "texture": "#texture" },
        "east":  { "uv": [ 4.5, 13.5, 11, 15.5 ], "texture": "#texture" }
    }
},
{
    "from": [ 14, 8, 9 ],
    "to": [ 15, 8.5, 10 ],
    "faces": {
        "down":  { "uv": [ 2.5, 13.5, 3.5, 16 ], "texture": "#texture" },
        "up":    { "uv": [ 2.5, 13.5, 3.5, 16 ], "texture": "#texture" },
        "north": { "uv": [ 7, 14, 9, 16 ], "texture": "#texture" },
        "south": { "uv": [ 7, 14, 9, 16 ], "texture": "#texture" },
        "west":  { "uv": [ 4.5, 13.5, 11, 15.5 ], "texture": "#texture" },
        "east":  { "uv": [ 4.5, 13.5, 11, 15.5 ], "texture": "#texture" }
    }
},
{
    "from": [ 7, 7.5, 6.5 ],
    "to": [ 8, 8.5, 8.5 ],
    "faces": {
        "down":  { "uv": [ 10.5, 5, 11.5, 6 ], "texture": "#texture" },
        "up":    { "uv": [ 10.5, 5, 11.5, 6 ], "texture": "#texture" },
        "north": { "uv": [ 3.5, 4, 4, 6.5 ], "texture": "#texture" },
        "south": { "uv": [ 3.5, 4, 4, 6.5 ], "texture": "#texture" },
        "west":  { "uv": [ 4.5, 4, 5, 6.5 ], "texture": "#texture" },
        "east":  { "uv": [ 4.5, 4, 5, 6.5 ], "texture": "#texture" }
    }
},
{
    "from": [ 7, 7.5, 12 ],
    "to": [ 8, 8.5, 14 ],
    "faces": {
        "down":  { "uv": [ 10.5, 5, 11.5, 6 ], "texture": "#texture" },
        "up":    { "uv": [ 10.5, 5, 11.5, 6 ], "texture": "#texture" },
        "north": { "uv": [ 3.5, 4, 4, 6.5 ], "texture": "#texture" },
        "south": { "uv": [ 3.5, 4, 4, 6.5 ], "texture": "#texture" },
        "west":  { "uv": [ 4.5, 4, 5, 6.5 ], "texture": "#texture" },
        "east":  { "uv": [ 4.5, 4, 5, 6.5 ], "texture": "#texture" }
    }
},
{
    "from": [ 7, 1.5, 13.5 ],
    "to": [ 8, 7.5, 14.5 ],
    "faces": {
        "down":  { "uv": [ 10.5, 5, 11.5, 6 ], "texture": "#texture" },
        "up":    { "uv": [ 10.5, 5, 11.5, 6 ], "texture": "#texture" },
        "north": { "uv": [ 3.5, 4, 4, 6.5 ], "texture": "#texture" },
        "south": { "uv": [ 3.5, 4, 4, 6.5 ], "texture": "#texture" },
        "west":  { "uv": [ 4.5, 4, 5, 6.5 ], "texture": "#texture" },
        "east":  { "uv": [ 4.5, 4, 5, 6.5 ], "texture": "#texture" }
    }
},
{
    "from": [ 7, 1.5, 6 ],
    "to": [ 8, 7.5, 7 ],
    "faces": {
        "down":  { "uv": [ 10.5, 5, 11.5, 6 ], "texture": "#texture" },
        "up":    { "uv": [ 10.5, 5, 11.5, 6 ], "texture": "#texture" },
        "north": { "uv": [ 3.5, 4, 4, 6.5 ], "texture": "#texture" },
        "south": { "uv": [ 3.5, 4, 4, 6.5 ], "texture": "#texture" },
        "west":  { "uv": [ 4.5, 4, 5, 6.5 ], "texture": "#texture" },
        "east":  { "uv": [ 4.5, 4, 5, 6.5 ], "texture": "#texture" }
    }
},
{
    "from": [ 7, 0.5, 6.5 ],
    "to": [ 8, 1.5, 14 ],
    "faces": {
        "down":  { "uv": [ 6.5, 4, 7, 7 ], "texture": "#texture" },
        "up":    { "uv": [ 6.5, 4, 7, 7 ], "texture": "#texture" },
        "north": { "uv": [ 5.5, 5, 6.5, 6 ], "texture": "#texture" },
        "south": { "uv": [ 5.5, 5, 6.5, 6 ], "texture": "#texture" },
        "west":  { "uv": [ 4, 4.5, 11.5, 5.5 ], "texture": "#texture" },
        "east":  { "uv": [ 4, 4.5, 11.5, 5.5 ], "texture": "#texture" }
    }
},
{
    "from": [ 12, 7.5, 6.5 ],
    "to": [ 13, 8.5, 8.5 ],
    "faces": {
        "down":  { "uv": [ 10.5, 5, 11.5, 6 ], "texture": "#texture" },
        "up":    { "uv": [ 10.5, 5, 11.5, 6 ], "texture": "#texture" },
        "north": { "uv": [ 3.5, 4, 4, 6.5 ], "texture": "#texture" },
        "south": { "uv": [ 3.5, 4, 4, 6.5 ], "texture": "#texture" },
        "west":  { "uv": [ 4.5, 4, 5, 6.5 ], "texture": "#texture" },
        "east":  { "uv": [ 4.5, 4, 5, 6.5 ], "texture": "#texture" }
    }
},
{
    "from": [ 12, 7.5, 12 ],
    "to": [ 13, 8.5, 14 ],
    "faces": {
        "down":  { "uv": [ 10.5, 5, 11.5, 6 ], "texture": "#texture" },
        "up":    { "uv": [ 10.5, 5, 11.5, 6 ], "texture": "#texture" },
        "north": { "uv": [ 3.5, 4, 4, 6.5 ], "texture": "#texture" },
        "south": { "uv": [ 3.5, 4, 4, 6.5 ], "texture": "#texture" },
        "west":  { "uv": [ 4.5, 4, 5, 6.5 ], "texture": "#texture" },
        "east":  { "uv": [ 4.5, 4, 5, 6.5 ], "texture": "#texture" }
    }
},
{
    "from": [ 12, 1.5, 13.5 ],
    "to": [ 13, 7.5, 14.5 ],
    "faces": {
        "down":  { "uv": [ 10.5, 5, 11.5, 6 ], "texture": "#texture" },
        "up":    { "uv": [ 10.5, 5, 11.5, 6 ], "texture": "#texture" },
        "north": { "uv": [ 3.5, 4, 4, 6.5 ], "texture": "#texture" },
        "south": { "uv": [ 3.5, 4, 4, 6.5 ], "texture": "#texture" },
        "west":  { "uv": [ 4.5, 4, 5, 6.5 ], "texture": "#texture" },
        "east":  { "uv": [ 4.5, 4, 5, 6.5 ], "texture": "#texture" }
    }
},
{
    "from": [ 12, 1.5, 6 ],
    "to": [ 13, 7.5, 7 ],
    "faces": {
        "down":  { "uv": [ 10.5, 5, 11.5, 6 ], "texture": "#texture" },
        "up":    { "uv": [ 10.5, 5, 11.5, 6 ], "texture": "#texture" },
        "north": { "uv": [ 3.5, 4, 4, 6.5 ], "texture": "#texture" },
        "south": { "uv": [ 3.5, 4, 4, 6.5 ], "texture": "#texture" },
        "west":  { "uv": [ 4.5, 4, 5, 6.5 ], "texture": "#texture" },
        "east":  { "uv": [ 4.5, 4, 5, 6.5 ], "texture": "#texture" }
    }
},
{
    "from": [ 12, 0.5, 6.5 ],
    "to": [ 13, 1.5, 14 ],
    "faces": {
        "down":  { "uv": [ 6.5, 4, 7, 7 ], "texture": "#texture" },
        "up":    { "uv": [ 6.5, 4, 7, 7 ], "texture": "#texture" },
        "north": { "uv": [ 5.5, 5, 6.5, 6 ], "texture": "#texture" },
        "south": { "uv": [ 5.5, 5, 6.5, 6 ], "texture": "#texture" },
        "west":  { "uv": [ 4, 4.5, 11.5, 5.5 ], "texture": "#texture" },
        "east":  { "uv": [ 4, 4.5, 11.5, 5.5 ], "texture": "#texture" }
    }
},
{
    "from": [ 14, 8, 10.5 ],
    "to": [ 15, 8.5, 11.5 ],
    "faces": {
        "down":  { "uv": [ 6.5, 14, 7.5, 15 ], "texture": "#texture" },
        "up":    { "uv": [ 6.5, 14, 7.5, 15 ], "texture": "#texture" },
        "north": { "uv": [ 8, 14, 9, 14.5 ], "texture": "#texture" },
        "south": { "uv": [ 8, 14, 9, 14.5 ], "texture": "#texture" },
        "west":  { "uv": [ 9.5, 13.5, 10.5, 14 ], "texture": "#texture" },
        "east":  { "uv": [ 9.5, 13.5, 10.5, 14 ], "texture": "#texture" }
    }
},
{
    "from": [ 4.5, 9, 9.5 ],
    "to": [ 6.5, 9.25, 10 ],
    "faces": {
        "down":  { "uv": [ 1, 11.5, 9, 12.5 ], "texture": "#texture" },
        "up":    { "uv": [ 1, 11.5, 9, 12.5 ], "texture": "#texture" },
        "north": { "uv": [ 2.5, 11.5, 5, 12.5 ], "texture": "#texture" },
        "south": { "uv": [ 2.5, 11.5, 5, 12.5 ], "texture": "#texture" },
        "west":  { "uv": [ 9, 10.5, 10, 13 ], "texture": "#texture" },
        "east":  { "uv": [ 9, 10.5, 10, 13 ], "texture": "#texture" }
    }
},
{
    "from": [ 7.5, 9, 9 ],
    "to": [ 10.5, 9.25, 9.5 ],
    "faces": {
        "down":  { "uv": [ 1, 11.5, 9, 12.5 ], "texture": "#texture" },
        "up":    { "uv": [ 1, 11.5, 9, 12.5 ], "texture": "#texture" },
        "north": { "uv": [ 2.5, 11.5, 5, 12.5 ], "texture": "#texture" },
        "south": { "uv": [ 2.5, 11.5, 5, 12.5 ], "texture": "#texture" },
        "west":  { "uv": [ 9, 10.5, 10, 13 ], "texture": "#texture" },
        "east":  { "uv": [ 9, 10.5, 10, 13 ], "texture": "#texture" }
    }
},
{
    "from": [ 10, 9, 9.5 ],
    "to": [ 13, 9.25, 10 ],
    "faces": {
        "down":  { "uv": [ 1, 11.5, 9, 12.5 ], "texture": "#texture" },
        "up":    { "uv": [ 1, 11.5, 9, 12.5 ], "texture": "#texture" },
        "north": { "uv": [ 2.5, 11.5, 5, 12.5 ], "texture": "#texture" },
        "south": { "uv": [ 2.5, 11.5, 5, 12.5 ], "texture": "#texture" },
        "west":  { "uv": [ 9, 10.5, 10, 13 ], "texture": "#texture" },
        "east":  { "uv": [ 9, 10.5, 10, 13 ], "texture": "#texture" }
    }
},
{
    "from": [ 10, 9, 10.5 ],
    "to": [ 13, 9.25, 11 ],
    "faces": {
        "down":  { "uv": [ 1, 11.5, 9, 12.5 ], "texture": "#texture" },
        "up":    { "uv": [ 1, 11.5, 9, 12.5 ], "texture": "#texture" },
        "north": { "uv": [ 2.5, 11.5, 5, 12.5 ], "texture": "#texture" },
        "south": { "uv": [ 2.5, 11.5, 5, 12.5 ], "texture": "#texture" },
        "west":  { "uv": [ 9, 10.5, 10, 13 ], "texture": "#texture" },
        "east":  { "uv": [ 9, 10.5, 10, 13 ], "texture": "#texture" }
    }
},
{
    "from": [ 7.5, 9, 11 ],
    "to": [ 10.5, 9.25, 11.5 ],
    "faces": {
        "down":  { "uv": [ 1, 11.5, 9, 12.5 ], "texture": "#texture" },
        "up":    { "uv": [ 1, 11.5, 9, 12.5 ], "texture": "#texture" },
        "north": { "uv": [ 2.5, 11.5, 5, 12.5 ], "texture": "#texture" },
        "south": { "uv": [ 2.5, 11.5, 5, 12.5 ], "texture": "#texture" },
        "west":  { "uv": [ 9, 10.5, 10, 13 ], "texture": "#texture" },
        "east":  { "uv": [ 9, 10.5, 10, 13 ], "texture": "#texture" }
    }
},
{
    "from": [ 5, 9, 11.5 ],
    "to": [ 8, 9.25, 12 ],
    "faces": {
        "down":  { "uv": [ 1, 11.5, 9, 12.5 ], "texture": "#texture" },
        "up":    { "uv": [ 1, 11.5, 9, 12.5 ], "texture": "#texture" },
        "north": { "uv": [ 2.5, 11.5, 5, 12.5 ], "texture": "#texture" },
        "south": { "uv": [ 2.5, 11.5, 5, 12.5 ], "texture": "#texture" },
        "west":  { "uv": [ 9, 10.5, 10, 13 ], "texture": "#texture" },
        "east":  { "uv": [ 9, 10.5, 10, 13 ], "texture": "#texture" }
    }
},
{
    "from": [ 5, 9, 8.5 ],
    "to": [ 8, 9.25, 9 ],
    "faces": {
        "down":  { "uv": [ 1, 11.5, 9, 12.5 ], "texture": "#texture" },
        "up":    { "uv": [ 1, 11.5, 9, 12.5 ], "texture": "#texture" },
        "north": { "uv": [ 2.5, 11.5, 5, 12.5 ], "texture": "#texture" },
        "south": { "uv": [ 2.5, 11.5, 5, 12.5 ], "texture": "#texture" },
        "west":  { "uv": [ 9, 10.5, 10, 13 ], "texture": "#texture" },
        "east":  { "uv": [ 9, 10.5, 10, 13 ], "texture": "#texture" }
    }
},
{
    "from": [ 7.5, 9, 10 ],
    "to": [ 9.5, 9.25, 10.5 ],
    "faces": {
        "down":  { "uv": [ 1, 11.5, 9, 12.5 ], "texture": "#texture" },
        "up":    { "uv": [ 1, 11.5, 9, 12.5 ], "texture": "#texture" },
        "north": { "uv": [ 2.5, 11.5, 5, 12.5 ], "texture": "#texture" },
        "south": { "uv": [ 2.5, 11.5, 5, 12.5 ], "texture": "#texture" },
        "west":  { "uv": [ 9, 10.5, 10, 13 ], "texture": "#texture" },
        "east":  { "uv": [ 9, 10.5, 10, 13 ], "texture": "#texture" }
    }
},
{
    "from": [ 4.5, 9, 10.5 ],
    "to": [ 6.5, 9.25, 11 ],
    "faces": {
        "down":  { "uv": [ 1, 11.5, 9, 12.5 ], "texture": "#texture" },
        "up":    { "uv": [ 1, 11.5, 9, 12.5 ], "texture": "#texture" },
        "north": { "uv": [ 2.5, 11.5, 5, 12.5 ], "texture": "#texture" },
        "south": { "uv": [ 2.5, 11.5, 5, 12.5 ], "texture": "#texture" },
        "west":  { "uv": [ 9, 10.5, 10, 13 ], "texture": "#texture" },
        "east":  { "uv": [ 9, 10.5, 10, 13 ], "texture": "#texture" }
    }
},
{
    "from": [ 4, 9, 7 ],
    "to": [ 6, 9.25, 7.5 ],
    "faces": {
        "down":  { "uv": [ 1, 11.5, 9, 12.5 ], "texture": "#texture" },
        "up":    { "uv": [ 1, 11.5, 9, 12.5 ], "texture": "#texture" },
        "north": { "uv": [ 2.5, 11.5, 5, 12.5 ], "texture": "#texture" },
        "south": { "uv": [ 2.5, 11.5, 5, 12.5 ], "texture": "#texture" },
        "west":  { "uv": [ 9, 10.5, 10, 13 ], "texture": "#texture" },
        "east":  { "uv": [ 9, 10.5, 10, 13 ], "texture": "#texture" }
    }
},
{
    "from": [ 9, 9, 8 ],
    "to": [ 11.5, 9.25, 8.5 ],
    "faces": {
        "down":  { "uv": [ 1, 11.5, 9, 12.5 ], "texture": "#texture" },
        "up":    { "uv": [ 1, 11.5, 9, 12.5 ], "texture": "#texture" },
        "north": { "uv": [ 2.5, 11.5, 5, 12.5 ], "texture": "#texture" },
        "south": { "uv": [ 2.5, 11.5, 5, 12.5 ], "texture": "#texture" },
        "west":  { "uv": [ 9, 10.5, 10, 13 ], "texture": "#texture" },
        "east":  { "uv": [ 9, 10.5, 10, 13 ], "texture": "#texture" }
    }
},
{
    "from": [ 6, 9, 7.5 ],
    "to": [ 9, 9.25, 8 ],
    "faces": {
        "down":  { "uv": [ 1, 11.5, 9, 12.5 ], "texture": "#texture" },
        "up":    { "uv": [ 1, 11.5, 9, 12.5 ], "texture": "#texture" },
        "north": { "uv": [ 2.5, 11.5, 5, 12.5 ], "texture": "#texture" },
        "south": { "uv": [ 2.5, 11.5, 5, 12.5 ], "texture": "#texture" },
        "west":  { "uv": [ 9, 10.5, 10, 13 ], "texture": "#texture" },
        "east":  { "uv": [ 9, 10.5, 10, 13 ], "texture": "#texture" }
    }
},
{
    "from": [ 11.5, 9, 8.5 ],
    "to": [ 14, 9.25, 9 ],
    "faces": {
        "down":  { "uv": [ 1, 11.5, 9, 12.5 ], "texture": "#texture" },
        "up":    { "uv": [ 1, 11.5, 9, 12.5 ], "texture": "#texture" },
        "north": { "uv": [ 2.5, 11.5, 5, 12.5 ], "texture": "#texture" },
        "south": { "uv": [ 2.5, 11.5, 5, 12.5 ], "texture": "#texture" },
        "west":  { "uv": [ 9, 10.5, 10, 13 ], "texture": "#texture" },
        "east":  { "uv": [ 9, 10.5, 10, 13 ], "texture": "#texture" }
    }
},
{
    "from": [ 4, 9, 13 ],
    "to": [ 6, 9.25, 13.5 ],
    "faces": {
        "down":  { "uv": [ 1, 11.5, 9, 12.5 ], "texture": "#texture" },
        "up":    { "uv": [ 1, 11.5, 9, 12.5 ], "texture": "#texture" },
        "north": { "uv": [ 2.5, 11.5, 5, 12.5 ], "texture": "#texture" },
        "south": { "uv": [ 2.5, 11.5, 5, 12.5 ], "texture": "#texture" },
        "west":  { "uv": [ 9, 10.5, 10, 13 ], "texture": "#texture" },
        "east":  { "uv": [ 9, 10.5, 10, 13 ], "texture": "#texture" }
    }
},
{
    "from": [ 6, 9, 12.5 ],
    "to": [ 9, 9.25, 13 ],
    "faces": {
        "down":  { "uv": [ 1, 11.5, 9, 12.5 ], "texture": "#texture" },
        "up":    { "uv": [ 1, 11.5, 9, 12.5 ], "texture": "#texture" },
        "north": { "uv": [ 2.5, 11.5, 5, 12.5 ], "texture": "#texture" },
        "south": { "uv": [ 2.5, 11.5, 5, 12.5 ], "texture": "#texture" },
        "west":  { "uv": [ 9, 10.5, 10, 13 ], "texture": "#texture" },
        "east":  { "uv": [ 9, 10.5, 10, 13 ], "texture": "#texture" }
    }
},
{
    "from": [ 9, 9, 12 ],
    "to": [ 11.5, 9.25, 12.5 ],
    "faces": {
        "down":  { "uv": [ 1, 11.5, 9, 12.5 ], "texture": "#texture" },
        "up":    { "uv": [ 1, 11.5, 9, 12.5 ], "texture": "#texture" },
        "north": { "uv": [ 2.5, 11.5, 5, 12.5 ], "texture": "#texture" },
        "south": { "uv": [ 2.5, 11.5, 5, 12.5 ], "texture": "#texture" },
        "west":  { "uv": [ 9, 10.5, 10, 13 ], "texture": "#texture" },
        "east":  { "uv": [ 9, 10.5, 10, 13 ], "texture": "#texture" }
    }
},
{
    "from": [ 11.5, 9, 11.5 ],
    "to": [ 14, 9.25, 12 ],
    "faces": {
        "down":  { "uv": [ 1, 11.5, 9, 12.5 ], "texture": "#texture" },
        "up":    { "uv": [ 1, 11.5, 9, 12.5 ], "texture": "#texture" },
        "north": { "uv": [ 2.5, 11.5, 5, 12.5 ], "texture": "#texture" },
        "south": { "uv": [ 2.5, 11.5, 5, 12.5 ], "texture": "#texture" },
        "west":  { "uv": [ 9, 10.5, 10, 13 ], "texture": "#texture" },
        "east":  { "uv": [ 9, 10.5, 10, 13 ], "texture": "#texture" }
    }
},
{
    "from": [ 14, 9, 11.5 ],
    "to": [ 14.5, 9.25, 12 ],
    "faces": {
        "down":  { "uv": [ 1, 11.5, 9, 12.5 ], "texture": "#texture" },
        "up":    { "uv": [ 1, 11.5, 9, 12.5 ], "texture": "#texture" },
        "north": { "uv": [ 2.5, 11.5, 5, 12.5 ], "texture": "#texture" },
        "south": { "uv": [ 2.5, 11.5, 5, 12.5 ], "texture": "#texture" },
        "west":  { "uv": [ 9, 10.5, 10, 13 ], "texture": "#texture" },
        "east":  { "uv": [ 9, 10.5, 10, 13 ], "texture": "#texture" }
    }
},
{
    "from": [ 14, 9, 8.5 ],
    "to": [ 14.5, 9.25, 9 ],
    "faces": {
        "down":  { "uv": [ 1, 11.5, 9, 12.5 ], "texture": "#texture" },
        "up":    { "uv": [ 1, 11.5, 9, 12.5 ], "texture": "#texture" },
        "north": { "uv": [ 2.5, 11.5, 5, 12.5 ], "texture": "#texture" },
        "south": { "uv": [ 2.5, 11.5, 5, 12.5 ], "texture": "#texture" },
        "west":  { "uv": [ 9, 10.5, 10, 13 ], "texture": "#texture" },
        "east":  { "uv": [ 9, 10.5, 10, 13 ], "texture": "#texture" }
    }
},
{
    "from": [ 4, 9, 7 ],
    "to": [ 6, 9.25, 7.5 ],
    "faces": {
        "down":  { "uv": [ 1, 11.5, 9, 12.5 ], "texture": "#texture" },
        "up":    { "uv": [ 1, 11.5, 9, 12.5 ], "texture": "#texture" },
        "north": { "uv": [ 2.5, 11.5, 5, 12.5 ], "texture": "#texture" },
        "south": { "uv": [ 2.5, 11.5, 5, 12.5 ], "texture": "#texture" },
        "west":  { "uv": [ 9, 10.5, 10, 13 ], "texture": "#texture" },
        "east":  { "uv": [ 9, 10.5, 10, 13 ], "texture": "#texture" }
    }
},
{
    "from": [ 7.5, 5.5, 5.5 ],
    "to": [ 12.5, 6.5, 6.5 ],
    "faces": {
        "down":  { "uv": [ 7.5, 5.5, 12.5, 6.5 ], "texture": "#texture" },
        "up":    { "uv": [ 7.5, 5.5, 12.5, 6.5 ], "texture": "#texture" },
        "north": { "uv": [ 8, 4, 13, 5 ], "texture": "#texture" },
        "south": { "uv": [ 8, 4, 13, 5 ], "texture": "#texture" },
        "west":  { "uv": [ 8.5, 4.5, 9.5, 5.5 ], "texture": "#texture" },
        "east":  { "uv": [ 8.5, 4.5, 9.5, 5.5 ], "texture": "#texture" }
    }
},
{
    "from": [ 7.5, 2.5, 5.5 ],
    "to": [ 12.5, 3.5, 6.5 ],
    "faces": {
        "down":  { "uv": [ 7.5, 5.5, 12.5, 6.5 ], "texture": "#texture" },
        "up":    { "uv": [ 7.5, 5.5, 12.5, 6.5 ], "texture": "#texture" },
        "north": { "uv": [ 8, 4, 13, 5 ], "texture": "#texture" },
        "south": { "uv": [ 8, 4, 13, 5 ], "texture": "#texture" },
        "west":  { "uv": [ 8.5, 4.5, 9.5, 5.5 ], "texture": "#texture" },
        "east":  { "uv": [ 8.5, 4.5, 9.5, 5.5 ], "texture": "#texture" }
    }
},
{
    "from": [ 7.5, 5.5, 14 ],
    "to": [ 12.5, 6.5, 15 ],
    "faces": {
        "down":  { "uv": [ 7.5, 5.5, 12.5, 6.5 ], "texture": "#texture" },
        "up":    { "uv": [ 7.5, 5.5, 12.5, 6.5 ], "texture": "#texture" },
        "north": { "uv": [ 8, 4, 13, 5 ], "texture": "#texture" },
        "south": { "uv": [ 8, 4, 13, 5 ], "texture": "#texture" },
        "west":  { "uv": [ 8.5, 4.5, 9.5, 5.5 ], "texture": "#texture" },
        "east":  { "uv": [ 8.5, 4.5, 9.5, 5.5 ], "texture": "#texture" }
    }
},
{
    "from": [ 7.5, 2.5, 14 ],
    "to": [ 12.5, 3.5, 15 ],
    "faces": {
        "down":  { "uv": [ 7.5, 5.5, 12.5, 6.5 ], "texture": "#texture" },
        "up":    { "uv": [ 7.5, 5.5, 12.5, 6.5 ], "texture": "#texture" },
        "north": { "uv": [ 8, 4, 13, 5 ], "texture": "#texture" },
        "south": { "uv": [ 8, 4, 13, 5 ], "texture": "#texture" },
        "west":  { "uv": [ 8.5, 4.5, 9.5, 5.5 ], "texture": "#texture" },
        "east":  { "uv": [ 8.5, 4.5, 9.5, 5.5 ], "texture": "#texture" }
    }
},
{
    "from": [ 1.5, 5.5, 12 ],
    "to": [ 4.5, 9.5, 15 ],
    "faces": {
        "down":  { "uv": [ 13, 7.5, 14.5, 9 ], "texture": "#texture" },
        "up":    { "uv": [ 13, 7.5, 14.5, 9 ], "texture": "#texture" },
        "north": { "uv": [ 12, 7, 13.5, 9.5 ], "texture": "#texture" },
        "south": { "uv": [ 12, 7, 13.5, 9.5 ], "texture": "#texture" },
        "west":  { "uv": [ 13, 7, 14.5, 9.5 ], "texture": "#texture" },
        "east":  { "uv": [ 13, 7, 14.5, 9.5 ], "texture": "#texture" }
    }
},
{
    "from": [ 2.5, 6, 4.5 ],
    "to": [ 4, 10, 5.5 ],
    "rotation": { "origin": [ 2.5, 10, 4.5 ], "axis": "x", "angle": -22.5 },
    "faces": {
        "down":  { "uv": [ 13, 7.5, 14.5, 9 ], "texture": "#texture" },
        "up":    { "uv": [ 13, 7.5, 14.5, 9 ], "texture": "#texture" },
        "north": { "uv": [ 12, 7, 13.5, 9.5 ], "texture": "#texture" },
        "south": { "uv": [ 12, 7, 13.5, 9.5 ], "texture": "#texture" },
        "west":  { "uv": [ 13, 7, 14.5, 9.5 ], "texture": "#texture" },
        "east":  { "uv": [ 13, 7, 14.5, 9.5 ], "texture": "#texture" }
    }
},
{
    "from": [ 2.5, 6.375, 15.0625 ],
    "to": [ 4, 10.375, 16.0625 ],
    "rotation": { "origin": [ 2.5, 10.375, 15.0625 ], "axis": "x", "angle": 22.5 },
    "faces": {
        "down":  { "uv": [ 13, 7.5, 14.5, 9 ], "texture": "#texture" },
        "up":    { "uv": [ 13, 7.5, 14.5, 9 ], "texture": "#texture" },
        "north": { "uv": [ 12, 7, 13.5, 9.5 ], "texture": "#texture" },
        "south": { "uv": [ 12, 7, 13.5, 9.5 ], "texture": "#texture" },
        "west":  { "uv": [ 13, 7, 14.5, 9.5 ], "texture": "#texture" },
        "east":  { "uv": [ 13, 7, 14.5, 9.5 ], "texture": "#texture" }
    }
},
{
    "from": [ 2.5, 7, 9.75 ],
    "to": [ 4, 11, 10.75 ],
    "faces": {
        "down":  { "uv": [ 13, 7.5, 14.5, 9 ], "texture": "#texture" },
        "up":    { "uv": [ 13, 7.5, 14.5, 9 ], "texture": "#texture" },
        "north": { "uv": [ 12, 7, 13.5, 9.5 ], "texture": "#texture" },
        "south": { "uv": [ 12, 7, 13.5, 9.5 ], "texture": "#texture" },
        "west":  { "uv": [ 13, 7, 14.5, 9.5 ], "texture": "#texture" },
        "east":  { "uv": [ 13, 7, 14.5, 9.5 ], "texture": "#texture" }
    }
},
{
    "from": [ 2.5, 4, 6 ],
    "to": [ 4, 8, 7 ],
    "rotation": { "origin": [ 2.5, 8, 6 ], "axis": "x", "angle": 22.5 },
    "faces": {
        "down":  { "uv": [ 13, 7.5, 14.5, 9 ], "texture": "#texture" },
        "up":    { "uv": [ 13, 7.5, 14.5, 9 ], "texture": "#texture" },
        "north": { "uv": [ 12, 7, 13.5, 9.5 ], "texture": "#texture" },
        "south": { "uv": [ 12, 7, 13.5, 9.5 ], "texture": "#texture" },
        "west":  { "uv": [ 13, 7, 14.5, 9.5 ], "texture": "#texture" },
        "east":  { "uv": [ 13, 7, 14.5, 9.5 ], "texture": "#texture" }
    }
},
{
    "from": [ 2.5, 3.625, 13.625 ],
    "to": [ 4, 7.625, 14.625 ],
    "rotation": { "origin": [ 2.5, 7.625, 13.625 ], "axis": "x", "angle": -22.5 },
    "faces": {
        "down":  { "uv": [ 13, 7.5, 14.5, 9 ], "texture": "#texture" },
        "up":    { "uv": [ 13, 7.5, 14.5, 9 ], "texture": "#texture" },
        "north": { "uv": [ 12, 7, 13.5, 9.5 ], "texture": "#texture" },
        "south": { "uv": [ 12, 7, 13.5, 9.5 ], "texture": "#texture" },
        "west":  { "uv": [ 13, 7, 14.5, 9.5 ], "texture": "#texture" },
        "east":  { "uv": [ 13, 7, 14.5, 9.5 ], "texture": "#texture" }
    }
},
{
    "from": [ 14, 7.5, 8 ],
    "to": [ 18.5, 9, 9.5 ],
    "rotation": { "origin": [ 14, 9, 8 ], "axis": "z", "angle": 22.5 },
    "faces": {
        "down":  { "uv": [ 13, 7.5, 14.5, 9 ], "texture": "#texture" },
        "up":    { "uv": [ 13, 7.5, 14.5, 9 ], "texture": "#texture" },
        "north": { "uv": [ 12, 7, 13.5, 9.5 ], "texture": "#texture" },
        "south": { "uv": [ 12, 7, 13.5, 9.5 ], "texture": "#texture" },
        "west":  { "uv": [ 13, 7, 14.5, 9.5 ], "texture": "#texture" },
        "east":  { "uv": [ 13, 7, 14.5, 9.5 ], "texture": "#texture" }
    }
},
{
    "from": [ 14, 7.5, 11 ],
    "to": [ 18.5, 9, 12.5 ],
    "rotation": { "origin": [ 14, 9, 11 ], "axis": "z", "angle": 22.5 },
    "faces": {
        "down":  { "uv": [ 13, 7.5, 14.5, 9 ], "texture": "#texture" },
        "up":    { "uv": [ 13, 7.5, 14.5, 9 ], "texture": "#texture" },
        "north": { "uv": [ 12, 7, 13.5, 9.5 ], "texture": "#texture" },
        "south": { "uv": [ 12, 7, 13.5, 9.5 ], "texture": "#texture" },
        "west":  { "uv": [ 13, 7, 14.5, 9.5 ], "texture": "#texture" },
        "east":  { "uv": [ 13, 7, 14.5, 9.5 ], "texture": "#texture" }
    }
},
{
    "from": [ 14, 8.5, 10 ],
    "to": [ 19, 9, 10.5 ],
    "faces": {
        "down":  { "uv": [ 13, 7.5, 14.5, 9 ], "texture": "#texture" },
        "up":    { "uv": [ 13, 7.5, 14.5, 9 ], "texture": "#texture" },
        "north": { "uv": [ 12, 7, 13.5, 9.5 ], "texture": "#texture" },
        "south": { "uv": [ 12, 7, 13.5, 9.5 ], "texture": "#texture" },
        "west":  { "uv": [ 13, 7, 14.5, 9.5 ], "texture": "#texture" },
        "east":  { "uv": [ 13, 7, 14.5, 9.5 ], "texture": "#texture" }
    }
},
{
    "from": [ 14, 7.5, 10 ],
    "to": [ 19, 8, 10.5 ],
    "faces": {
        "down":  { "uv": [ 13, 7.5, 14.5, 9 ], "texture": "#texture" },
        "up":    { "uv": [ 13, 7.5, 14.5, 9 ], "texture": "#texture" },
        "north": { "uv": [ 12, 7, 13.5, 9.5 ], "texture": "#texture" },
        "south": { "uv": [ 12, 7, 13.5, 9.5 ], "texture": "#texture" },
        "west":  { "uv": [ 13, 7, 14.5, 9.5 ], "texture": "#texture" },
        "east":  { "uv": [ 13, 7, 14.5, 9.5 ], "texture": "#texture" }
    }
},
{
    "from": [ 1.5, 5.5, 5.5 ],
    "to": [ 4.5, 9.5, 8.5 ],
    "faces": {
        "down":  { "uv": [ 13, 7.5, 14.5, 9 ], "texture": "#texture" },
        "up":    { "uv": [ 13, 7.5, 14.5, 9 ], "texture": "#texture" },
        "north": { "uv": [ 12, 7, 13.5, 9.5 ], "texture": "#texture" },
        "south": { "uv": [ 12, 7, 13.5, 9.5 ], "texture": "#texture" },
        "west":  { "uv": [ 13, 7, 14.5, 9.5 ], "texture": "#texture" },
        "east":  { "uv": [ 13, 7, 14.5, 9.5 ], "texture": "#texture" }
    }
},
{
    "from": [ 1, 7, 9.5 ],
    "to": [ 3, 9, 11 ],
    "faces": {
        "down":  { "uv": [ 13, 7.5, 14.5, 9 ], "texture": "#texture" },
        "up":    { "uv": [ 13, 7.5, 14.5, 9 ], "texture": "#texture" },
        "north": { "uv": [ 12, 7, 13.5, 9.5 ], "texture": "#texture" },
        "south": { "uv": [ 12, 7, 13.5, 9.5 ], "texture": "#texture" },
        "west":  { "uv": [ 13, 7, 14.5, 9.5 ], "texture": "#texture" },
        "east":  { "uv": [ 13, 7, 14.5, 9.5 ], "texture": "#texture" }
    }
},
{
    "from": [ 1, 6, 13 ],
    "to": [ 3, 9, 14 ],
    "faces": {
        "down":  { "uv": [ 13, 7.5, 14.5, 9 ], "texture": "#texture" },
        "up":    { "uv": [ 13, 7.5, 14.5, 9 ], "texture": "#texture" },
        "north": { "uv": [ 12, 7, 13.5, 9.5 ], "texture": "#texture" },
        "south": { "uv": [ 12, 7, 13.5, 9.5 ], "texture": "#texture" },
        "west":  { "uv": [ 13, 7, 14.5, 9.5 ], "texture": "#texture" },
        "east":  { "uv": [ 13, 7, 14.5, 9.5 ], "texture": "#texture" }
    }
},
{
    "from": [ 0.9, 6.75, 5.5 ],
    "to": [ 2.4, 9.75, 8.5 ],
    "faces": {
        "down":  { "uv": [ 14, 4, 14.5, 4.5 ], "texture": "#texture" },
        "up":    { "uv": [ 12.5, 10.5, 14, 14 ], "texture": "#texture" },
        "north": { "uv": [ 14.5, 4, 15, 4.5 ], "texture": "#texture" },
        "south": { "uv": [ 14.5, 4, 15, 4.5 ], "texture": "#texture" },
        "west":  { "uv": [ 12, 10.5, 15, 16 ], "texture": "#texture" },
        "east":  { "uv": [ 14, 4, 14.5, 4.5 ], "texture": "#texture" }
    }
},
{
    "from": [ 0.9, 7.75, 9 ],
    "to": [ 2.4, 9.75, 11.5 ],
    "faces": {
        "down":  { "uv": [ 14, 4, 14.5, 4.5 ], "texture": "#texture" },
        "up":    { "uv": [ 12.5, 10.5, 14, 14 ], "texture": "#texture" },
        "north": { "uv": [ 14.5, 4, 15, 4.5 ], "texture": "#texture" },
        "south": { "uv": [ 14.5, 4, 15, 4.5 ], "texture": "#texture" },
        "west":  { "uv": [ 12, 10.5, 15, 16 ], "texture": "#texture" },
        "east":  { "uv": [ 14, 4, 14.5, 4.5 ], "texture": "#texture" }
    }
},
{
    "from": [ 0.9, 5.75, 12.5 ],
    "to": [ 2.4, 9.75, 14.5 ],
    "faces": {
        "down":  { "uv": [ 14, 4, 14.5, 4.5 ], "texture": "#texture" },
        "up":    { "uv": [ 12.5, 10.5, 14, 14 ], "texture": "#texture" },
        "north": { "uv": [ 14.5, 4, 15, 4.5 ], "texture": "#texture" },
        "south": { "uv": [ 14.5, 4, 15, 4.5 ], "texture": "#texture" },
        "west":  { "uv": [ 12, 10.5, 15, 16 ], "texture": "#texture" },
        "east":  { "uv": [ 14, 4, 14.5, 4.5 ], "texture": "#texture" }
    }
},
{
    "from": [ 6.99, 1.5, 13 ],
    "to": [ 7.49, 6.5, 15 ],
    "faces": {
        "down":  { "uv": [ 14, 4, 14.5, 4.5 ], "texture": "#texture" },
        "up":    { "uv": [ 14, 4, 14.5, 4.5 ], "texture": "#texture" },
        "north": { "uv": [ 14.5, 4, 15, 4.5 ], "texture": "#texture" },
        "south": { "uv": [ 14.5, 4, 15, 4.5 ], "texture": "#texture" },
        "west":  { "uv": [ 12, 10.5, 15, 16 ], "texture": "#texture" },
        "east":  { "uv": [ 14, 4, 14.5, 4.5 ], "texture": "#texture" }
    }
},
{
    "from": [ 6.99, 1.5, 6 ],
    "to": [ 7.49, 4, 7.5 ],
    "faces": {
        "down":  { "uv": [ 14, 4, 14.5, 4.5 ], "texture": "#texture" },
        "up":    { "uv": [ 14, 4, 14.5, 4.5 ], "texture": "#texture" },
        "north": { "uv": [ 14.5, 4, 15, 4.5 ], "texture": "#texture" },
        "south": { "uv": [ 14.5, 4, 15, 4.5 ], "texture": "#texture" },
        "west":  { "uv": [ 12, 10.5, 15, 16 ], "texture": "#texture" },
        "east":  { "uv": [ 14, 4, 14.5, 4.5 ], "texture": "#texture" }
    }
},
{
    "from": [ 11.99, 0, 8 ],
    "to": [ 12.49, 2, 12.5 ],
    "faces": {
        "down":  { "uv": [ 14, 4, 14.5, 4.5 ], "texture": "#texture" },
        "up":    { "uv": [ 14, 4, 14.5, 4.5 ], "texture": "#texture" },
        "north": { "uv": [ 14.5, 4, 15, 4.5 ], "texture": "#texture" },
        "south": { "uv": [ 14.5, 4, 15, 4.5 ], "texture": "#texture" },
        "west":  { "uv": [ 12, 10.5, 15, 16 ], "texture": "#texture" },
        "east":  { "uv": [ 14, 4, 14.5, 4.5 ], "texture": "#texture" }
    }
},
{
    "from": [ 9, 6, 13 ],
    "to": [ 10, 8.5, 13.0625 ],
    "faces": {
        "down":  { "uv": [ 14, 4, 14.5, 4.5 ], "texture": "#texture" },
        "up":    { "uv": [ 14, 4, 14.5, 4.5 ], "texture": "#texture" },
        "north": { "uv": [ 12, 11, 15.5, 14.5 ], "texture": "#texture" },
        "south": { "uv": [ 14.5, 4, 15, 4.5 ], "texture": "#texture" },
        "west":  { "uv": [ 14, 4, 14.5, 4.5 ], "texture": "#texture" },
        "east":  { "uv": [ 14, 4, 14.5, 4.5 ], "texture": "#texture" }
    }
},
{
    "from": [ 10, 7, 13 ],
    "to": [ 11, 9, 13.0625 ],
    "faces": {
        "down":  { "uv": [ 14, 4, 14.5, 4.5 ], "texture": "#texture" },
        "up":    { "uv": [ 14, 4, 14.5, 4.5 ], "texture": "#texture" },
        "north": { "uv": [ 12, 11, 15.5, 14.5 ], "texture": "#texture" },
        "south": { "uv": [ 14.5, 4, 15, 4.5 ], "texture": "#texture" },
        "west":  { "uv": [ 14, 4, 14.5, 4.5 ], "texture": "#texture" },
        "east":  { "uv": [ 14, 4, 14.5, 4.5 ], "texture": "#texture" }
    }
},
{
    "from": [ 15.5, 5.5, 10.5625 ],
    "to": [ 17.5, 9, 10.625 ],
    "faces": {
        "down":  { "uv": [ 14, 4, 14.5, 4.5 ], "texture": "#texture" },
        "up":    { "uv": [ 14, 4, 14.5, 4.5 ], "texture": "#texture" },
        "north": { "uv": [ 12, 11, 15.5, 14.5 ], "texture": "#texture" },
        "south": { "uv": [ 14.5, 4, 15, 4.5 ], "texture": "#texture" },
        "west":  { "uv": [ 14, 4, 14.5, 4.5 ], "texture": "#texture" },
        "east":  { "uv": [ 14, 4, 14.5, 4.5 ], "texture": "#texture" }
    }
},
{
    "from": [ 17.5, 7, 10.5625 ],
    "to": [ 18.5, 9, 10.625 ],
    "faces": {
        "down":  { "uv": [ 14, 4, 14.5, 4.5 ], "texture": "#texture" },
        "up":    { "uv": [ 14, 4, 14.5, 4.5 ], "texture": "#texture" },
        "north": { "uv": [ 12, 11, 15.5, 14.5 ], "texture": "#texture" },
        "south": { "uv": [ 14.5, 4, 15, 4.5 ], "texture": "#texture" },
        "west":  { "uv": [ 14, 4, 14.5, 4.5 ], "texture": "#texture" },
        "east":  { "uv": [ 14, 4, 14.5, 4.5 ], "texture": "#texture" }
    }
},
{
    "from": [ 18.5, 7.5, 10.5625 ],
    "to": [ 19.5, 9, 10.625 ],
    "faces": {
        "down":  { "uv": [ 14, 4, 14.5, 4.5 ], "texture": "#texture" },
        "up":    { "uv": [ 14, 4, 14.5, 4.5 ], "texture": "#texture" },
        "north": { "uv": [ 12, 11, 15.5, 14.5 ], "texture": "#texture" },
        "south": { "uv": [ 14.5, 4, 15, 4.5 ], "texture": "#texture" },
        "west":  { "uv": [ 14, 4, 14.5, 4.5 ], "texture": "#texture" },
        "east":  { "uv": [ 14, 4, 14.5, 4.5 ], "texture": "#texture" }
    }
},
{
    "from": [ 9, 5.5, 7.95 ],
    "to": [ 11, 9, 8.0125 ],
    "faces": {
        "down":  { "uv": [ 14, 4, 14.5, 4.5 ], "texture": "#texture" },
        "up":    { "uv": [ 14, 4, 14.5, 4.5 ], "texture": "#texture" },
        "north": { "uv": [ 12, 11, 15.5, 14.5 ], "texture": "#texture" },
        "south": { "uv": [ 14.5, 4, 15, 4.5 ], "texture": "#texture" },
        "west":  { "uv": [ 14, 4, 14.5, 4.5 ], "texture": "#texture" },
        "east":  { "uv": [ 14, 4, 14.5, 4.5 ], "texture": "#texture" }
    }
},
{
    "from": [ 9, 3, 5.45 ],
    "to": [ 11, 6.5, 5.5125 ],
    "faces": {
        "down":  { "uv": [ 14, 4, 14.5, 4.5 ], "texture": "#texture" },
        "up":    { "uv": [ 14, 4, 14.5, 4.5 ], "texture": "#texture" },
        "north": { "uv": [ 12, 11, 15.5, 14.5 ], "texture": "#texture" },
        "south": { "uv": [ 14.5, 4, 15, 4.5 ], "texture": "#texture" },
        "west":  { "uv": [ 14, 4, 14.5, 4.5 ], "texture": "#texture" },
        "east":  { "uv": [ 14, 4, 14.5, 4.5 ], "texture": "#texture" }
    }
}
],
    "display": {
		"firstperson_righthand": {
            "rotation": [ 0, -80, 0 ],
            "translation": [ 0, 3, 1 ],
            "scale": [ 0.8, 0.8, 0.8 ]
		},
        "thirdperson_righthand": {
            "rotation": [ 0, -90, 0 ],
            "translation": [ 1.5, 0.5, 1 ],
            "scale": [ 0.7, 0.7, 0.7 ]
		},
		"gui": {
			"rotation": [ 90, -135, 0 ],
			"translation": [ 4, 0, 0 ],
			"scale": [ 1.4, 1.4, 1.4 ]
		},
        "ground": {
            "rotation": [ 0, 0, 0 ],
            "translation": [ 0, 4, 0 ],
            "scale": [ 0.5, 0.5, 0.5 ]
        }
    }
}