{
"__comment": "Designed by FirecatHD",
"textures": {
    "texture": "jhsy/huojian/fire_dagger_all",
    "fire_bladeFlamelicks_HO": "jhsy/huojian/fire_blade_flamelicks_ho",
    "fireSwirl": "jhsy/fire_swirl",
    "fire_dagger_t1": "jhsy/huojian/fire_dagger_t1"
},
"elements": [
{
    "from": [ 14.5, 7, 8.25 ],
    "to": [ 15.25, 8, 9.25 ],
    "faces": {
        "down":  { "uv": [ 2, 13.5, 5.25, 15 ], "texture": "#texture" },
        "up":    { "uv": [ 2, 13.5, 5.25, 15 ], "texture": "#texture" },
        "north": { "uv": [ 4.75, 13.75, 8.5, 15.5 ], "texture": "#texture" },
        "south": { "uv": [ 4.75, 13.75, 8.5, 15.5 ], "texture": "#texture" },
        "west":  { "uv": [ 4, 13.75, 5.75, 15.25 ], "texture": "#texture" },
        "east":  { "uv": [ 4, 13.75, 5.75, 15.25 ], "texture": "#texture" }
    }
},
{
    "from": [ 14, 6.75, 8 ],
    "to": [ 14.5, 8.25, 9.5 ],
    "faces": {
        "down":  { "uv": [ 2.75, 9.5, 5.25, 12 ], "texture": "#texture" },
        "up":    { "uv": [ 2.75, 9.5, 5.25, 12 ], "texture": "#texture" },
        "north": { "uv": [ 5, 9.75, 7, 11.75 ], "texture": "#texture" },
        "south": { "uv": [ 5, 9.75, 7, 11.75 ], "texture": "#texture" },
        "west":  { "uv": [ 7, 9.75, 8.75, 11.75 ], "texture": "#texture" },
        "east":  { "uv": [ 7, 9.75, 8.75, 11.75 ], "texture": "#texture" }
    }
},
{
    "from": [ 13.5, 6.5, 7.75 ],
    "to": [ 14, 8.5, 8 ],
    "faces": {
        "down":  { "uv": [ 2.75, 9.5, 5.25, 12 ], "texture": "#texture" },
        "up":    { "uv": [ 2.75, 9.5, 5.25, 12 ], "texture": "#texture" },
        "north": { "uv": [ 5, 9.75, 7, 11.75 ], "texture": "#texture" },
        "south": { "uv": [ 5, 9.75, 7, 11.75 ], "texture": "#texture" },
        "west":  { "uv": [ 7, 9.75, 8.75, 11.75 ], "texture": "#texture" },
        "east":  { "uv": [ 7, 9.75, 8.75, 11.75 ], "texture": "#texture" }
    }
},
{
    "from": [ 13.5, 6.5, 9.5 ],
    "to": [ 14, 8.5, 9.75 ],
    "faces": {
        "down":  { "uv": [ 2.75, 9.5, 5.25, 12 ], "texture": "#texture" },
        "up":    { "uv": [ 2.75, 9.5, 5.25, 12 ], "texture": "#texture" },
        "north": { "uv": [ 5, 9.75, 7, 11.75 ], "texture": "#texture" },
        "south": { "uv": [ 5, 9.75, 7, 11.75 ], "texture": "#texture" },
        "west":  { "uv": [ 7, 9.75, 8.75, 11.75 ], "texture": "#texture" },
        "east":  { "uv": [ 7, 9.75, 8.75, 11.75 ], "texture": "#texture" }
    }
},
{
    "from": [ 13.5, 8.25, 8 ],
    "to": [ 14, 8.5, 9.5 ],
    "faces": {
        "down":  { "uv": [ 2.75, 9.5, 5.25, 12 ], "texture": "#texture" },
        "up":    { "uv": [ 2.75, 9.5, 5.25, 12 ], "texture": "#texture" },
        "north": { "uv": [ 5, 9.75, 7, 11.75 ], "texture": "#texture" },
        "south": { "uv": [ 5, 9.75, 7, 11.75 ], "texture": "#texture" },
        "west":  { "uv": [ 7, 9.75, 8.75, 11.75 ], "texture": "#texture" },
        "east":  { "uv": [ 7, 9.75, 8.75, 11.75 ], "texture": "#texture" }
    }
},
{
    "from": [ 13.5, 6.5, 8 ],
    "to": [ 14, 6.75, 9.5 ],
    "faces": {
        "down":  { "uv": [ 2.75, 9.5, 5.25, 12 ], "texture": "#texture" },
        "up":    { "uv": [ 2.75, 9.5, 5.25, 12 ], "texture": "#texture" },
        "north": { "uv": [ 5, 9.75, 7, 11.75 ], "texture": "#texture" },
        "south": { "uv": [ 5, 9.75, 7, 11.75 ], "texture": "#texture" },
        "west":  { "uv": [ 7, 9.75, 8.75, 11.75 ], "texture": "#texture" },
        "east":  { "uv": [ 7, 9.75, 8.75, 11.75 ], "texture": "#texture" }
    }
},
{
    "from": [ 17.75, 7, 8.25 ],
    "to": [ 18.5, 8, 9.25 ],
    "faces": {
        "down":  { "uv": [ 2, 13.5, 5.25, 15 ], "texture": "#texture" },
        "up":    { "uv": [ 2, 13.5, 5.25, 15 ], "texture": "#texture" },
        "north": { "uv": [ 4.75, 13.75, 8.5, 15.5 ], "texture": "#texture" },
        "south": { "uv": [ 4.75, 13.75, 8.5, 15.5 ], "texture": "#texture" },
        "west":  { "uv": [ 4, 13.75, 5.75, 15.25 ], "texture": "#texture" },
        "east":  { "uv": [ 4, 13.75, 5.75, 15.25 ], "texture": "#texture" }
    }
},
{
    "from": [ 15.25, 7.125, 8.375 ],
    "to": [ 17.75, 7.875, 9.125 ],
    "faces": {
        "down":  { "uv": [ 2, 13.5, 5.25, 15 ], "texture": "#texture" },
        "up":    { "uv": [ 2, 13.5, 5.25, 15 ], "texture": "#texture" },
        "north": { "uv": [ 4.75, 13.75, 8.5, 15.5 ], "texture": "#texture" },
        "south": { "uv": [ 4.75, 13.75, 8.5, 15.5 ], "texture": "#texture" },
        "west":  { "uv": [ 4, 13.75, 5.75, 15.25 ], "texture": "#texture" },
        "east":  { "uv": [ 4, 13.75, 5.75, 15.25 ], "texture": "#texture" }
    }
},
{
    "from": [ 18.5, 6.875, 8.125 ],
    "to": [ 19.75, 8.125, 9.375 ],
    "faces": {
        "down":  { "uv": [ 2.75, 9.5, 5.25, 12 ], "texture": "#texture" },
        "up":    { "uv": [ 2.75, 9.5, 5.25, 12 ], "texture": "#texture" },
        "north": { "uv": [ 5, 9.75, 7, 11.75 ], "texture": "#texture" },
        "south": { "uv": [ 5, 9.75, 7, 11.75 ], "texture": "#texture" },
        "west":  { "uv": [ 7, 9.75, 8.75, 11.75 ], "texture": "#texture" },
        "east":  { "uv": [ 7, 9.75, 8.75, 11.75 ], "texture": "#texture" }
    }
},
{
    "from": [ 18.75, 6.6875, 8.375 ],
    "to": [ 19.5625, 8.25, 9.125 ],
    "faces": {
        "down":  { "uv": [ 2.75, 9.5, 5.25, 12 ], "texture": "#texture" },
        "up":    { "uv": [ 2.75, 9.5, 5.25, 12 ], "texture": "#texture" },
        "north": { "uv": [ 5, 9.75, 7, 11.75 ], "texture": "#texture" },
        "south": { "uv": [ 5, 9.75, 7, 11.75 ], "texture": "#texture" },
        "west":  { "uv": [ 7, 9.75, 8.75, 11.75 ], "texture": "#texture" },
        "east":  { "uv": [ 7, 9.75, 8.75, 11.75 ], "texture": "#texture" }
    }
},
{
    "from": [ 18.5, 7.0625, 8.375 ],
    "to": [ 19.9375, 7.9375, 9.125 ],
    "faces": {
        "down":  { "uv": [ 2.75, 9.5, 5.25, 12 ], "texture": "#texture" },
        "up":    { "uv": [ 2.75, 9.5, 5.25, 12 ], "texture": "#texture" },
        "north": { "uv": [ 5, 9.75, 7, 11.75 ], "texture": "#texture" },
        "south": { "uv": [ 5, 9.75, 7, 11.75 ], "texture": "#texture" },
        "west":  { "uv": [ 7, 9.75, 8.75, 11.75 ], "texture": "#texture" },
        "east":  { "uv": [ 7, 9.75, 8.75, 11.75 ], "texture": "#texture" }
    }
},
{
    "from": [ 18.8125, 7.0625, 7.9375 ],
    "to": [ 19.5625, 8, 9.5 ],
    "faces": {
        "down":  { "uv": [ 2.75, 9.5, 5.25, 12 ], "texture": "#texture" },
        "up":    { "uv": [ 2.75, 9.5, 5.25, 12 ], "texture": "#texture" },
        "north": { "uv": [ 5, 9.75, 7, 11.75 ], "texture": "#texture" },
        "south": { "uv": [ 5, 9.75, 7, 11.75 ], "texture": "#texture" },
        "west":  { "uv": [ 7, 9.75, 8.75, 11.75 ], "texture": "#texture" },
        "east":  { "uv": [ 7, 9.75, 8.75, 11.75 ], "texture": "#texture" }
    }
},
{
    "from": [ 5.5, 6.25, 8.625 ],
    "to": [ 13.25, 8.75, 8.875 ],
    "faces": {
        "down":  { "uv": [ 4.75, 2.25, 12.5, 2.5 ], "texture": "#fire_dagger_t1" },
        "up":    { "uv": [ 4.75, 2.25, 12.5, 2.5 ], "texture": "#fire_dagger_t1" },
        "north": { "uv": [ 5.5, 2.25, 13.25, 4.75 ], "texture": "#fire_dagger_t1" },
        "south": { "uv": [ 5.5, 2.25, 13.25, 4.75 ], "texture": "#fire_dagger_t1" },
        "west":  { "uv": [ 8.5, 1.25, 8.75, 3.75 ], "texture": "#fire_dagger_t1" },
        "east":  { "uv": [ 8.5, 1.25, 8.75, 3.75 ], "texture": "#fire_dagger_t1" }
    }
},
{
    "from": [ 3.1875, 7, 8.625 ],
    "to": [ 5.6875, 7.75, 8.875 ],
    "rotation": { "origin": [ 3.1875, 7.75, 8.625 ], "axis": "z", "angle": 22.5 },
    "faces": {
        "down":  { "uv": [ 7.25, 2.25, 9.25, 2.5 ], "texture": "#fire_dagger_t1" },
        "up":    { "uv": [ 7.25, 2.25, 9.25, 2.5 ], "texture": "#fire_dagger_t1" },
        "north": { "uv": [ 8.25, 2.5, 10.25, 3.5 ], "texture": "#fire_dagger_t1" },
        "south": { "uv": [ 8.25, 2.5, 10.25, 3.5 ], "texture": "#fire_dagger_t1" },
        "west":  { "uv": [ 8.5, 2.5, 8.75, 3.5 ], "texture": "#fire_dagger_t1" },
        "east":  { "uv": [ 8.5, 2.5, 8.75, 3.5 ], "texture": "#fire_dagger_t1" }
    }
},
{
    "from": [ 3.875, 7, 8.625 ],
    "to": [ 6.125, 8, 8.875 ],
    "rotation": { "origin": [ 3.875, 8, 8.625 ], "axis": "z", "angle": -22.5 },
    "faces": {
        "down":  { "uv": [ 7.25, 2.25, 9.25, 2.5 ], "texture": "#fire_dagger_t1" },
        "up":    { "uv": [ 7.25, 2.25, 9.25, 2.5 ], "texture": "#fire_dagger_t1" },
        "north": { "uv": [ 8.25, 2.5, 10.25, 3.5 ], "texture": "#fire_dagger_t1" },
        "south": { "uv": [ 8.25, 2.5, 10.25, 3.5 ], "texture": "#fire_dagger_t1" },
        "west":  { "uv": [ 8.5, 2.5, 8.75, 3.5 ], "texture": "#fire_dagger_t1" },
        "east":  { "uv": [ 8.5, 2.5, 8.75, 3.5 ], "texture": "#fire_dagger_t1" }
    }
},
{
    "from": [ 4.75, 7.25, 8.625 ],
    "to": [ 5.5, 8, 8.875 ],
    "faces": {
        "down":  { "uv": [ 7.25, 2.25, 9.25, 2.5 ], "texture": "#fire_dagger_t1" },
        "up":    { "uv": [ 7.25, 2.25, 9.25, 2.5 ], "texture": "#fire_dagger_t1" },
        "north": { "uv": [ 8.25, 2.5, 10.25, 3.5 ], "texture": "#fire_dagger_t1" },
        "south": { "uv": [ 8.25, 2.5, 10.25, 3.5 ], "texture": "#fire_dagger_t1" },
        "west":  { "uv": [ 8.5, 2.5, 8.75, 3.5 ], "texture": "#fire_dagger_t1" },
        "east":  { "uv": [ 8.5, 2.5, 8.75, 3.5 ], "texture": "#fire_dagger_t1" }
    }
},
{
    "from": [ 5.5, 6.75, 8.5 ],
    "to": [ 12.75, 8.25, 9 ],
    "faces": {
        "down":  { "uv": [ 5.5, 8.5, 12.75, 9 ], "texture": "#fire_dagger_t1" },
        "up":    { "uv": [ 5.5, 8.5, 12.75, 9 ], "texture": "#fire_dagger_t1" },
        "north": { "uv": [ 5.5, 7.75, 12.75, 9.25 ], "texture": "#fire_dagger_t1" },
        "south": { "uv": [ 5.5, 7.75, 12.75, 9.25 ], "texture": "#fire_dagger_t1" },
        "west":  { "uv": [ 8.5, 7.75, 9, 9.25 ], "texture": "#fire_dagger_t1" },
        "east":  { "uv": [ 8.5, 7.75, 9, 9.25 ], "texture": "#fire_dagger_t1" }
    }
},
{
    "from": [ 3.9375, 7.375, 8.5 ],
    "to": [ 5.6875, 7.625, 9 ],
    "rotation": { "origin": [ 3.9375, 7.625, 8.5 ], "axis": "z", "angle": 22.5 },
    "faces": {
        "down":  { "uv": [ 4.25, 7.5, 6, 8 ], "texture": "#fire_dagger_t1" },
        "up":    { "uv": [ 4.25, 7.5, 6, 8 ], "texture": "#fire_dagger_t1" },
        "north": { "uv": [ 8.5, 8.5, 10.25, 8.75 ], "texture": "#fire_dagger_t1" },
        "south": { "uv": [ 8.5, 8.5, 10.25, 8.75 ], "texture": "#fire_dagger_t1" },
        "west":  { "uv": [ 8.5, 8.375, 9, 8.625 ], "texture": "#fire_dagger_t1" },
        "east":  { "uv": [ 8.5, 8.375, 9, 8.625 ], "texture": "#fire_dagger_t1" }
    }
},
{
    "from": [ 4.0625, 7.375, 8.5 ],
    "to": [ 5.8125, 7.625, 9 ],
    "rotation": { "origin": [ 4.0625, 7.625, 8.5 ], "axis": "z", "angle": -22.5 },
    "faces": {
        "down":  { "uv": [ 4.25, 7.5, 6, 8 ], "texture": "#fire_dagger_t1" },
        "up":    { "uv": [ 4.25, 7.5, 6, 8 ], "texture": "#fire_dagger_t1" },
        "north": { "uv": [ 8.5, 8.5, 10.25, 8.75 ], "texture": "#fire_dagger_t1" },
        "south": { "uv": [ 8.5, 8.5, 10.25, 8.75 ], "texture": "#fire_dagger_t1" },
        "west":  { "uv": [ 8.5, 8.375, 9, 8.625 ], "texture": "#fire_dagger_t1" },
        "east":  { "uv": [ 8.5, 8.375, 9, 8.625 ], "texture": "#fire_dagger_t1" }
    }
},
{
    "from": [ 4.25, 7.375, 8.5 ],
    "to": [ 5.5, 7.625, 9 ],
    "faces": {
        "down":  { "uv": [ 4.25, 7.5, 6, 8 ], "texture": "#fire_dagger_t1" },
        "up":    { "uv": [ 4.25, 7.5, 6, 8 ], "texture": "#fire_dagger_t1" },
        "north": { "uv": [ 8.5, 8.5, 10.25, 8.75 ], "texture": "#fire_dagger_t1" },
        "south": { "uv": [ 8.5, 8.5, 10.25, 8.75 ], "texture": "#fire_dagger_t1" },
        "west":  { "uv": [ 8.5, 8.375, 9, 8.625 ], "texture": "#fire_dagger_t1" },
        "east":  { "uv": [ 8.5, 8.375, 9, 8.625 ], "texture": "#fire_dagger_t1" }
    }
},
{
    "from": [ 5.0625, 6.9375, 8.5 ],
    "to": [ 5.5625, 8.0625, 9 ],
    "faces": {
        "down":  { "uv": [ 4.25, 7.5, 6, 8 ], "texture": "#fire_dagger_t1" },
        "up":    { "uv": [ 4.25, 7.5, 6, 8 ], "texture": "#fire_dagger_t1" },
        "north": { "uv": [ 8.5, 8.5, 10.25, 8.75 ], "texture": "#fire_dagger_t1" },
        "south": { "uv": [ 8.5, 8.5, 10.25, 8.75 ], "texture": "#fire_dagger_t1" },
        "west":  { "uv": [ 8.5, 8.375, 9, 8.625 ], "texture": "#fire_dagger_t1" },
        "east":  { "uv": [ 8.5, 8.375, 9, 8.625 ], "texture": "#fire_dagger_t1" }
    }
},
{
    "from": [ 5.0625, 6.9375, 8.5 ],
    "to": [ 5.5625, 8.0625, 9 ],
    "faces": {
        "down":  { "uv": [ 4.25, 7.5, 6, 8 ], "texture": "#fire_dagger_t1" },
        "up":    { "uv": [ 4.25, 7.5, 6, 8 ], "texture": "#fire_dagger_t1" },
        "north": { "uv": [ 8.5, 8.5, 10.25, 8.75 ], "texture": "#fire_dagger_t1" },
        "south": { "uv": [ 8.5, 8.5, 10.25, 8.75 ], "texture": "#fire_dagger_t1" },
        "west":  { "uv": [ 8.5, 8.375, 9, 8.625 ], "texture": "#fire_dagger_t1" },
        "east":  { "uv": [ 8.5, 8.375, 9, 8.625 ], "texture": "#fire_dagger_t1" }
    }
},
{
    "from": [ 4.625, 7.25, 8.5 ],
    "to": [ 5.125, 7.875, 9 ],
    "faces": {
        "down":  { "uv": [ 4.25, 7.5, 6, 8 ], "texture": "#fire_dagger_t1" },
        "up":    { "uv": [ 4.25, 7.5, 6, 8 ], "texture": "#fire_dagger_t1" },
        "north": { "uv": [ 8.5, 8.5, 10.25, 8.75 ], "texture": "#fire_dagger_t1" },
        "south": { "uv": [ 8.5, 8.5, 10.25, 8.75 ], "texture": "#fire_dagger_t1" },
        "west":  { "uv": [ 8.5, 8.375, 9, 8.625 ], "texture": "#fire_dagger_t1" },
        "east":  { "uv": [ 8.5, 8.375, 9, 8.625 ], "texture": "#fire_dagger_t1" }
    }
}
]
}
