{
    "__createdwith": "opl's Model Creator",
    "ambientocclusion": false,
    "textures": {
        "wand": "jhsy/baizhang/generic3",
        "wand2": "jhsy/baizhang/thunder1"
    },
    "elements": [
        {
            "from": [6,14,6],
            "to": [10,19,10],
            "faces": {
                "up": {
                    "uv": [1,6,5,7],
                    "texture": "#wand"
                },
                "west": {
                    "uv": [1,6,5,11],
                    "texture": "#wand"
                },
                "east": {
                    "uv": [1,6,5,11],
                    "texture": "#wand"
                },
                "north": {
                    "uv": [1,6,5,11],
                    "texture": "#wand"
                },
                "south": {
                    "uv": [1,6,5,11],
                    "texture": "#wand"
                }
            }
        },
        {
            "from": [6,14,5],
            "to": [10,18,11],
            "faces": {
                "up": {
                    "uv": [0,7,6,8],
                    "texture": "#wand",
                    "rotation": 90
                },
                "down": {
                    "uv": [0,10,1,11],
                    "texture": "#wand"
                },
                "west": {
                    "uv": [0,7,6,11],
                    "texture": "#wand"
                },
                "east": {
                    "uv": [0,7,6,11],
                    "texture": "#wand"
                },
                "north": {
                    "uv": [1,7,5,11],
                    "texture": "#wand"
                },
                "south": {
                    "uv": [1,7,5,11],
                    "texture": "#wand"
                }
            }
        },
        {
            "from": [5,14,6],
            "to": [11,18,10],
            "faces": {
                "up": {
                    "uv": [0,7,6,8],
                    "texture": "#wand"
                },
                "down": {
                    "uv": [0,10,1,11],
                    "texture": "#wand"
                },
                "west": {
                    "uv": [1,7,5,11],
                    "texture": "#wand"
                },
                "east": {
                    "uv": [1,7,5,11],
                    "texture": "#wand"
                },
                "north": {
                    "uv": [0,7,6,11],
                    "texture": "#wand"
                },
                "south": {
                    "uv": [0,7,6,11],
                    "texture": "#wand"
                }
            }
        },
        {
            "from": [6,13,6],
            "to": [10,14,10],
            "faces": {
                "up": {
                    "uv": [1,7,5,11],
                    "texture": "#wand"
                },
                "down": {
                    "uv": [1,7,5,11],
                    "texture": "#wand"
                },
                "west": {
                    "uv": [1,15,5,16],
                    "texture": "#wand"
                },
                "east": {
                    "uv": [1,15,5,16],
                    "texture": "#wand"
                },
                "north": {
                    "uv": [1,15,5,16],
                    "texture": "#wand"
                },
                "south": {
                    "uv": [1,15,5,16],
                    "texture": "#wand"
                }
            }
        },
        {
            "from": [7,-6,7],
            "to": [9,8,9],
            "faces": {
                "down": {
                    "uv": [14,10,15,11],
                    "texture": "#wand"
                },
                "west": {
                    "uv": [13,14,15,0],
                    "texture": "#wand"
                },
                "east": {
                    "uv": [13,14,15,0],
                    "texture": "#wand"
                },
                "north": {
                    "uv": [13,14,15,0],
                    "texture": "#wand"
                },
                "south": {
                    "uv": [13,14,15,0],
                    "texture": "#wand"
                }
            }
        },
        {
            "from": [6,9,6],
            "to": [10,10,10],
            "faces": {
                "up": {
                    "uv": [1,7,5,11],
                    "texture": "#wand"
                },
                "down": {
                    "uv": [1,7,5,11],
                    "texture": "#wand"
                },
                "west": {
                    "uv": [1,15,5,16],
                    "texture": "#wand"
                },
                "east": {
                    "uv": [1,15,5,16],
                    "texture": "#wand"
                },
                "north": {
                    "uv": [1,15,5,16],
                    "texture": "#wand"
                },
                "south": {
                    "uv": [1,15,5,16],
                    "texture": "#wand"
                }
            }
        },
        {
            "from": [7,15,4.5],
            "to": [9,17,5],
            "faces": {
                "up": {
                    "uv": [10,2,8,3],
                    "texture": "#wand"
                },
                "down": {
                    "uv": [10,3,8,4],
                    "texture": "#wand"
                },
                "west": {
                    "uv": [9,2,10,4],
                    "texture": "#wand"
                },
                "east": {
                    "uv": [8,2,9,4],
                    "texture": "#wand"
                },
                "north": {
                    "uv": [8,2,10,4],
                    "texture": "#wand"
                }
            }
        },
        {
            "from": [11,15,7],
            "to": [11.5,17,9],
            "faces": {
                "up": {
                    "uv": [10,0,8,1],
                    "texture": "#wand",
                    "rotation": 90
                },
                "down": {
                    "uv": [8,1,10,2],
                    "texture": "#wand",
                    "rotation": 90
                },
                "east": {
                    "uv": [8,0,10,2],
                    "texture": "#wand"
                },
                "north": {
                    "uv": [9,0,10,2],
                    "texture": "#wand"
                },
                "south": {
                    "uv": [8,0,9,2],
                    "texture": "#wand"
                }
            }
        },
        {
            "from": [7,15,11],
            "to": [9,17,11.5],
            "faces": {
                "up": {
                    "uv": [6,2,8,3],
                    "texture": "#wand"
                },
                "down": {
                    "uv": [6,3,8,4],
                    "texture": "#wand"
                },
                "west": {
                    "uv": [6,2,7,4],
                    "texture": "#wand"
                },
                "east": {
                    "uv": [7,2,8,4],
                    "texture": "#wand"
                },
                "south": {
                    "uv": [6,2,8,4],
                    "texture": "#wand"
                }
            }
        },
        {
            "from": [4.5,15,7],
            "to": [5,17,9],
            "faces": {
                "up": {
                    "uv": [6,0,8,1],
                    "texture": "#wand",
                    "rotation": 90
                },
                "down": {
                    "uv": [8,1,6,2],
                    "texture": "#wand",
                    "rotation": 90
                },
                "west": {
                    "uv": [6,0,8,2],
                    "texture": "#wand"
                },
                "north": {
                    "uv": [6,0,7,2],
                    "texture": "#wand"
                },
                "south": {
                    "uv": [7,0,8,2],
                    "texture": "#wand"
                }
            }
        },
        {
            "from": [6,-7,6],
            "to": [10,-6,10],
            "faces": {
                "up": {
                    "uv": [1,7,5,11],
                    "texture": "#wand"
                },
                "down": {
                    "uv": [1,7,5,11],
                    "texture": "#wand"
                },
                "west": {
                    "uv": [1,15,5,16],
                    "texture": "#wand"
                },
                "east": {
                    "uv": [1,15,5,16],
                    "texture": "#wand"
                },
                "north": {
                    "uv": [1,15,5,16],
                    "texture": "#wand"
                },
                "south": {
                    "uv": [1,15,5,16],
                    "texture": "#wand"
                }
            }
        },
        {
            "from": [7,8,7],
            "to": [9,13,9],
            "faces": {
                "down": {
                    "uv": [14,10,15,11],
                    "texture": "#wand"
                },
                "west": {
                    "uv": [7,11,9,16],
                    "texture": "#wand2"
                },
                "east": {
                    "uv": [7,11,9,16],
                    "texture": "#wand2"
                },
                "north": {
                    "uv": [7,11,9,16],
                    "texture": "#wand2"
                },
                "south": {
                    "uv": [7,11,9,16],
                    "texture": "#wand2"
                }
            }
        }
    ]
}