{
    "parent": "item/jhsy/dagger_air_2",
    "display": {
		"firstperson_righthand": {
            "rotation": [ 45, -90, 0 ],
            "translation": [ -2.5, 7.5, 0 ],
            "scale": [ 0.7, 0.7, 0.7 ]
		},
        "thirdperson_righthand": {
            "rotation": [ 90, -90, 0 ],
            "translation": [ -1.5, 13, -0.5 ],
            "scale": [ 1.3, 1.3, 1.3 ]
		},
		"gui": {
			"rotation": [ 0, 180, -45 ],
			"translation": [ 2, 0, 0 ],
			"scale": [ 0.8, 0.8, 0.8 ]
		}
    }
}