{
    "parent": "item/jhsy/wand_water_3",
    "display": {
		"firstperson_righthand": {
            "rotation": [ 2, -90, 15 ],
            "translation": [ 1.5, 2, 0 ],
            "scale": [ 0.6, 0.6, 0.6 ]
		},
        "thirdperson_righthand": {
            "rotation": [ 0, 90, 0 ],
            "translation": [ -0.5, 2.5, 1.5 ],
            "scale": [ 1, 1, 1 ]
		},
		"gui": {
			"rotation": [ 45, 25, -45 ],
			"translation": [ 0, 0, 0 ],
			"scale": [ 0.6, 0.6, 0.6 ]
		},
        "ground": {
            "rotation": [ 0, 0, 0 ],
            "translation": [ 0, 4, 0 ],
            "scale": [ 0.5, 0.5, 0.5 ]
        }
    }
}
