{
    "parent": "item/jhsy/wand_water_1",
    "display": {
		"firstperson_righthand": {
            "rotation": [ 0, 0, 15 ],
            "translation": [ 0.2, 5, 1.5 ],
            "scale": [ 0.7, 0.7, 0.7 ]
		},
        "thirdperson_righthand": {
            "rotation": [ 0, 0, 0 ],
            "translation": [ -0.5, 3, 2 ],
            "scale": [ 1, 1, 1 ]
		},
		"gui": {
			"rotation": [ 45, 25, -45 ],
			"translation": [ 1, 2, 0 ],
			"scale": [ 0.8, 0.8, 0.8 ]
		},
        "ground": {
            "rotation": [ 0, 0, 0 ],
            "translation": [ 0, 4, 0 ],
            "scale": [ 0.5, 0.5, 0.5 ]
        }
    }
}
