{
    "parent": "item/jhsy/dagger_air_1",
    "display": {
		"firstperson_righthand": {
            "rotation": [ 45, -90, 0 ],
            "translation": [ 0, 3, 0 ],
            "scale": [ 0.8, 0.8, 0.8 ]
		},
        "thirdperson_righthand": {
            "rotation": [ 90, -90, 0 ],
            "translation": [ -1.5, 5, -0.5 ],
            "scale": [ 1.3, 1.3, 1.3 ]
		},
		"gui": {
			"rotation": [ 0, 180, -45 ],
			"translation": [ 0, -2, 0 ],
			"scale": [ 0.9, 0.9, 0.9 ]
		}
    }
}