{
    "parent": "item/jhsy/dagger_fire_3",
    "display": {
		"firstperson_righthand": {
            "rotation": [ 45, -90, 0 ],
            "translation": [ 0, 7, 0 ],
            "scale": [ 0.8, 0.8, 0.8 ]
		},
        "thirdperson_righthand": {
            "rotation": [ -90, 90, 0 ],
            "translation": [ -1, 9, 1 ],
            "scale": [ 1.3, 1.3, 1.3 ]
		},
		"gui": {
			"rotation": [ -14, 10, -45 ],
			"translation": [ -2.08, 2.83, 6.43 ],
			"scale": [ 1.1, 1.3, 1.1 ]
		}
    }
}