{
    "parent": "item/jhsy/wand_fire_2",
    "display": {
		"thirdperson_righthand": {
			"rotation": [ 0, -90, -14 ],
			"translation": [ 0, 7.18, 3.78 ],
			"scale": [ 1.4, 1.4, 1.4 ]
		},
		"thirdperson_lefthand": {
			"rotation": [ 0, -90, -14 ],
			"translation": [ 0, 7.18, 3.78 ],
			"scale": [ 1.4, 1.4, 1.4 ]
		},
		"firstperson_righthand": {
			"rotation": [ 0, -92, 3 ],
			"translation": [ 2.46, 4.72, -7.56 ],
			"scale": [ 1, 1, 1 ]
		},
		"firstperson_lefthand": {
			"rotation": [ 0, -92, 3 ],
			"translation": [ 2.46, 4.72, -7.56 ],
			"scale": [ 1, 1, 1 ]
		},
		"gui": {
			"rotation": [ 45, 25, -45 ],
			"translation": [ 0, 0, 0 ],
			"scale": [ 0.9, 0.9, 0.9 ]
		}
    }
}
