{
    "parent": "item/jhsy/wand_water_2",
    "display": {
		"firstperson_righthand": {
            "rotation": [ -5, 180, -10 ],
            "translation": [ 1, 3, 1.5 ],
            "scale": [ 0.6, 0.6, 0.6 ]
		},
        "thirdperson_righthand": {
            "rotation": [ -5, 180, 0 ],
            "translation": [ -1.5, 2, 3 ],
            "scale": [ 1, 1, 1 ]
		},
		"gui": {
			"rotation": [ 45, 25, -45 ],
			"translation": [ 1, 1, 0 ],
			"scale": [ 0.6, 0.6, 0.6 ]
		},
        "ground": {
            "rotation": [ 0, 0, 0 ],
            "translation": [ 0, 4, 0 ],
            "scale": [ 0.5, 0.5, 0.5 ]
        }
    }
}
