{
"__comment": "Designed by Flashtt with BDcraft Cubik PRO 0.96 Beta - http://bdcraft.net",
"textures": {
    "log_oak": "blocks/log_oak",
    "log_birch_top": "blocks/stone"
},
"elements": [ 
{
    "__comment": "wood_pickaxe x16",
    "from": [ 2, 7.5, 13 ],
    "to": [ 4, 8.5, 15 ],
    "faces": {
        "down":  { "uv": [ 2, 15, 4, 13 ], "texture": "#log_oak" },
        "up":    { "uv": [ 2, 13, 4, 15 ], "texture": "#log_oak" },
        "north": { "uv": [ 4, 13, 2, 14 ], "texture": "#log_oak" },
        "south": { "uv": [ 2, 15, 4, 14 ], "texture": "#log_oak" },
        "west":  { "uv": [ 2, 13, 3, 15 ], "rotation": 270, "texture": "#log_oak" },
        "east":  { "uv": [ 4, 13, 3, 15 ], "rotation": 90, "texture": "#log_oak" }
    }
},
{
    "__comment": "wood_pickaxe x16",
    "from": [ 3, 7.5, 12 ],
    "to": [ 6, 8.5, 13 ],
    "faces": {
        "down":  { "uv": [ 3, 13, 6, 12 ], "texture": "#log_oak" },
        "up":    { "uv": [ 3, 12, 6, 13 ], "texture": "#log_oak" },
        "north": { "uv": [ 6, 12, 3, 13 ], "texture": "#log_oak" },
        "south": { "uv": [ 3, 13, 6, 12 ], "texture": "#log_oak" },
        "west":  { "uv": [ 3, 12, 4, 13 ], "rotation": 270, "texture": "#log_oak" },
        "east":  { "uv": [ 6, 12, 5, 13 ], "rotation": 90, "texture": "#log_oak" }
    }
},
{
    "__comment": "wood_pickaxe x16",
    "from": [ 4, 7.5, 11 ],
    "to": [ 7, 8.5, 12 ],
    "faces": {
        "down":  { "uv": [ 4, 12, 7, 11 ], "texture": "#log_oak" },
        "up":    { "uv": [ 4, 11, 7, 12 ], "texture": "#log_oak" },
        "north": { "uv": [ 7, 11, 4, 12 ], "texture": "#log_oak" },
        "south": { "uv": [ 4, 12, 7, 11 ], "texture": "#log_oak" },
        "west":  { "uv": [ 4, 11, 5, 12 ], "rotation": 270, "texture": "#log_oak" },
        "east":  { "uv": [ 7, 11, 6, 12 ], "rotation": 90, "texture": "#log_oak" }
    }
},
{
    "__comment": "wood_pickaxe x16",
    "from": [ 4, 7.5, 13 ],
    "to": [ 5, 8.5, 14 ],
    "faces": {
        "down":  { "uv": [ 4, 14, 5, 13 ], "texture": "#log_oak" },
        "up":    { "uv": [ 4, 13, 5, 14 ], "texture": "#log_oak" },
        "north": { "uv": [ 5, 13, 4, 14 ], "texture": "#log_oak" },
        "south": { "uv": [ 4, 14, 5, 13 ], "texture": "#log_oak" },
        "west":  { "uv": [ 4, 13, 5, 14 ], "rotation": 270, "texture": "#log_oak" },
        "east":  { "uv": [ 5, 13, 4, 14 ], "rotation": 90, "texture": "#log_oak" }
    }
},
{
    "__comment": "wood_pickaxe x16",
    "from": [ 5, 7.5, 3 ],
    "to": [ 14, 8.5, 4 ],
    "faces": {
        "down":  { "uv": [ 5, 4, 14, 3 ], "texture": "#log_birch_top" },
        "up":    { "uv": [ 5, 3, 14, 4 ], "texture": "#log_birch_top" },
        "north": { "uv": [ 14, 3, 5, 4 ], "texture": "#log_birch_top" },
        "south": { "uv": [ 5, 4, 14, 3 ], "texture": "#log_birch_top" },
        "west":  { "uv": [ 5, 3, 6, 4 ], "rotation": 270, "texture": "#log_birch_top" },
        "east":  { "uv": [ 14, 3, 13, 4 ], "rotation": 90, "texture": "#log_birch_top" }
    }
},
{
    "__comment": "wood_pickaxe x16",
    "from": [ 5, 7.5, 10 ],
    "to": [ 8, 8.5, 11 ],
    "faces": {
        "down":  { "uv": [ 5, 11, 8, 10 ], "texture": "#log_oak" },
        "up":    { "uv": [ 5, 10, 8, 11 ], "texture": "#log_oak" },
        "north": { "uv": [ 8, 10, 5, 11 ], "texture": "#log_oak" },
        "south": { "uv": [ 5, 11, 8, 10 ], "texture": "#log_oak" },
        "west":  { "uv": [ 5, 10, 6, 11 ], "rotation": 270, "texture": "#log_oak" },
        "east":  { "uv": [ 8, 10, 7, 11 ], "rotation": 90, "texture": "#log_oak" }
    }
},
{
    "__comment": "wood_pickaxe x16",
    "from": [ 6, 7.5, 2 ],
    "to": [ 11, 8.5, 3 ],
    "faces": {
        "down":  { "uv": [ 6, 3, 11, 2 ], "texture": "#log_birch_top" },
        "up":    { "uv": [ 6, 2, 11, 3 ], "texture": "#log_birch_top" },
        "north": { "uv": [ 11, 2, 6, 3 ], "texture": "#log_birch_top" },
        "south": { "uv": [ 6, 3, 11, 2 ], "texture": "#log_birch_top" },
        "west":  { "uv": [ 6, 2, 7, 3 ], "rotation": 270, "texture": "#log_birch_top" },
        "east":  { "uv": [ 11, 2, 10, 3 ], "rotation": 90, "texture": "#log_birch_top" }
    }
},
{
    "__comment": "wood_pickaxe x16",
    "from": [ 6, 7.5, 4 ],
    "to": [ 14, 8.5, 5 ],
    "faces": {
        "down":  { "uv": [ 6, 5, 14, 4 ], "texture": "#log_birch_top" },
        "up":    { "uv": [ 6, 4, 14, 5 ], "texture": "#log_birch_top" },
        "north": { "uv": [ 14, 4, 6, 5 ], "texture": "#log_birch_top" },
        "south": { "uv": [ 6, 5, 14, 4 ], "texture": "#log_birch_top" },
        "west":  { "uv": [ 6, 4, 7, 5 ], "rotation": 270, "texture": "#log_birch_top" },
        "east":  { "uv": [ 14, 4, 13, 5 ], "rotation": 90, "texture": "#log_birch_top" }
    }
},
{
    "__comment": "wood_pickaxe x16",
    "from": [ 6, 7.5, 9 ],
    "to": [ 9, 8.5, 10 ],
    "faces": {
        "down":  { "uv": [ 6, 10, 9, 9 ], "texture": "#log_oak" },
        "up":    { "uv": [ 6, 9, 9, 10 ], "texture": "#log_oak" },
        "north": { "uv": [ 9, 9, 6, 10 ], "texture": "#log_oak" },
        "south": { "uv": [ 6, 10, 9, 9 ], "texture": "#log_oak" },
        "west":  { "uv": [ 6, 9, 7, 10 ], "rotation": 270, "texture": "#log_oak" },
        "east":  { "uv": [ 9, 9, 8, 10 ], "rotation": 90, "texture": "#log_oak" }
    }
},
{
    "__comment": "wood_pickaxe x16",
    "from": [ 7, 7.5, 8 ],
    "to": [ 10, 8.5, 9 ],
    "faces": {
        "down":  { "uv": [ 7, 9, 10, 8 ], "texture": "#log_oak" },
        "up":    { "uv": [ 7, 8, 10, 9 ], "texture": "#log_oak" },
        "north": { "uv": [ 10, 8, 7, 9 ], "texture": "#log_oak" },
        "south": { "uv": [ 7, 9, 10, 8 ], "texture": "#log_oak" },
        "west":  { "uv": [ 7, 8, 8, 9 ], "rotation": 270, "texture": "#log_oak" },
        "east":  { "uv": [ 10, 8, 9, 9 ], "rotation": 90, "texture": "#log_oak" }
    }
},
{
    "__comment": "wood_pickaxe x16",
    "from": [ 8, 7.5, 7 ],
    "to": [ 11, 8.5, 8 ],
    "faces": {
        "down":  { "uv": [ 8, 8, 11, 7 ], "texture": "#log_oak" },
        "up":    { "uv": [ 8, 7, 11, 8 ], "texture": "#log_oak" },
        "north": { "uv": [ 11, 7, 8, 8 ], "texture": "#log_oak" },
        "south": { "uv": [ 8, 8, 11, 7 ], "texture": "#log_oak" },
        "west":  { "uv": [ 8, 7, 9, 8 ], "rotation": 270, "texture": "#log_oak" },
        "east":  { "uv": [ 11, 7, 10, 8 ], "rotation": 90, "texture": "#log_oak" }
    }
},
{
    "__comment": "wood_pickaxe x16",
    "from": [ 9, 7.5, 6 ],
    "to": [ 15, 8.5, 7 ],
    "faces": {
        "down":  { "uv": [ 9, 7, 15, 6 ], "texture": "#log_birch_top" },
        "up":    { "uv": [ 9, 6, 15, 7 ], "texture": "#log_birch_top" },
        "north": { "uv": [ 15, 6, 9, 7 ], "texture": "#log_birch_top" },
        "south": { "uv": [ 9, 7, 15, 6 ], "texture": "#log_birch_top" },
        "west":  { "uv": [ 9, 6, 10, 7 ], "rotation": 270, "texture": "#log_birch_top" },
        "east":  { "uv": [ 15, 6, 14, 7 ], "rotation": 90, "texture": "#log_birch_top" }
    }
},
{
    "__comment": "wood_pickaxe x16",
    "from": [ 10, 7.5, 5 ],
    "to": [ 14, 8.5, 6 ],
    "faces": {
        "down":  { "uv": [ 10, 6, 14, 5 ], "texture": "#log_birch_top" },
        "up":    { "uv": [ 10, 5, 14, 6 ], "texture": "#log_birch_top" },
        "north": { "uv": [ 14, 5, 10, 6 ], "texture": "#log_birch_top" },
        "south": { "uv": [ 10, 6, 14, 5 ], "texture": "#log_birch_top" },
        "west":  { "uv": [ 10, 5, 11, 6 ], "rotation": 270, "texture": "#log_birch_top" },
        "east":  { "uv": [ 14, 5, 13, 6 ], "rotation": 90, "texture": "#log_birch_top" }
    }
},
{
    "__comment": "wood_pickaxe x16",
    "from": [ 12, 7.5, 7 ],
    "to": [ 15, 8.5, 11 ],
    "faces": {
        "down":  { "uv": [ 12, 11, 15, 7 ], "texture": "#log_birch_top" },
        "up":    { "uv": [ 12, 7, 15, 11 ], "texture": "#log_birch_top" },
        "north": { "uv": [ 15, 7, 12, 8 ], "texture": "#log_birch_top" },
        "south": { "uv": [ 12, 11, 15, 10 ], "texture": "#log_birch_top" },
        "west":  { "uv": [ 12, 7, 13, 11 ], "rotation": 270, "texture": "#log_birch_top" },
        "east":  { "uv": [ 15, 7, 14, 11 ], "rotation": 90, "texture": "#log_birch_top" }
    }
},
{
    "__comment": "wood_pickaxe x16",
    "from": [ 13, 7.5, 11 ],
    "to": [ 14, 8.5, 12 ],
    "faces": {
        "down":  { "uv": [ 13, 12, 14, 11 ], "texture": "#log_birch_top" },
        "up":    { "uv": [ 13, 11, 14, 12 ], "texture": "#log_birch_top" },
        "north": { "uv": [ 14, 11, 13, 12 ], "texture": "#log_birch_top" },
        "south": { "uv": [ 13, 12, 14, 11 ], "texture": "#log_birch_top" },
        "west":  { "uv": [ 13, 11, 14, 12 ], "rotation": 270, "texture": "#log_birch_top" },
        "east":  { "uv": [ 14, 11, 13, 12 ], "rotation": 90, "texture": "#log_birch_top" }
    }
},
{
    "from": [ 4, 7.5, 3 ],
    "to": [ 5, 8.5, 4 ],
    "faces": {
        "down":  { "uv": [ 12, 4, 11, 3 ], "texture": "#log_birch_top" },
        "up":    { "uv": [ 4, 3, 5, 4 ], "texture": "#log_birch_top" },
        "north": { "uv": [ 11, 7.5, 12, 8.5 ], "texture": "#log_birch_top" },
        "south": { "uv": [ 4, 7.5, 5, 8.5 ], "texture": "#log_birch_top" },
        "west":  { "uv": [ 3, 7.5, 4, 8.5 ], "texture": "#log_birch_top" },
        "east":  { "uv": [ 12, 7.5, 13, 8.5 ], "texture": "#log_birch_top" }
    }
},
{
    "from": [ 13, 7.5, 12 ],
    "to": [ 14, 8.5, 13 ],
    "faces": {
        "down":  { "uv": [ 3, 13, 2, 12 ], "texture": "#log_birch_top" },
        "up":    { "uv": [ 13, 12, 14, 13 ], "texture": "#log_birch_top" },
        "north": { "uv": [ 2, 7.5, 3, 8.5 ], "texture": "#log_birch_top" },
        "south": { "uv": [ 13, 7.5, 14, 8.5 ], "texture": "#log_birch_top" },
        "west":  { "uv": [ 12, 7.5, 13, 8.5 ], "texture": "#log_birch_top" },
        "east":  { "uv": [ 3, 7.5, 4, 8.5 ], "texture": "#log_birch_top" }
    }
},
{
    "from": [ 5, 7.5, 2 ],
    "to": [ 6, 8.5, 3 ],
    "faces": {
        "down":  { "uv": [ 11, 3, 10, 2 ], "texture": "#log_birch_top" },
        "up":    { "uv": [ 5, 2, 6, 3 ], "texture": "#log_birch_top" },
        "north": { "uv": [ 10, 7.5, 11, 8.5 ], "texture": "#log_birch_top" },
        "south": { "uv": [ 5, 7.5, 6, 8.5 ], "texture": "#log_birch_top" },
        "west":  { "uv": [ 2, 7.5, 3, 8.5 ], "texture": "#log_birch_top" },
        "east":  { "uv": [ 13, 7.5, 14, 8.5 ], "texture": "#log_birch_top" }
    }
},
{
    "from": [ 14, 7.5, 11 ],
    "to": [ 15, 8.5, 12 ],
    "faces": {
        "down":  { "uv": [ 2, 12, 1, 11 ], "texture": "#log_birch_top" },
        "up":    { "uv": [ 14, 11, 15, 12 ], "texture": "#log_birch_top" },
        "north": { "uv": [ 1, 7.5, 2, 8.5 ], "texture": "#log_birch_top" },
        "south": { "uv": [ 14, 7.5, 15, 8.5 ], "texture": "#log_birch_top" },
        "west":  { "uv": [ 11, 7.5, 12, 8.5 ], "texture": "#log_birch_top" },
        "east":  { "uv": [ 4, 7.5, 5, 8.5 ], "texture": "#log_birch_top" }
    }
},
{
    "from": [ 6, 7.5, 3 ],
    "to": [ 7, 8.5, 4 ],
    "faces": {
        "down":  { "uv": [ 10, 4, 9, 3 ], "texture": "#log_birch_top" },
        "up":    { "uv": [ 6, 3, 7, 4 ], "texture": "#log_birch_top" },
        "north": { "uv": [ 9, 7.5, 10, 8.5 ], "texture": "#log_birch_top" },
        "south": { "uv": [ 6, 7.5, 7, 8.5 ], "texture": "#log_birch_top" },
        "west":  { "uv": [ 3, 7.5, 4, 8.5 ], "texture": "#log_birch_top" },
        "east":  { "uv": [ 12, 7.5, 13, 8.5 ], "texture": "#log_birch_top" }
    }
},
{
    "from": [ 11, 8.5, 3.5 ],
    "to": [ 12, 9.5, 4.5 ],
    "faces": {
        "down":  { "uv": [ 5, 4.5, 4, 3.5 ], "texture": "#log_birch_top" },
        "up":    { "uv": [ 11, 3.5, 12, 4.5 ], "texture": "#log_birch_top" },
        "north": { "uv": [ 4, 6.5, 5, 7.5 ], "texture": "#log_birch_top" },
        "south": { "uv": [ 11, 6.5, 12, 7.5 ], "texture": "#log_birch_top" },
        "west":  { "uv": [ 3.5, 6.5, 4.5, 7.5 ], "texture": "#log_birch_top" },
        "east":  { "uv": [ 11.5, 6.5, 12.5, 7.5 ], "texture": "#log_birch_top" }
    }
},
{
    "from": [ 10, 8.5, 3 ],
    "to": [ 11, 9.5, 4 ],
    "faces": {
        "down":  { "uv": [ 6, 4, 5, 3 ], "texture": "#log_birch_top" },
        "up":    { "uv": [ 10, 3, 11, 4 ], "texture": "#log_birch_top" },
        "north": { "uv": [ 5, 6.5, 6, 7.5 ], "texture": "#log_birch_top" },
        "south": { "uv": [ 10, 6.5, 11, 7.5 ], "texture": "#log_birch_top" },
        "west":  { "uv": [ 3, 6.5, 4, 7.5 ], "texture": "#log_birch_top" },
        "east":  { "uv": [ 12, 6.5, 13, 7.5 ], "texture": "#log_birch_top" }
    }
},
{
    "from": [ 9, 8.5, 3 ],
    "to": [ 10, 9.5, 4 ],
    "faces": {
        "down":  { "uv": [ 7, 4, 6, 3 ], "texture": "#log_birch_top" },
        "up":    { "uv": [ 9, 3, 10, 4 ], "texture": "#log_birch_top" },
        "north": { "uv": [ 6, 6.5, 7, 7.5 ], "texture": "#log_birch_top" },
        "south": { "uv": [ 9, 6.5, 10, 7.5 ], "texture": "#log_birch_top" },
        "west":  { "uv": [ 3, 6.5, 4, 7.5 ], "texture": "#log_birch_top" },
        "east":  { "uv": [ 12, 6.5, 13, 7.5 ], "texture": "#log_birch_top" }
    }
},
{
    "from": [ 8, 8.5, 3 ],
    "to": [ 9, 9.5, 4 ],
    "faces": {
        "down":  { "uv": [ 8, 4, 7, 3 ], "texture": "#log_birch_top" },
        "up":    { "uv": [ 8, 3, 9, 4 ], "texture": "#log_birch_top" },
        "north": { "uv": [ 7, 6.5, 8, 7.5 ], "texture": "#log_birch_top" },
        "south": { "uv": [ 8, 6.5, 9, 7.5 ], "texture": "#log_birch_top" },
        "west":  { "uv": [ 3, 6.5, 4, 7.5 ], "texture": "#log_birch_top" },
        "east":  { "uv": [ 12, 6.5, 13, 7.5 ], "texture": "#log_birch_top" }
    }
},
{
    "from": [ 10, 8.5, 6 ],
    "to": [ 11, 9.5, 7 ],
    "faces": {
        "down":  { "uv": [ 6, 7, 5, 6 ], "texture": "#log_birch_top" },
        "up":    { "uv": [ 10, 6, 11, 7 ], "texture": "#log_birch_top" },
        "north": { "uv": [ 5, 6.5, 6, 7.5 ], "texture": "#log_birch_top" },
        "south": { "uv": [ 10, 6.5, 11, 7.5 ], "texture": "#log_birch_top" },
        "west":  { "uv": [ 6, 6.5, 7, 7.5 ], "texture": "#log_birch_top" },
        "east":  { "uv": [ 9, 6.5, 10, 7.5 ], "texture": "#log_birch_top" }
    }
},
{
    "from": [ 12, 8.5, 4 ],
    "to": [ 13, 9.5, 5 ],
    "faces": {
        "down":  { "uv": [ 4, 5, 3, 4 ], "texture": "#log_birch_top" },
        "up":    { "uv": [ 12, 4, 13, 5 ], "texture": "#log_birch_top" },
        "north": { "uv": [ 3, 6.5, 4, 7.5 ], "texture": "#log_birch_top" },
        "south": { "uv": [ 12, 6.5, 13, 7.5 ], "texture": "#log_birch_top" },
        "west":  { "uv": [ 4, 6.5, 5, 7.5 ], "texture": "#log_birch_top" },
        "east":  { "uv": [ 11, 6.5, 12, 7.5 ], "texture": "#log_birch_top" }
    }
},
{
    "from": [ 6, 8.5, 3 ],
    "to": [ 7, 9.5, 4 ],
    "faces": {
        "down":  { "uv": [ 10, 4, 9, 3 ], "texture": "#log_birch_top" },
        "up":    { "uv": [ 6, 3, 7, 4 ], "texture": "#log_birch_top" },
        "north": { "uv": [ 9, 6.5, 10, 7.5 ], "texture": "#log_birch_top" },
        "south": { "uv": [ 6, 6.5, 7, 7.5 ], "texture": "#log_birch_top" },
        "west":  { "uv": [ 3, 6.5, 4, 7.5 ], "texture": "#log_birch_top" },
        "east":  { "uv": [ 12, 6.5, 13, 7.5 ], "texture": "#log_birch_top" }
    }
},
{
    "from": [ 7, 8.5, 3 ],
    "to": [ 8, 9.5, 4 ],
    "faces": {
        "down":  { "uv": [ 9, 4, 8, 3 ], "texture": "#log_birch_top" },
        "up":    { "uv": [ 7, 3, 8, 4 ], "texture": "#log_birch_top" },
        "north": { "uv": [ 8, 6.5, 9, 7.5 ], "texture": "#log_birch_top" },
        "south": { "uv": [ 7, 6.5, 8, 7.5 ], "texture": "#log_birch_top" },
        "west":  { "uv": [ 3, 6.5, 4, 7.5 ], "texture": "#log_birch_top" },
        "east":  { "uv": [ 12, 6.5, 13, 7.5 ], "texture": "#log_birch_top" }
    }
},
{
    "from": [ 13, 8.5, 6 ],
    "to": [ 14, 9.5, 7 ],
    "faces": {
        "down":  { "uv": [ 3, 7, 2, 6 ], "texture": "#log_birch_top" },
        "up":    { "uv": [ 13, 6, 14, 7 ], "texture": "#log_birch_top" },
        "north": { "uv": [ 2, 6.5, 3, 7.5 ], "texture": "#log_birch_top" },
        "south": { "uv": [ 13, 6.5, 14, 7.5 ], "texture": "#log_birch_top" },
        "west":  { "uv": [ 6, 6.5, 7, 7.5 ], "texture": "#log_birch_top" },
        "east":  { "uv": [ 9, 6.5, 10, 7.5 ], "texture": "#log_birch_top" }
    }
},
{
    "from": [ 13, 8.5, 7 ],
    "to": [ 14, 9.5, 8 ],
    "faces": {
        "down":  { "uv": [ 3, 8, 2, 7 ], "texture": "#log_birch_top" },
        "up":    { "uv": [ 13, 7, 14, 8 ], "texture": "#log_birch_top" },
        "north": { "uv": [ 2, 6.5, 3, 7.5 ], "texture": "#log_birch_top" },
        "south": { "uv": [ 13, 6.5, 14, 7.5 ], "texture": "#log_birch_top" },
        "west":  { "uv": [ 7, 6.5, 8, 7.5 ], "texture": "#log_birch_top" },
        "east":  { "uv": [ 8, 6.5, 9, 7.5 ], "texture": "#log_birch_top" }
    }
},
{
    "from": [ 13, 8.5, 8 ],
    "to": [ 14, 9.5, 9 ],
    "faces": {
        "down":  { "uv": [ 3, 9, 2, 8 ], "texture": "#log_birch_top" },
        "up":    { "uv": [ 13, 8, 14, 9 ], "texture": "#log_birch_top" },
        "north": { "uv": [ 2, 6.5, 3, 7.5 ], "texture": "#log_birch_top" },
        "south": { "uv": [ 13, 6.5, 14, 7.5 ], "texture": "#log_birch_top" },
        "west":  { "uv": [ 8, 6.5, 9, 7.5 ], "texture": "#log_birch_top" },
        "east":  { "uv": [ 7, 6.5, 8, 7.5 ], "texture": "#log_birch_top" }
    }
},
{
    "from": [ 13, 8.5, 9 ],
    "to": [ 14, 9.5, 10 ],
    "faces": {
        "down":  { "uv": [ 3, 10, 2, 9 ], "texture": "#log_birch_top" },
        "up":    { "uv": [ 13, 9, 14, 10 ], "texture": "#log_birch_top" },
        "north": { "uv": [ 2, 6.5, 3, 7.5 ], "texture": "#log_birch_top" },
        "south": { "uv": [ 13, 6.5, 14, 7.5 ], "texture": "#log_birch_top" },
        "west":  { "uv": [ 9, 6.5, 10, 7.5 ], "texture": "#log_birch_top" },
        "east":  { "uv": [ 6, 6.5, 7, 7.5 ], "texture": "#log_birch_top" }
    }
},
{
    "from": [ 13, 8.5, 10 ],
    "to": [ 14, 9.5, 11 ],
    "faces": {
        "down":  { "uv": [ 3, 11, 2, 10 ], "texture": "#log_birch_top" },
        "up":    { "uv": [ 13, 10, 14, 11 ], "texture": "#log_birch_top" },
        "north": { "uv": [ 2, 6.5, 3, 7.5 ], "texture": "#log_birch_top" },
        "south": { "uv": [ 13, 6.5, 14, 7.5 ], "texture": "#log_birch_top" },
        "west":  { "uv": [ 10, 6.5, 11, 7.5 ], "texture": "#log_birch_top" },
        "east":  { "uv": [ 5, 6.5, 6, 7.5 ], "texture": "#log_birch_top" }
    }
},
{
    "from": [ 12.5, 8.5, 5 ],
    "to": [ 13.5, 9.5, 6 ],
    "faces": {
        "down":  { "uv": [ 3.5, 6, 2.5, 5 ], "texture": "#log_birch_top" },
        "up":    { "uv": [ 12.5, 5, 13.5, 6 ], "texture": "#log_birch_top" },
        "north": { "uv": [ 2.5, 6.5, 3.5, 7.5 ], "texture": "#log_birch_top" },
        "south": { "uv": [ 12.5, 6.5, 13.5, 7.5 ], "texture": "#log_birch_top" },
        "west":  { "uv": [ 5, 6.5, 6, 7.5 ], "texture": "#log_birch_top" },
        "east":  { "uv": [ 10, 6.5, 11, 7.5 ], "texture": "#log_birch_top" }
    }
},
{
    "from": [ 12, 8.5, 5.5 ],
    "to": [ 13, 9.5, 6.5 ],
    "faces": {
        "down":  { "uv": [ 4, 6.5, 3, 5.5 ], "texture": "#log_birch_top" },
        "up":    { "uv": [ 12, 5.5, 13, 6.5 ], "texture": "#log_birch_top" },
        "north": { "uv": [ 3, 6.5, 4, 7.5 ], "texture": "#log_birch_top" },
        "south": { "uv": [ 12, 6.5, 13, 7.5 ], "texture": "#log_birch_top" },
        "west":  { "uv": [ 5.5, 6.5, 6.5, 7.5 ], "texture": "#log_birch_top" },
        "east":  { "uv": [ 9.5, 6.5, 10.5, 7.5 ], "texture": "#log_birch_top" }
    }
},
{
    "from": [ 11, 8.5, 5 ],
    "to": [ 12, 9.5, 6 ],
    "faces": {
        "down":  { "uv": [ 5, 6, 4, 5 ], "texture": "#log_birch_top" },
        "up":    { "uv": [ 11, 5, 12, 6 ], "texture": "#log_birch_top" },
        "north": { "uv": [ 4, 6.5, 5, 7.5 ], "texture": "#log_birch_top" },
        "south": { "uv": [ 11, 6.5, 12, 7.5 ], "texture": "#log_birch_top" },
        "west":  { "uv": [ 5, 6.5, 6, 7.5 ], "texture": "#log_birch_top" },
        "east":  { "uv": [ 10, 6.5, 11, 7.5 ], "texture": "#log_birch_top" }
    }
},
{
    "from": [ 10.5, 8.5, 4 ],
    "to": [ 11.5, 9.5, 5 ],
    "faces": {
        "down":  { "uv": [ 5.5, 5, 4.5, 4 ], "texture": "#log_birch_top" },
        "up":    { "uv": [ 10.5, 4, 11.5, 5 ], "texture": "#log_birch_top" },
        "north": { "uv": [ 4.5, 6.5, 5.5, 7.5 ], "texture": "#log_birch_top" },
        "south": { "uv": [ 10.5, 6.5, 11.5, 7.5 ], "texture": "#log_birch_top" },
        "west":  { "uv": [ 4, 6.5, 5, 7.5 ], "texture": "#log_birch_top" },
        "east":  { "uv": [ 11, 6.5, 12, 7.5 ], "texture": "#log_birch_top" }
    }
},
{
    "from": [ 6, 6.5, 3 ],
    "to": [ 7, 7.5, 4 ],
    "faces": {
        "down":  { "uv": [ 10, 4, 9, 3 ], "texture": "#log_birch_top" },
        "up":    { "uv": [ 6, 3, 7, 4 ], "texture": "#log_birch_top" },
        "north": { "uv": [ 9, 8.5, 10, 9.5 ], "texture": "#log_birch_top" },
        "south": { "uv": [ 6, 8.5, 7, 9.5 ], "texture": "#log_birch_top" },
        "west":  { "uv": [ 3, 8.5, 4, 9.5 ], "texture": "#log_birch_top" },
        "east":  { "uv": [ 12, 8.5, 13, 9.5 ], "texture": "#log_birch_top" }
    }
},
{
    "from": [ 7, 6.5, 3 ],
    "to": [ 8, 7.5, 4 ],
    "faces": {
        "down":  { "uv": [ 9, 4, 8, 3 ], "texture": "#log_birch_top" },
        "up":    { "uv": [ 7, 3, 8, 4 ], "texture": "#log_birch_top" },
        "north": { "uv": [ 8, 8.5, 9, 9.5 ], "texture": "#log_birch_top" },
        "south": { "uv": [ 7, 8.5, 8, 9.5 ], "texture": "#log_birch_top" },
        "west":  { "uv": [ 3, 8.5, 4, 9.5 ], "texture": "#log_birch_top" },
        "east":  { "uv": [ 12, 8.5, 13, 9.5 ], "texture": "#log_birch_top" }
    }
},
{
    "from": [ 8, 6.5, 3 ],
    "to": [ 9, 7.5, 4 ],
    "faces": {
        "down":  { "uv": [ 8, 4, 7, 3 ], "texture": "#log_birch_top" },
        "up":    { "uv": [ 8, 3, 9, 4 ], "texture": "#log_birch_top" },
        "north": { "uv": [ 7, 8.5, 8, 9.5 ], "texture": "#log_birch_top" },
        "south": { "uv": [ 8, 8.5, 9, 9.5 ], "texture": "#log_birch_top" },
        "west":  { "uv": [ 3, 8.5, 4, 9.5 ], "texture": "#log_birch_top" },
        "east":  { "uv": [ 12, 8.5, 13, 9.5 ], "texture": "#log_birch_top" }
    }
},
{
    "from": [ 9, 6.5, 3 ],
    "to": [ 10, 7.5, 4 ],
    "faces": {
        "down":  { "uv": [ 7, 4, 6, 3 ], "texture": "#log_birch_top" },
        "up":    { "uv": [ 9, 3, 10, 4 ], "texture": "#log_birch_top" },
        "north": { "uv": [ 6, 8.5, 7, 9.5 ], "texture": "#log_birch_top" },
        "south": { "uv": [ 9, 8.5, 10, 9.5 ], "texture": "#log_birch_top" },
        "west":  { "uv": [ 3, 8.5, 4, 9.5 ], "texture": "#log_birch_top" },
        "east":  { "uv": [ 12, 8.5, 13, 9.5 ], "texture": "#log_birch_top" }
    }
},
{
    "from": [ 10, 6.5, 3 ],
    "to": [ 11, 7.5, 4 ],
    "faces": {
        "down":  { "uv": [ 6, 4, 5, 3 ], "texture": "#log_birch_top" },
        "up":    { "uv": [ 10, 3, 11, 4 ], "texture": "#log_birch_top" },
        "north": { "uv": [ 5, 8.5, 6, 9.5 ], "texture": "#log_birch_top" },
        "south": { "uv": [ 10, 8.5, 11, 9.5 ], "texture": "#log_birch_top" },
        "west":  { "uv": [ 3, 8.5, 4, 9.5 ], "texture": "#log_birch_top" },
        "east":  { "uv": [ 12, 8.5, 13, 9.5 ], "texture": "#log_birch_top" }
    }
},
{
    "from": [ 11, 6.5, 3.5 ],
    "to": [ 12, 7.5, 4.5 ],
    "faces": {
        "down":  { "uv": [ 5, 4.5, 4, 3.5 ], "texture": "#log_birch_top" },
        "up":    { "uv": [ 11, 3.5, 12, 4.5 ], "texture": "#log_birch_top" },
        "north": { "uv": [ 4, 8.5, 5, 9.5 ], "texture": "#log_birch_top" },
        "south": { "uv": [ 11, 8.5, 12, 9.5 ], "texture": "#log_birch_top" },
        "west":  { "uv": [ 3.5, 8.5, 4.5, 9.5 ], "texture": "#log_birch_top" },
        "east":  { "uv": [ 11.5, 8.5, 12.5, 9.5 ], "texture": "#log_birch_top" }
    }
},
{
    "from": [ 12, 6.5, 4 ],
    "to": [ 13, 7.5, 5 ],
    "faces": {
        "down":  { "uv": [ 4, 5, 3, 4 ], "texture": "#log_birch_top" },
        "up":    { "uv": [ 12, 4, 13, 5 ], "texture": "#log_birch_top" },
        "north": { "uv": [ 3, 8.5, 4, 9.5 ], "texture": "#log_birch_top" },
        "south": { "uv": [ 12, 8.5, 13, 9.5 ], "texture": "#log_birch_top" },
        "west":  { "uv": [ 4, 8.5, 5, 9.5 ], "texture": "#log_birch_top" },
        "east":  { "uv": [ 11, 8.5, 12, 9.5 ], "texture": "#log_birch_top" }
    }
},
{
    "from": [ 12.5, 6.5, 5 ],
    "to": [ 13.5, 7.5, 6 ],
    "faces": {
        "down":  { "uv": [ 3.5, 6, 2.5, 5 ], "texture": "#log_birch_top" },
        "up":    { "uv": [ 12.5, 5, 13.5, 6 ], "texture": "#log_birch_top" },
        "north": { "uv": [ 2.5, 8.5, 3.5, 9.5 ], "texture": "#log_birch_top" },
        "south": { "uv": [ 12.5, 8.5, 13.5, 9.5 ], "texture": "#log_birch_top" },
        "west":  { "uv": [ 5, 8.5, 6, 9.5 ], "texture": "#log_birch_top" },
        "east":  { "uv": [ 10, 8.5, 11, 9.5 ], "texture": "#log_birch_top" }
    }
},
{
    "from": [ 13, 6.5, 6 ],
    "to": [ 14, 7.5, 7 ],
    "faces": {
        "down":  { "uv": [ 3, 7, 2, 6 ], "texture": "#log_birch_top" },
        "up":    { "uv": [ 13, 6, 14, 7 ], "texture": "#log_birch_top" },
        "north": { "uv": [ 2, 8.5, 3, 9.5 ], "texture": "#log_birch_top" },
        "south": { "uv": [ 13, 8.5, 14, 9.5 ], "texture": "#log_birch_top" },
        "west":  { "uv": [ 6, 8.5, 7, 9.5 ], "texture": "#log_birch_top" },
        "east":  { "uv": [ 9, 8.5, 10, 9.5 ], "texture": "#log_birch_top" }
    }
},
{
    "from": [ 12, 6.5, 5 ],
    "to": [ 13, 7.5, 6 ],
    "faces": {
        "down":  { "uv": [ 4, 6, 3, 5 ], "texture": "#log_birch_top" },
        "up":    { "uv": [ 12, 5, 13, 6 ], "texture": "#log_birch_top" },
        "north": { "uv": [ 3, 8.5, 4, 9.5 ], "texture": "#log_birch_top" },
        "south": { "uv": [ 12, 8.5, 13, 9.5 ], "texture": "#log_birch_top" },
        "west":  { "uv": [ 5, 8.5, 6, 9.5 ], "texture": "#log_birch_top" },
        "east":  { "uv": [ 10, 8.5, 11, 9.5 ], "texture": "#log_birch_top" }
    }
},
{
    "from": [ 11, 6.5, 4.5 ],
    "to": [ 12, 7.5, 5.5 ],
    "faces": {
        "down":  { "uv": [ 5, 5.5, 4, 4.5 ], "texture": "#log_birch_top" },
        "up":    { "uv": [ 11, 4.5, 12, 5.5 ], "texture": "#log_birch_top" },
        "north": { "uv": [ 4, 8.5, 5, 9.5 ], "texture": "#log_birch_top" },
        "south": { "uv": [ 11, 8.5, 12, 9.5 ], "texture": "#log_birch_top" },
        "west":  { "uv": [ 4.5, 8.5, 5.5, 9.5 ], "texture": "#log_birch_top" },
        "east":  { "uv": [ 10.5, 8.5, 11.5, 9.5 ], "texture": "#log_birch_top" }
    }
},
{
    "from": [ 13, 6.5, 10 ],
    "to": [ 14, 7.5, 11 ],
    "faces": {
        "down":  { "uv": [ 3, 11, 2, 10 ], "texture": "#log_birch_top" },
        "up":    { "uv": [ 13, 10, 14, 11 ], "texture": "#log_birch_top" },
        "north": { "uv": [ 2, 8.5, 3, 9.5 ], "texture": "#log_birch_top" },
        "south": { "uv": [ 13, 8.5, 14, 9.5 ], "texture": "#log_birch_top" },
        "west":  { "uv": [ 10, 8.5, 11, 9.5 ], "texture": "#log_birch_top" },
        "east":  { "uv": [ 5, 8.5, 6, 9.5 ], "texture": "#log_birch_top" }
    }
},
{
    "from": [ 13, 6.5, 8 ],
    "to": [ 14, 7.5, 9 ],
    "faces": {
        "down":  { "uv": [ 3, 9, 2, 8 ], "texture": "#log_birch_top" },
        "up":    { "uv": [ 13, 8, 14, 9 ], "texture": "#log_birch_top" },
        "north": { "uv": [ 2, 8.5, 3, 9.5 ], "texture": "#log_birch_top" },
        "south": { "uv": [ 13, 8.5, 14, 9.5 ], "texture": "#log_birch_top" },
        "west":  { "uv": [ 8, 8.5, 9, 9.5 ], "texture": "#log_birch_top" },
        "east":  { "uv": [ 7, 8.5, 8, 9.5 ], "texture": "#log_birch_top" }
    }
},
{
    "from": [ 13, 6.5, 7 ],
    "to": [ 14, 7.5, 8 ],
    "faces": {
        "down":  { "uv": [ 3, 8, 2, 7 ], "texture": "#log_birch_top" },
        "up":    { "uv": [ 13, 7, 14, 8 ], "texture": "#log_birch_top" },
        "north": { "uv": [ 2, 8.5, 3, 9.5 ], "texture": "#log_birch_top" },
        "south": { "uv": [ 13, 8.5, 14, 9.5 ], "texture": "#log_birch_top" },
        "west":  { "uv": [ 7, 8.5, 8, 9.5 ], "texture": "#log_birch_top" },
        "east":  { "uv": [ 8, 8.5, 9, 9.5 ], "texture": "#log_birch_top" }
    }
},
{
    "from": [ 13, 6.5, 9 ],
    "to": [ 14, 7.5, 10 ],
    "faces": {
        "down":  { "uv": [ 3, 10, 2, 9 ], "texture": "#log_birch_top" },
        "up":    { "uv": [ 13, 9, 14, 10 ], "texture": "#log_birch_top" },
        "north": { "uv": [ 2, 8.5, 3, 9.5 ], "texture": "#log_birch_top" },
        "south": { "uv": [ 13, 8.5, 14, 9.5 ], "texture": "#log_birch_top" },
        "west":  { "uv": [ 9, 8.5, 10, 9.5 ], "texture": "#log_birch_top" },
        "east":  { "uv": [ 6, 8.5, 7, 9.5 ], "texture": "#log_birch_top" }
    }
},
{
    "from": [ 11.5, 6.5, 5 ],
    "to": [ 12.5, 7.5, 6 ],
    "faces": {
        "down":  { "uv": [ 4.5, 6, 3.5, 5 ], "texture": "#log_birch_top" },
        "up":    { "uv": [ 11.5, 5, 12.5, 6 ], "texture": "#log_birch_top" },
        "north": { "uv": [ 3.5, 8.5, 4.5, 9.5 ], "texture": "#log_birch_top" },
        "south": { "uv": [ 11.5, 8.5, 12.5, 9.5 ], "texture": "#log_birch_top" },
        "west":  { "uv": [ 5, 8.5, 6, 9.5 ], "texture": "#log_birch_top" },
        "east":  { "uv": [ 10, 8.5, 11, 9.5 ], "texture": "#log_birch_top" }
    }
},
{
    "from": [ 10.5, 6.5, 4 ],
    "to": [ 11.5, 7.5, 5 ],
    "faces": {
        "down":  { "uv": [ 5.5, 5, 4.5, 4 ], "texture": "#log_birch_top" },
        "up":    { "uv": [ 10.5, 4, 11.5, 5 ], "texture": "#log_birch_top" },
        "north": { "uv": [ 4.5, 8.5, 5.5, 9.5 ], "texture": "#log_birch_top" },
        "south": { "uv": [ 10.5, 8.5, 11.5, 9.5 ], "texture": "#log_birch_top" },
        "west":  { "uv": [ 4, 8.5, 5, 9.5 ], "texture": "#log_birch_top" },
        "east":  { "uv": [ 11, 8.5, 12, 9.5 ], "texture": "#log_birch_top" }
    }
},
{
    "from": [ 11.5, 8.5, 4.5 ],
    "to": [ 12.5, 9.5, 5.5 ],
    "faces": {
        "down":  { "uv": [ 4.5, 5.5, 3.5, 4.5 ], "texture": "#log_birch_top" },
        "up":    { "uv": [ 11.5, 4.5, 12.5, 5.5 ], "texture": "#log_birch_top" },
        "north": { "uv": [ 3.5, 6.5, 4.5, 7.5 ], "texture": "#log_birch_top" },
        "south": { "uv": [ 11.5, 6.5, 12.5, 7.5 ], "texture": "#log_birch_top" },
        "west":  { "uv": [ 4.5, 6.5, 5.5, 7.5 ], "texture": "#log_birch_top" },
        "east":  { "uv": [ 10.5, 6.5, 11.5, 7.5 ], "texture": "#log_birch_top" }
    }
},
{
    "from": [ 7, 8.5, 9 ],
    "to": [ 8, 9.5, 10 ],
    "faces": {
        "down":  { "uv": [ 9, 10, 8, 9 ], "texture": "#log_oak" },
        "up":    { "uv": [ 7, 9, 8, 10 ], "texture": "#log_oak" },
        "north": { "uv": [ 8, 6.5, 9, 7.5 ], "texture": "#log_oak" },
        "south": { "uv": [ 7, 6.5, 8, 7.5 ], "texture": "#log_oak" },
        "west":  { "uv": [ 9, 6.5, 10, 7.5 ], "texture": "#log_oak" },
        "east":  { "uv": [ 6, 6.5, 7, 7.5 ], "texture": "#log_oak" }
    }
},
{
    "from": [ 6, 8.5, 10 ],
    "to": [ 7, 9.5, 11 ],
    "faces": {
        "down":  { "uv": [ 10, 11, 9, 10 ], "texture": "#log_oak" },
        "up":    { "uv": [ 6, 10, 7, 11 ], "texture": "#log_oak" },
        "north": { "uv": [ 9, 6.5, 10, 7.5 ], "texture": "#log_oak" },
        "south": { "uv": [ 6, 6.5, 7, 7.5 ], "texture": "#log_oak" },
        "west":  { "uv": [ 10, 6.5, 11, 7.5 ], "texture": "#log_oak" },
        "east":  { "uv": [ 5, 6.5, 6, 7.5 ], "texture": "#log_oak" }
    }
},
{
    "from": [ 5, 8.5, 11 ],
    "to": [ 6, 9.5, 12 ],
    "faces": {
        "down":  { "uv": [ 11, 12, 10, 11 ], "texture": "#log_oak" },
        "up":    { "uv": [ 5, 11, 6, 12 ], "texture": "#log_oak" },
        "north": { "uv": [ 10, 6.5, 11, 7.5 ], "texture": "#log_oak" },
        "south": { "uv": [ 5, 6.5, 6, 7.5 ], "texture": "#log_oak" },
        "west":  { "uv": [ 11, 6.5, 12, 7.5 ], "texture": "#log_oak" },
        "east":  { "uv": [ 4, 6.5, 5, 7.5 ], "texture": "#log_oak" }
    }
},
{
    "from": [ 9, 8.5, 7 ],
    "to": [ 10, 9.5, 8 ],
    "faces": {
        "down":  { "uv": [ 7, 8, 6, 7 ], "texture": "#log_oak" },
        "up":    { "uv": [ 9, 7, 10, 8 ], "texture": "#log_oak" },
        "north": { "uv": [ 6, 6.5, 7, 7.5 ], "texture": "#log_oak" },
        "south": { "uv": [ 9, 6.5, 10, 7.5 ], "texture": "#log_oak" },
        "west":  { "uv": [ 7, 6.5, 8, 7.5 ], "texture": "#log_oak" },
        "east":  { "uv": [ 8, 6.5, 9, 7.5 ], "texture": "#log_oak" }
    }
},
{
    "from": [ 8, 8.5, 8 ],
    "to": [ 9, 9.5, 9 ],
    "faces": {
        "down":  { "uv": [ 8, 9, 7, 8 ], "texture": "#log_oak" },
        "up":    { "uv": [ 8, 8, 9, 9 ], "texture": "#log_oak" },
        "north": { "uv": [ 7, 6.5, 8, 7.5 ], "texture": "#log_oak" },
        "south": { "uv": [ 8, 6.5, 9, 7.5 ], "texture": "#log_oak" },
        "west":  { "uv": [ 8, 6.5, 9, 7.5 ], "texture": "#log_oak" },
        "east":  { "uv": [ 7, 6.5, 8, 7.5 ], "texture": "#log_oak" }
    }
},
{
    "from": [ 3, 8.5, 13 ],
    "to": [ 4, 9.5, 14 ],
    "faces": {
        "down":  { "uv": [ 13, 14, 12, 13 ], "texture": "#log_oak" },
        "up":    { "uv": [ 3, 13, 4, 14 ], "texture": "#log_oak" },
        "north": { "uv": [ 12, 6.5, 13, 7.5 ], "texture": "#log_oak" },
        "south": { "uv": [ 3, 6.5, 4, 7.5 ], "texture": "#log_oak" },
        "west":  { "uv": [ 13, 6.5, 14, 7.5 ], "texture": "#log_oak" },
        "east":  { "uv": [ 2, 6.5, 3, 7.5 ], "texture": "#log_oak" }
    }
},
{
    "from": [ 2, 8.5, 13 ],
    "to": [ 3, 9.5, 14 ],
    "faces": {
        "down":  { "uv": [ 14, 14, 13, 13 ], "texture": "#log_oak" },
        "up":    { "uv": [ 2, 13, 3, 14 ], "texture": "#log_oak" },
        "north": { "uv": [ 13, 6.5, 14, 7.5 ], "texture": "#log_oak" },
        "south": { "uv": [ 2, 6.5, 3, 7.5 ], "texture": "#log_oak" },
        "west":  { "uv": [ 13, 6.5, 14, 7.5 ], "texture": "#log_oak" },
        "east":  { "uv": [ 2, 6.5, 3, 7.5 ], "texture": "#log_oak" }
    }
},
{
    "from": [ 4, 8.5, 12 ],
    "to": [ 5, 9.5, 13 ],
    "faces": {
        "down":  { "uv": [ 12, 13, 11, 12 ], "texture": "#log_oak" },
        "up":    { "uv": [ 4, 12, 5, 13 ], "texture": "#log_oak" },
        "north": { "uv": [ 11, 6.5, 12, 7.5 ], "texture": "#log_oak" },
        "south": { "uv": [ 4, 6.5, 5, 7.5 ], "texture": "#log_oak" },
        "west":  { "uv": [ 12, 6.5, 13, 7.5 ], "texture": "#log_oak" },
        "east":  { "uv": [ 3, 6.5, 4, 7.5 ], "texture": "#log_oak" }
    }
},
{
    "from": [ 3, 8.5, 14 ],
    "to": [ 4, 9.5, 15 ],
    "faces": {
        "down":  { "uv": [ 13, 15, 12, 14 ], "texture": "#log_oak" },
        "up":    { "uv": [ 3, 14, 4, 15 ], "texture": "#log_oak" },
        "north": { "uv": [ 12, 6.5, 13, 7.5 ], "texture": "#log_oak" },
        "south": { "uv": [ 3, 6.5, 4, 7.5 ], "texture": "#log_oak" },
        "west":  { "uv": [ 14, 6.5, 15, 7.5 ], "texture": "#log_oak" },
        "east":  { "uv": [ 1, 6.5, 2, 7.5 ], "texture": "#log_oak" }
    }
},
{
    "from": [ 8, 6.5, 8 ],
    "to": [ 9, 7.5, 9 ],
    "faces": {
        "down":  { "uv": [ 8, 9, 7, 8 ], "texture": "#log_oak" },
        "up":    { "uv": [ 8, 8, 9, 9 ], "texture": "#log_oak" },
        "north": { "uv": [ 7, 8.5, 8, 9.5 ], "texture": "#log_oak" },
        "south": { "uv": [ 8, 8.5, 9, 9.5 ], "texture": "#log_oak" },
        "west":  { "uv": [ 8, 8.5, 9, 9.5 ], "texture": "#log_oak" },
        "east":  { "uv": [ 7, 8.5, 8, 9.5 ], "texture": "#log_oak" }
    }
},
{
    "from": [ 3, 6.5, 13 ],
    "to": [ 4, 7.5, 14 ],
    "faces": {
        "down":  { "uv": [ 13, 14, 12, 13 ], "texture": "#log_oak" },
        "up":    { "uv": [ 3, 13, 4, 14 ], "texture": "#log_oak" },
        "north": { "uv": [ 12, 8.5, 13, 9.5 ], "texture": "#log_oak" },
        "south": { "uv": [ 3, 8.5, 4, 9.5 ], "texture": "#log_oak" },
        "west":  { "uv": [ 13, 8.5, 14, 9.5 ], "texture": "#log_oak" },
        "east":  { "uv": [ 2, 8.5, 3, 9.5 ], "texture": "#log_oak" }
    }
},
{
    "from": [ 12, 6.5, 5.5 ],
    "to": [ 13, 7.5, 6.5 ],
    "faces": {
        "down":  { "uv": [ 4, 6.5, 3, 5.5 ], "texture": "#log_birch_top" },
        "up":    { "uv": [ 12, 5.5, 13, 6.5 ], "texture": "#log_birch_top" },
        "north": { "uv": [ 3, 8.5, 4, 9.5 ], "texture": "#log_birch_top" },
        "south": { "uv": [ 12, 8.5, 13, 9.5 ], "texture": "#log_birch_top" },
        "west":  { "uv": [ 5.5, 8.5, 6.5, 9.5 ], "texture": "#log_birch_top" },
        "east":  { "uv": [ 9.5, 8.5, 10.5, 9.5 ], "texture": "#log_birch_top" }
    }
},
{
    "from": [ 7, 6.5, 9 ],
    "to": [ 8, 7.5, 10 ],
    "faces": {
        "down":  { "uv": [ 9, 10, 8, 9 ], "texture": "#log_oak" },
        "up":    { "uv": [ 7, 9, 8, 10 ], "texture": "#log_oak" },
        "north": { "uv": [ 8, 8.5, 9, 9.5 ], "texture": "#log_oak" },
        "south": { "uv": [ 7, 8.5, 8, 9.5 ], "texture": "#log_oak" },
        "west":  { "uv": [ 9, 8.5, 10, 9.5 ], "texture": "#log_oak" },
        "east":  { "uv": [ 6, 8.5, 7, 9.5 ], "texture": "#log_oak" }
    }
},
{
    "from": [ 11, 6.5, 5 ],
    "to": [ 12, 7.5, 6 ],
    "faces": {
        "down":  { "uv": [ 5, 6, 4, 5 ], "texture": "#log_birch_top" },
        "up":    { "uv": [ 11, 5, 12, 6 ], "texture": "#log_birch_top" },
        "north": { "uv": [ 4, 8.5, 5, 9.5 ], "texture": "#log_birch_top" },
        "south": { "uv": [ 11, 8.5, 12, 9.5 ], "texture": "#log_birch_top" },
        "west":  { "uv": [ 5, 8.5, 6, 9.5 ], "texture": "#log_birch_top" },
        "east":  { "uv": [ 10, 8.5, 11, 9.5 ], "texture": "#log_birch_top" }
    }
},
{
    "from": [ 5, 6.5, 11 ],
    "to": [ 6, 7.5, 12 ],
    "faces": {
        "down":  { "uv": [ 11, 12, 10, 11 ], "texture": "#log_oak" },
        "up":    { "uv": [ 5, 11, 6, 12 ], "texture": "#log_oak" },
        "north": { "uv": [ 10, 8.5, 11, 9.5 ], "texture": "#log_oak" },
        "south": { "uv": [ 5, 8.5, 6, 9.5 ], "texture": "#log_oak" },
        "west":  { "uv": [ 11, 8.5, 12, 9.5 ], "texture": "#log_oak" },
        "east":  { "uv": [ 4, 8.5, 5, 9.5 ], "texture": "#log_oak" }
    }
},
{
    "from": [ 4, 6.5, 12 ],
    "to": [ 5, 7.5, 13 ],
    "faces": {
        "down":  { "uv": [ 12, 13, 11, 12 ], "texture": "#log_oak" },
        "up":    { "uv": [ 4, 12, 5, 13 ], "texture": "#log_oak" },
        "north": { "uv": [ 11, 8.5, 12, 9.5 ], "texture": "#log_oak" },
        "south": { "uv": [ 4, 8.5, 5, 9.5 ], "texture": "#log_oak" },
        "west":  { "uv": [ 12, 8.5, 13, 9.5 ], "texture": "#log_oak" },
        "east":  { "uv": [ 3, 8.5, 4, 9.5 ], "texture": "#log_oak" }
    }
},
{
    "from": [ 6, 6.5, 10 ],
    "to": [ 7, 7.5, 11 ],
    "faces": {
        "down":  { "uv": [ 10, 11, 9, 10 ], "texture": "#log_oak" },
        "up":    { "uv": [ 6, 10, 7, 11 ], "texture": "#log_oak" },
        "north": { "uv": [ 9, 8.5, 10, 9.5 ], "texture": "#log_oak" },
        "south": { "uv": [ 6, 8.5, 7, 9.5 ], "texture": "#log_oak" },
        "west":  { "uv": [ 10, 8.5, 11, 9.5 ], "texture": "#log_oak" },
        "east":  { "uv": [ 5, 8.5, 6, 9.5 ], "texture": "#log_oak" }
    }
},
{
    "from": [ 9, 6.5, 7 ],
    "to": [ 10, 7.5, 8 ],
    "faces": {
        "down":  { "uv": [ 7, 8, 6, 7 ], "texture": "#log_oak" },
        "up":    { "uv": [ 9, 7, 10, 8 ], "texture": "#log_oak" },
        "north": { "uv": [ 6, 8.5, 7, 9.5 ], "texture": "#log_oak" },
        "south": { "uv": [ 9, 8.5, 10, 9.5 ], "texture": "#log_oak" },
        "west":  { "uv": [ 7, 8.5, 8, 9.5 ], "texture": "#log_oak" },
        "east":  { "uv": [ 8, 8.5, 9, 9.5 ], "texture": "#log_oak" }
    }
},
{
    "from": [ 2, 6.5, 13 ],
    "to": [ 3, 7.5, 14 ],
    "faces": {
        "down":  { "uv": [ 14, 14, 13, 13 ], "texture": "#log_oak" },
        "up":    { "uv": [ 2, 13, 3, 14 ], "texture": "#log_oak" },
        "north": { "uv": [ 13, 8.5, 14, 9.5 ], "texture": "#log_oak" },
        "south": { "uv": [ 2, 8.5, 3, 9.5 ], "texture": "#log_oak" },
        "west":  { "uv": [ 13, 8.5, 14, 9.5 ], "texture": "#log_oak" },
        "east":  { "uv": [ 2, 8.5, 3, 9.5 ], "texture": "#log_oak" }
    }
},
{
    "from": [ 10, 6.5, 6 ],
    "to": [ 11, 7.5, 7 ],
    "faces": {
        "down":  { "uv": [ 6, 7, 5, 6 ], "texture": "#log_oak" },
        "up":    { "uv": [ 10, 6, 11, 7 ], "texture": "#log_oak" },
        "north": { "uv": [ 5, 8.5, 6, 9.5 ], "texture": "#log_oak" },
        "south": { "uv": [ 10, 8.5, 11, 9.5 ], "texture": "#log_oak" },
        "west":  { "uv": [ 6, 8.5, 7, 9.5 ], "texture": "#log_oak" },
        "east":  { "uv": [ 9, 8.5, 10, 9.5 ], "texture": "#log_oak" }
    }
},
{
    "from": [ 3, 6.5, 14 ],
    "to": [ 4, 7.5, 15 ],
    "faces": {
        "down":  { "uv": [ 13, 15, 12, 14 ], "texture": "#log_oak" },
        "up":    { "uv": [ 3, 14, 4, 15 ], "texture": "#log_oak" },
        "north": { "uv": [ 12, 8.5, 13, 9.5 ], "texture": "#log_oak" },
        "south": { "uv": [ 3, 8.5, 4, 9.5 ], "texture": "#log_oak" },
        "west":  { "uv": [ 14, 8.5, 15, 9.5 ], "texture": "#log_oak" },
        "east":  { "uv": [ 1, 8.5, 2, 9.5 ], "texture": "#log_oak" }
    }
}
],
"display": {
    "thirdperson_righthand": {
        "rotation": [ 60, 1, 88 ],
        "translation": [ 0, 4.16, 3.4 ],
        "scale": [ 1.5, 1, 1.5 ]
    },
    "thirdperson_lefthand": {
        "rotation": [ 60, 1, -88 ],
        "translation": [ 0, 4.16, 3.4 ],
        "scale": [ 1.5, 1, 1.5 ]
    },
    "firstperson_righthand": {
        "rotation": [ 120, 1, -88 ],
        "translation": [ -1.7, 5.29, 1.32 ],
        "scale": [ 1.25, 1, 1.25 ]
    },
    "firstperson_lefthand": {
        "rotation": [ 120, 1, 88 ],
        "translation": [ -1.7, 5.29, 1.32 ],
        "scale": [ 1.25, 1, 1.25 ]
    },
    "gui": {
        "rotation": [ 90, 90, -38 ],
        "translation": [ 0, 0, 0 ],
        "scale": [ 1.2, 1, 1.2 ]
    }
}
}