{
    "parent": "item/bow/bow1",
    "overrides": [
    {"predicate": {"damaged": 0, "damage": 0.0025974025974}, "model": "item/bow/bow2"},
    {"predicate": {"damaged": 0, "damage": 0.0051948051948}, "model": "item/bow/bow3"},
    {"predicate": {"damaged": 0, "damage": 0.0077922077922}, "model": "item/bow/bow4"},
    {"predicate": {"damaged": 0, "damage": 0.0103896103896}, "model": "item/bow/bow5"},
    {"predicate": {"damaged": 0, "damage": 0.0130208333333}, "model": "item/bow/bow6"},
    {"predicate": {"damaged": 0, "damage": 0.015625}, "model": "item/bow/bow7"},
    {"predicate": {"damaged": 0, "damage": 0.0182291666667}, "model": "item/bow/bow8"}
    ]
}