{
  "parent": "item/handheld",
  "textures": {
    "layer0": "items/wood_hoe"
  },
  "overrides": [
    {"predicate": {"damaged": 0, "damage": 0.0166666666667}, "model": "item/woodhoe/01"},
    {"predicate": {"damaged": 0, "damage": 0.0333333333333}, "model": "item/woodhoe/02"},
    {"predicate": {"damaged": 0, "damage": 0.05}, "model": "item/woodhoe/03"},
    {"predicate": {"damaged": 0, "damage": 0.0666666666667}, "model": "item/woodhoe/04"},
    {"predicate": {"damaged": 0, "damage": 0.0833333333333}, "model": "item/woodhoe/05"},
    {"predicate": {"damaged": 0, "damage": 0.1}, "model": "item/woodhoe/06"},
    {"predicate": {"damaged": 0, "damage": 0.1166666666667}, "model": "item/woodhoe/07"},
    {"predicate": {"damaged": 0, "damage": 0.1333333333333}, "model": "item/woodhoe/08"},
    {"predicate": {"damaged": 0, "damage": 0.15}, "model": "item/woodhoe/09"},
    {"predicate": {"damaged": 0, "damage": 0.1666666666667}, "model": "item/woodhoe/10"},
    {"predicate": {"damaged": 0, "damage": 0.1833333333333}, "model": "item/woodhoe/11"},
    {"predicate": {"damaged": 0, "damage": 0.2}, "model": "item/woodhoe/12"},
    {"predicate": {"damaged": 0, "damage": 0.2166666666667}, "model": "item/woodhoe/13"},
    {"predicate": {"damaged": 0, "damage": 0.2333333333333}, "model": "item/woodhoe/14"},
    {"predicate": {"damaged": 0, "damage": 0.25}, "model": "item/woodhoe/15"},
    {"predicate": {"damaged": 0, "damage": 0.2666666666667}, "model": "item/woodhoe/16"},
    {"predicate": {"damaged": 0, "damage": 0.2833333333333}, "model": "item/woodhoe/17"},
    {"predicate": {"damaged": 0, "damage": 0.3}, "model": "item/woodhoe/18"},
    {"predicate": {"damaged": 0, "damage": 0.3166666666667}, "model": "item/woodhoe/19"},
    {"predicate": {"damaged": 0, "damage": 0.3333333333333}, "model": "item/woodhoe/20"},
    {"predicate": {"damaged": 0, "damage": 0.35}, "model": "item/woodhoe/21"},
    {"predicate": {"damaged": 0, "damage": 0.3666666666667}, "model": "item/woodhoe/22"},
    {"predicate": {"damaged": 0, "damage": 0.3833333333333}, "model": "item/woodhoe/23"},
    {"predicate": {"damaged": 0, "damage": 0.4}, "model": "item/woodhoe/24"},
    {"predicate": {"damaged": 0, "damage": 0.4166666666667}, "model": "item/woodhoe/25"},
    {"predicate": {"damaged": 0, "damage": 0.4333333333333}, "model": "item/woodhoe/26"},
    {"predicate": {"damaged": 0, "damage": 0.45}, "model": "item/woodhoe/27"},
    {"predicate": {"damaged": 0, "damage": 0.4666666666667}, "model": "item/woodhoe/28"},
    {"predicate": {"damaged": 0, "damage": 0.4833333333333}, "model": "item/woodhoe/29"},
    {"predicate": {"damaged": 0, "damage": 0.5}, "model": "item/woodhoe/30"},
    {"predicate": {"damaged": 0, "damage": 0.5166666666667}, "model": "item/woodhoe/31"},
    {"predicate": {"damaged": 0, "damage": 0.5333333333334}, "model": "item/woodhoe/32"},
    {"predicate": {"damaged": 0, "damage": 0.5500000000001}, "model": "item/woodhoe/33"},
    {"predicate": {"damaged": 0, "damage": 0.5666666666668}, "model": "item/woodhoe/34"},
    {"predicate": {"damaged": 0, "damage": 0.5833333333335}, "model": "item/woodhoe/35"},
    {"predicate": {"damaged": 0, "damage": 0.6000000000002}, "model": "item/woodhoe/36"},
    {"predicate": {"damaged": 0, "damage": 0.6166666666669}, "model": "item/woodhoe/37"},
    {"predicate": {"damaged": 0, "damage": 0.6333333333336}, "model": "item/woodhoe/38"},
    {"predicate": {"damaged": 0, "damage": 0.6500000000003}, "model": "item/woodhoe/39"},
    {"predicate": {"damaged": 0, "damage": 0.666666666667}, "model": "item/woodhoe/40"},
    {"predicate": {"damaged": 0, "damage": 0.6833333333337}, "model": "item/woodhoe/41"},
    {"predicate": {"damaged": 0, "damage": 0.7000000000004}, "model": "item/woodhoe/42"},
    {"predicate": {"damaged": 0, "damage": 0.7166666666671}, "model": "item/woodhoe/43"},
    {"predicate": {"damaged": 0, "damage": 0.7333333333338}, "model": "item/woodhoe/44"},
    {"predicate": {"damaged": 0, "damage": 0.7500000000005}, "model": "item/woodhoe/45"},
    {"predicate": {"damaged": 0, "damage": 0.7666666666672}, "model": "item/woodhoe/46"},
    {"predicate": {"damaged": 0, "damage": 0.7833333333339}, "model": "item/woodhoe/48"},
    {"predicate": {"damaged": 0, "damage": 0.8000000000006}, "model": "item/woodhoe/49"},
    {"predicate": {"damaged": 0, "damage": 0.8166666666673}, "model": "item/woodhoe/50"}
  ]
}